id,stratum,psu,w,post_class1,post_class2,modal_class,max_posterior
1,1,1,2.2,0.9958891392658586,0.004110860734141233,1,0.9958891392658586
2,1,1,2.2,0.5818776054893087,0.41812239451069094,1,0.5818776054893087
3,1,1,2.2,0.32210682493521564,0.6778931750647844,2,0.6778931750647844
4,1,1,2.2,0.8465562530579034,0.15344374694209692,1,0.8465562530579034
5,1,1,2.2,0.999091454460467,9.085455395328752e-4,1,0.999091454460467
6,1,1,2.2,0.06094398545388855,0.9390560145461122,2,0.9390560145461122
7,1,1,2.2,0.17352393898248591,0.8264760610175136,2,0.8264760610175136
8,1,1,2.2,0.9231108454696545,0.07688915453034594,1,0.9231108454696545
9,1,1,2.2,0.007279882445591381,0.9927201175544085,2,0.9927201175544085
10,1,1,2.2,0.615186461855367,0.38481353814463326,1,0.615186461855367
11,1,1,2.2,0.0017013250687771936,0.9982986749312232,2,0.9982986749312232
12,1,1,2.2,0.9801825640518097,0.019817435948191055,1,0.9801825640518097
13,1,1,2.2,0.623408650590244,0.37659134940975575,1,0.623408650590244
14,1,1,2.2,0.40528650976680125,0.5947134902331991,2,0.5947134902331991
15,1,1,2.2,0.1323187356910215,0.867681264308978,2,0.867681264308978
16,1,1,2.2,0.970771263819345,0.029228736180654313,1,0.970771263819345
17,1,1,2.2,0.9637187768191708,0.03628122318082872,1,0.9637187768191708
18,1,1,2.2,0.17748124009502877,0.8225187599049719,2,0.8225187599049719
19,1,1,2.2,0.564041240267404,0.43595875973259673,1,0.564041240267404
20,1,1,2.2,0.047877032077227565,0.9521229679227727,2,0.9521229679227727
21,1,1,2.2,0.8939958355247744,0.106004164475225,1,0.8939958355247744
22,1,1,2.2,0.6414659556445185,0.3585340443554819,1,0.6414659556445185
23,1,1,2.2,0.26447054557830435,0.7355294544216953,2,0.7355294544216953
24,1,1,2.2,0.0015196859990162155,0.9984803140009838,2,0.9984803140009838
25,1,1,2.2,0.6661197880066193,0.3338802119933811,1,0.6661197880066193
26,1,1,2.2,0.9368698820919248,0.06313011790807602,1,0.9368698820919248
27,1,1,2.2,0.9233420285391124,0.07665797146088794,1,0.9233420285391124
28,1,1,2.2,0.07059131707279732,0.9294086829272034,2,0.9294086829272034
29,1,1,2.2,0.37651073913762756,0.6234892608623727,2,0.6234892608623727
30,1,1,2.2,0.9214793820958609,0.07852061790413989,1,0.9214793820958609
31,1,1,2.2,0.9762553175388283,0.023744682461171094,1,0.9762553175388283
32,1,1,2.2,0.020100839464469427,0.9798991605355307,2,0.9798991605355307
33,1,1,2.2,0.20187842541146653,0.7981215745885338,2,0.7981215745885338
34,1,1,2.2,0.003970926073101471,0.9960290739268983,2,0.9960290739268983
35,1,1,2.2,0.8907494170490352,0.1092505829509648,1,0.8907494170490352
36,1,1,2.2,0.24106559015158113,0.7589344098484181,2,0.7589344098484181
37,1,1,2.2,0.025355742335278944,0.9746442576647203,2,0.9746442576647203
38,1,1,2.2,0.9275009384074664,0.07249906159253357,1,0.9275009384074664
39,1,1,2.2,0.5973792092262594,0.4026207907737402,1,0.5973792092262594
40,1,1,2.2,0.448084746682858,0.5519152533171418,2,0.5519152533171418
41,1,1,2.2,0.36013458937548093,0.6398654106245188,2,0.6398654106245188
42,1,1,2.2,0.2557527456024674,0.7442472543975317,2,0.7442472543975317
43,1,1,2.2,0.20233238360417338,0.7976676163958268,2,0.7976676163958268
44,1,1,2.2,0.43923545327869135,0.5607645467213086,2,0.5607645467213086
45,1,1,2.2,0.03270220385554632,0.9672977961444537,2,0.9672977961444537
46,1,1,2.2,0.0033276664101703625,0.9966723335898295,2,0.9966723335898295
47,1,1,2.2,0.9764205868750591,0.02357941312494153,1,0.9764205868750591
48,1,1,2.2,0.9149580038416822,0.08504199615831685,1,0.9149580038416822
49,1,1,2.2,0.3147080273746973,0.6852919726253026,2,0.6852919726253026
50,1,1,2.2,0.04804628773031413,0.9519537122696858,2,0.9519537122696858
51,1,1,2.2,0.7221386069239912,0.27786139307600916,1,0.7221386069239912
52,1,1,2.2,0.7468830069045349,0.2531169930954653,1,0.7468830069045349
53,1,1,2.2,0.9948922513613315,0.005107748638668715,1,0.9948922513613315
54,1,1,2.2,0.9262037865792538,0.07379621342074583,1,0.9262037865792538
55,1,1,2.2,0.3990022050538593,0.6009977949461408,2,0.6009977949461408
56,1,1,2.2,0.9880617597931046,0.011938240206895802,1,0.9880617597931046
57,1,1,2.2,0.9942072719494534,0.005792728050546537,1,0.9942072719494534
58,1,1,2.2,0.05264931109523261,0.9473506889047671,2,0.9473506889047671
59,1,1,2.2,0.9502544681472135,0.04974553185278631,1,0.9502544681472135
60,1,1,2.2,0.02370070376211123,0.9762992962378888,2,0.9762992962378888
61,1,2,2.2,0.3219076402302699,0.67809235976973,2,0.67809235976973
62,1,2,2.2,0.9780872989479651,0.021912701052034814,1,0.9780872989479651
63,1,2,2.2,0.9964102750815137,0.003589724918486158,1,0.9964102750815137
64,1,2,2.2,0.8542507837840871,0.1457492162159122,1,0.8542507837840871
65,1,2,2.2,0.48486518236688153,0.5151348176331183,2,0.5151348176331183
66,1,2,2.2,0.013316811543365626,0.9866831884566336,2,0.9866831884566336
67,1,2,2.2,0.9883116080955539,0.011688391904446233,1,0.9883116080955539
68,1,2,2.2,0.030484970088663868,0.9695150299113354,2,0.9695150299113354
69,1,2,2.2,0.9931343795848742,0.006865620415125629,1,0.9931343795848742
70,1,2,2.2,0.7147744159848445,0.2852255840151551,1,0.7147744159848445
71,1,2,2.2,0.9778239551849456,0.02217604481505397,1,0.9778239551849456
72,1,2,2.2,0.9758111540435531,0.0241888459564471,1,0.9758111540435531
73,1,2,2.2,0.9939228451275617,0.006077154872438278,1,0.9939228451275617
74,1,2,2.2,0.883921670599653,0.11607832940034674,1,0.883921670599653
75,1,2,2.2,0.02925780379816821,0.9707421962018313,2,0.9707421962018313
76,1,2,2.2,0.9995452459456807,4.547540543193796e-4,1,0.9995452459456807
77,1,2,2.2,0.7554708792684471,0.2445291207315532,1,0.7554708792684471
78,1,2,2.2,0.8619218539405682,0.13807814605943167,1,0.8619218539405682
79,1,2,2.2,0.593539846691144,0.40646015330885504,1,0.593539846691144
80,1,2,2.2,0.9461045979182312,0.05389540208176877,1,0.9461045979182312
81,1,2,2.2,0.010019570026361823,0.9899804299736378,2,0.9899804299736378
82,1,2,2.2,0.9885072563117265,0.011492743688273318,1,0.9885072563117265
83,1,2,2.2,0.997497680113255,0.0025023198867452877,1,0.997497680113255
84,1,2,2.2,0.985084935992309,0.01491506400769106,1,0.985084935992309
85,1,2,2.2,0.20714997379521957,0.7928500262047801,2,0.7928500262047801
86,1,2,2.2,0.9625189587925761,0.03748104120742386,1,0.9625189587925761
87,1,2,2.2,0.6643394241498269,0.3356605758501724,1,0.6643394241498269
88,1,2,2.2,0.9895052159917628,0.010494784008237364,1,0.9895052159917628
89,1,2,2.2,0.5057143409417313,0.49428565905826816,1,0.5057143409417313
90,1,2,2.2,0.6017640167650166,0.3982359832349826,1,0.6017640167650166
91,1,2,2.2,0.7111695309661914,0.2888304690338094,1,0.7111695309661914
92,1,2,2.2,0.07883362617553225,0.9211663738244676,2,0.9211663738244676
93,1,2,2.2,0.8204014395436979,0.17959856045630165,1,0.8204014395436979
94,1,2,2.2,0.47890464733822846,0.5210953526617724,2,0.5210953526617724
95,1,2,2.2,0.5453289556154128,0.454671044384587,1,0.5453289556154128
96,1,2,2.2,0.9090968729491136,0.0909031270508864,1,0.9090968729491136
97,1,2,2.2,0.9672670051259471,0.03273299487405329,1,0.9672670051259471
98,1,2,2.2,0.1948921048041127,0.805107895195888,2,0.805107895195888
99,1,2,2.2,0.8962059595283124,0.10379404047168765,1,0.8962059595283124
100,1,2,2.2,0.917217894212624,0.0827821057873762,1,0.917217894212624
101,1,2,2.2,0.06257388551536602,0.9374261144846332,2,0.9374261144846332
102,1,2,2.2,0.9802043108115409,0.019795689188459347,1,0.9802043108115409
103,1,2,2.2,0.9204575987289604,0.07954240127104,1,0.9204575987289604
104,1,2,2.2,8.073116973083214e-4,0.9991926883026917,2,0.9991926883026917
105,1,2,2.2,0.09747840291931012,0.9025215970806891,2,0.9025215970806891
106,1,2,2.2,0.5437425488073355,0.456257451192665,1,0.5437425488073355
107,1,2,2.2,0.9960567383323651,0.003943261667635007,1,0.9960567383323651
108,1,2,2.2,0.5497815206606043,0.45021847933939585,1,0.5497815206606043
109,1,2,2.2,0.8437791731245221,0.15622082687547797,1,0.8437791731245221
110,1,2,2.2,0.9299997027726968,0.07000029722730283,1,0.9299997027726968
111,1,2,2.2,0.8545646985708577,0.1454353014291416,1,0.8545646985708577
112,1,2,2.2,0.9773310239048758,0.022668976095124426,1,0.9773310239048758
113,1,2,2.2,0.027766537493295385,0.9722334625067043,2,0.9722334625067043
114,1,2,2.2,0.4697209175144245,0.5302790824855761,2,0.5302790824855761
115,1,2,2.2,0.5567152970845464,0.4432847029154531,1,0.5567152970845464
116,1,2,2.2,0.06200241679880646,0.9379975832011931,2,0.9379975832011931
117,1,2,2.2,0.9951414452008658,0.004858554799133854,1,0.9951414452008658
118,1,2,2.2,0.009704904901226212,0.9902950950987741,2,0.9902950950987741
119,1,2,2.2,0.05672208683017242,0.9432779131698273,2,0.9432779131698273
120,1,2,2.2,0.9955416778808406,0.004458322119159284,1,0.9955416778808406
121,2,3,2,0.05836192263455101,0.941638077365449,2,0.941638077365449
122,2,3,2,0.004487239168108443,0.9955127608318914,2,0.9955127608318914
123,2,3,2,0.9744016117116648,0.025598388288334998,1,0.9744016117116648
124,2,3,2,0.9483763373571935,0.05162366264280702,1,0.9483763373571935
125,2,3,2,0.7731649265534107,0.22683507344658888,1,0.7731649265534107
126,2,3,2,0.020746466266208814,0.9792535337337909,2,0.9792535337337909
127,2,3,2,0.8924306130262517,0.10756938697374846,1,0.8924306130262517
128,2,3,2,0.21368031423976333,0.7863196857602373,2,0.7863196857602373
129,2,3,2,0.046108618181643794,0.9538913818183566,2,0.9538913818183566
130,2,3,2,0.11341749602513496,0.8865825039748644,2,0.8865825039748644
131,2,3,2,0.13722034840308264,0.8627796515969175,2,0.8627796515969175
132,2,3,2,0.9808847872688244,0.019115212731174634,1,0.9808847872688244
133,2,3,2,0.04309413827054793,0.9569058617294517,2,0.9569058617294517
134,2,3,2,0.0044373444279527914,0.9955626555720468,2,0.9955626555720468
135,2,3,2,0.40112280124030497,0.5988771987596956,2,0.5988771987596956
136,2,3,2,0.007949977857962073,0.992050022142038,2,0.992050022142038
137,2,3,2,0.0012395077568214277,0.998760492243179,2,0.998760492243179
138,2,3,2,0.7573399374747696,0.2426600625252297,1,0.7573399374747696
139,2,3,2,0.9332756777224538,0.06672432227754578,1,0.9332756777224538
140,2,3,2,0.6230550774087151,0.3769449225912855,1,0.6230550774087151
141,2,3,2,0.8286389317278965,0.17136106827210362,1,0.8286389317278965
142,2,3,2,0.9526409798105234,0.04735902018947627,1,0.9526409798105234
143,2,3,2,0.9451410239667829,0.05485897603321716,1,0.9451410239667829
144,2,3,2,0.7808808729331739,0.21911912706682615,1,0.7808808729331739
145,2,3,2,0.9895095405957235,0.010490459404277098,1,0.9895095405957235
146,2,3,2,0.12295126322160695,0.8770487367783939,2,0.8770487367783939
147,2,3,2,0.10110194192286784,0.8988980580771316,2,0.8988980580771316
148,2,3,2,0.9971267989717761,0.0028732010282237442,1,0.9971267989717761
149,2,3,2,0.587922359914532,0.4120776400854671,1,0.587922359914532
150,2,3,2,0.4917844528414612,0.5082155471585387,2,0.5082155471585387
151,2,3,2,0.01850486800706198,0.9814951319929376,2,0.9814951319929376
152,2,3,2,0.013625787478017914,0.986374212521982,2,0.986374212521982
153,2,3,2,0.9316939913130567,0.06830600868694342,1,0.9316939913130567
154,2,3,2,0.5404439588276531,0.4595560411723462,1,0.5404439588276531
155,2,3,2,0.926972916698328,0.07302708330167255,1,0.926972916698328
156,2,3,2,0.8796762698704286,0.12032373012957139,1,0.8796762698704286
157,2,3,2,0.9572133405902021,0.042786659409797784,1,0.9572133405902021
158,2,3,2,0.8962059595283124,0.10379404047168765,1,0.8962059595283124
159,2,3,2,0.8343980495038587,0.16560195049614132,1,0.8343980495038587
160,2,3,2,0.014770620171339833,0.9852293798286599,2,0.9852293798286599
161,2,3,2,0.5242305618172719,0.4757694381827285,1,0.5242305618172719
162,2,3,2,0.6445840902456275,0.35541590975437215,1,0.6445840902456275
163,2,3,2,0.936226054976333,0.06377394502366661,1,0.936226054976333
164,2,3,2,0.04825713404723795,0.9517428659527623,2,0.9517428659527623
165,2,3,2,0.3829267741546937,0.61707322584530655,2,0.61707322584530655
166,2,3,2,0.05192933285396094,0.9480706671460395,2,0.9480706671460395
167,2,3,2,0.0027470510113365163,0.9972529489886632,2,0.9972529489886632
168,2,3,2,0.9302108605716919,0.06978913942830857,1,0.9302108605716919
169,2,3,2,0.002542498987782618,0.9974575010122178,2,0.9974575010122178
170,2,3,2,0.0014715633862522678,0.9985284366137478,2,0.9985284366137478
171,2,3,2,0.9976108606191522,0.002389139380847578,1,0.9976108606191522
172,2,3,2,0.8279805885747218,0.1720194114252782,1,0.8279805885747218
173,2,3,2,0.9901026984863942,0.009897301513605381,1,0.9901026984863942
174,2,3,2,0.781181940206179,0.21881805979382182,1,0.781181940206179
175,2,3,2,6.008467515936344e-4,0.999399153248406,2,0.999399153248406
176,2,3,2,0.981217647575187,0.01878235242481272,1,0.981217647575187
177,2,3,2,0.9991008289632335,8.991710367665241e-4,1,0.9991008289632335
178,2,3,2,0.9870741929140903,0.01292580708590904,1,0.9870741929140903
179,2,3,2,0.3679668806418517,0.6320331193581477,2,0.6320331193581477
180,2,3,2,0.5676559441962106,0.43234405580379004,1,0.5676559441962106
181,2,4,2,0.050849320165970144,0.9491506798340293,2,0.9491506798340293
182,2,4,2,0.3768980322548033,0.6231019677451969,2,0.6231019677451969
183,2,4,2,0.9784570060392549,0.021542993960745188,1,0.9784570060392549
184,2,4,2,0.9949553181467959,0.005044681853203904,1,0.9949553181467959
185,2,4,2,0.7406901521863353,0.2593098478136653,1,0.7406901521863353
186,2,4,2,0.1403285302713818,0.859671469728618,2,0.859671469728618
187,2,4,2,0.9921414187372172,0.0078585812627824,1,0.9921414187372172
188,2,4,2,0.03287454522732454,0.9671254547726759,2,0.9671254547726759
189,2,4,2,0.09014199500232702,0.9098580049976739,2,0.9098580049976739
190,2,4,2,0.801684762134896,0.19831523786510313,1,0.801684762134896
191,2,4,2,0.697810009971187,0.3021899900288132,1,0.697810009971187
192,2,4,2,0.019454248567172764,0.9805457514328279,2,0.9805457514328279
193,2,4,2,0.003925668011474802,0.9960743319885256,2,0.9960743319885256
194,2,4,2,0.9559212488827153,0.04407875111728466,1,0.9559212488827153
195,2,4,2,0.6988028967956973,0.3011971032043022,1,0.6988028967956973
196,2,4,2,0.6314982470758387,0.3685017529241607,1,0.6314982470758387
197,2,4,2,0.009485205085834152,0.9905147949141657,2,0.9905147949141657
198,2,4,2,0.5979571420514103,0.4020428579485889,1,0.5979571420514103
199,2,4,2,0.9276725506605601,0.07232744933943949,1,0.9276725506605601
200,2,4,2,0.14775799061188216,0.8522420093881172,2,0.8522420093881172
201,2,4,2,0.8756240964844422,0.12437590351555722,1,0.8756240964844422
202,2,4,2,0.3356302652627772,0.6643697347372229,2,0.6643697347372229
203,2,4,2,0.020389288243362585,0.9796107117566374,2,0.9796107117566374
204,2,4,2,0.9673964102414723,0.03260358975852844,1,0.9673964102414723
205,2,4,2,0.2883205222961251,0.7116794777038742,2,0.7116794777038742
206,2,4,2,0.9873464336157542,0.012653566384246084,1,0.9873464336157542
207,2,4,2,0.06562731656895082,0.9343726834310498,2,0.9343726834310498
208,2,4,2,0.993755851992457,0.00624414800754345,1,0.993755851992457
209,2,4,2,0.9971267989717761,0.0028732010282237442,1,0.9971267989717761
210,2,4,2,0.6529429618393785,0.34705703816062167,1,0.6529429618393785
211,2,4,2,0.9994123020974474,5.876979025529876e-4,1,0.9994123020974474
212,2,4,2,0.7026650161456832,0.2973349838543174,1,0.7026650161456832
213,2,4,2,0.8757981012405627,0.12420189875943664,1,0.8757981012405627
214,2,4,2,0.1473306293952582,0.8526693706047417,2,0.8526693706047417
215,2,4,2,0.9961418001896,0.00385819981040023,1,0.9961418001896
216,2,4,2,0.8820998412943042,0.11790015870569576,1,0.8820998412943042
217,2,4,2,0.07241655041621914,0.9275834495837805,2,0.9275834495837805
218,2,4,2,0.05836192263455101,0.941638077365449,2,0.941638077365449
219,2,4,2,0.00225856420731697,0.9977414357926827,2,0.9977414357926827
220,2,4,2,0.7993087718713444,0.20069122812865547,1,0.7993087718713444
221,2,4,2,0.013918685934925045,0.9860813140650742,2,0.9860813140650742
222,2,4,2,0.9908299387374342,0.009170061262566738,1,0.9908299387374342
223,2,4,2,0.018019200607737644,0.9819807993922617,2,0.9819807993922617
224,2,4,2,0.9960666376346933,0.003933362365306365,1,0.9960666376346933
225,2,4,2,0.8146109718914724,0.18538902810852803,1,0.8146109718914724
226,2,4,2,0.9924535295416664,0.0075464704583339615,1,0.9924535295416664
227,2,4,2,0.9915196301347916,0.00848036986520801,1,0.9915196301347916
228,2,4,2,0.031448135358810386,0.9685518646411896,2,0.9685518646411896
229,2,4,2,0.00516221424493048,0.9948377857550695,2,0.9948377857550695
230,2,4,2,0.02054340834186998,0.9794565916581304,2,0.9794565916581304
231,2,4,2,0.6763984693001477,0.3236015306998517,1,0.6763984693001477
232,2,4,2,0.06869434213281314,0.9313056578671862,2,0.9313056578671862
233,2,4,2,0.8511653238565017,0.14883467614349774,1,0.8511653238565017
234,2,4,2,0.3548097607671969,0.645190239232803,2,0.645190239232803
235,2,4,2,0.9994123020974474,5.876979025529876e-4,1,0.9994123020974474
236,2,4,2,0.46394085235679117,0.5360591476432082,2,0.5360591476432082
237,2,4,2,0.9944203829317401,0.00557961706825975,1,0.9944203829317401
238,2,4,2,0.15888141371027006,0.8411185862897292,2,0.8411185862897292
239,2,4,2,0.10006213599155837,0.8999378640084419,2,0.8999378640084419
240,2,4,2,0.9908329403255209,0.00916705967447868,1,0.9908329403255209
241,3,5,1.8,0.9986600463613641,0.0013399536386363372,1,0.9986600463613641
242,3,5,1.8,0.45499741765570595,0.5450025823442946,2,0.5450025823442946
243,3,5,1.8,0.9996936431606473,3.0635683935281325e-4,1,0.9996936431606473
244,3,5,1.8,0.831660387878804,0.16833961212119677,1,0.831660387878804
245,3,5,1.8,0.14929609933598606,0.850703900664014,2,0.850703900664014
246,3,5,1.8,0.13600342693611575,0.8639965730638839,2,0.8639965730638839
247,3,5,1.8,0.669157985024912,0.33084201497508753,1,0.669157985024912
248,3,5,1.8,0.9493308337674937,0.05066916623250577,1,0.9493308337674937
249,3,5,1.8,0.15062461210760475,0.849375387892396,2,0.849375387892396
250,3,5,1.8,0.005475756203769843,0.9945242437962298,2,0.9945242437962298
251,3,5,1.8,0.9986777613846682,0.0013222386153317056,1,0.9986777613846682
252,3,5,1.8,0.013859954184109168,0.9861400458158917,2,0.9861400458158917
253,3,5,1.8,0.001200246646773259,0.9987997533532267,2,0.9987997533532267
254,3,5,1.8,0.9932247444667299,0.006775255533270152,1,0.9932247444667299
255,3,5,1.8,0.8606353639700061,0.1393646360299935,1,0.8606353639700061
256,3,5,1.8,0.015076488820732507,0.9849235111792682,2,0.9849235111792682
257,3,5,1.8,0.9908329403255209,0.00916705967447868,1,0.9908329403255209
258,3,5,1.8,0.9986884175743467,0.0013115824256532628,1,0.9986884175743467
259,3,5,1.8,0.9982321332805885,0.0017678667194115194,1,0.9982321332805885
260,3,5,1.8,0.9450935576642009,0.05490644233579982,1,0.9450935576642009
261,3,5,1.8,0.11864119650559819,0.8813588034944021,2,0.8813588034944021
262,3,5,1.8,0.3691901569915997,0.6308098430084,2,0.6308098430084
263,3,5,1.8,0.6623912932989586,0.3376087067010405,1,0.6623912932989586
264,3,5,1.8,0.006629275551944267,0.9933707244480556,2,0.9933707244480556
265,3,5,1.8,0.9826285303987378,0.017371469601262526,1,0.9826285303987378
266,3,5,1.8,0.04105805829519161,0.9589419417048081,2,0.9589419417048081
267,3,5,1.8,0.9687949481790614,0.031205051820938755,1,0.9687949481790614
268,3,5,1.8,0.3406284636105756,0.6593715363894244,2,0.6593715363894244
269,3,5,1.8,0.9077152195525678,0.09228478044743268,1,0.9077152195525678
270,3,5,1.8,0.9892239483902273,0.010776051609772448,1,0.9892239483902273
271,3,5,1.8,0.30755543316698997,0.6924445668330097,2,0.6924445668330097
272,3,5,1.8,0.08301893656189022,0.9169810634381098,2,0.9169810634381098
273,3,5,1.8,0.06985123201857242,0.9301487679814284,2,0.9301487679814284
274,3,5,1.8,0.06755321812274233,0.9324467818772572,2,0.9324467818772572
275,3,5,1.8,0.27051564664406075,0.7294843533559392,2,0.7294843533559392
276,3,5,1.8,0.9900974720951834,0.00990252790481613,1,0.9900974720951834
277,3,5,1.8,0.7330032902384024,0.26699670976159756,1,0.7330032902384024
278,3,5,1.8,0.993271045753913,0.006728954246087279,1,0.993271045753913
279,3,5,1.8,0.797327495908563,0.2026725040914367,1,0.797327495908563
280,3,5,1.8,0.0195515887689764,0.9804484112310238,2,0.9804484112310238
281,3,5,1.8,0.9986241674500738,0.0013758325499261827,1,0.9986241674500738
282,3,5,1.8,0.8638995402541856,0.13610045974581478,1,0.8638995402541856
283,3,5,1.8,0.2632888013796807,0.7367111986203192,2,0.7367111986203192
284,3,5,1.8,0.9865887034292236,0.013411296570776578,1,0.9865887034292236
285,3,5,1.8,0.9414695526444633,0.05853044735553663,1,0.9414695526444633
286,3,5,1.8,0.9882904814663007,0.011709518533699807,1,0.9882904814663007
287,3,5,1.8,0.0014692074586012082,0.9985307925413984,2,0.9985307925413984
288,3,5,1.8,0.025125914835375403,0.9748740851646249,2,0.9748740851646249
289,3,5,1.8,0.5015163216771642,0.4984836783228365,1,0.5015163216771642
290,3,5,1.8,0.846907562988412,0.1530924370115875,1,0.846907562988412
291,3,5,1.8,0.28200780623367383,0.7179921937663268,2,0.7179921937663268
292,3,5,1.8,0.9295071164100412,0.07049288358995892,1,0.9295071164100412
293,3,5,1.8,0.8046251003627558,0.19537489963724394,1,0.8046251003627558
294,3,5,1.8,0.9118888420715018,0.08811115792849779,1,0.9118888420715018
295,3,5,1.8,0.9688980704881395,0.031101929511860787,1,0.9688980704881395
296,3,5,1.8,0.9941072187621603,0.005892781237839986,1,0.9941072187621603
297,3,5,1.8,0.03084121672958185,0.9691587832704179,2,0.9691587832704179
298,3,5,1.8,0.6649269273732946,0.3350730726267056,1,0.6649269273732946
299,3,5,1.8,0.008425779380695463,0.9915742206193042,2,0.9915742206193042
300,3,5,1.8,0.9431490575388493,0.056850942461151376,1,0.9431490575388493
301,3,6,1.8,0.25186277157933845,0.7481372284206623,2,0.7481372284206623
302,3,6,1.8,0.9505283387728765,0.049471661227123424,1,0.9505283387728765
303,3,6,1.8,0.9905392783734384,0.009460721626561952,1,0.9905392783734384
304,3,6,1.8,0.052903787249427646,0.9470962127505722,2,0.9470962127505722
305,3,6,1.8,0.7605178721627314,0.23948212783726913,1,0.7605178721627314
306,3,6,1.8,0.2743548851293088,0.7256451148706916,2,0.7256451148706916
307,3,6,1.8,0.889330325268743,0.11066967473125781,1,0.889330325268743
308,3,6,1.8,0.05621437900120653,0.9437856209987937,2,0.9437856209987937
309,3,6,1.8,0.29095105505637603,0.7090489449436231,2,0.7090489449436231
310,3,6,1.8,0.9871580548333022,0.012841945166697887,1,0.9871580548333022
311,3,6,1.8,0.9688447956993201,0.031155204300678953,1,0.9688447956993201
312,3,6,1.8,0.7945614762573837,0.20543852374261634,1,0.7945614762573837
313,3,6,1.8,0.2502792644666938,0.749720735533306,2,0.749720735533306
314,3,6,1.8,0.5877577979287671,0.4122422020712327,1,0.5877577979287671
315,3,6,1.8,0.01592867929172349,0.9840713207082756,2,0.9840713207082756
316,3,6,1.8,0.9905192967420372,0.009480703257963045,1,0.9905192967420372
317,3,6,1.8,0.9633657953851863,0.03663420461481401,1,0.9633657953851863
318,3,6,1.8,0.8738159316446591,0.12618406835534118,1,0.8738159316446591
319,3,6,1.8,0.96382423120995675,0.03617576879004249,1,0.96382423120995675
320,3,6,1.8,0.484308709861948,0.5156912901380524,2,0.5156912901380524
321,3,6,1.8,0.9947077318180363,0.0052922681819638625,1,0.9947077318180363
322,3,6,1.8,0.06345962662769397,0.9365403733723066,2,0.9365403733723066
323,3,6,1.8,0.01128221439241273,0.9887177856075872,2,0.9887177856075872
324,3,6,1.8,0.999097044600398,9.029553996023263e-4,1,0.999097044600398
325,3,6,1.8,0.002320686945691802,0.997679313054308,2,0.997679313054308
326,3,6,1.8,0.7537534242452668,0.24624657575473335,1,0.7537534242452668
327,3,6,1.8,0.8643637509237103,0.13563624907628996,1,0.8643637509237103
328,3,6,1.8,0.8293487919806716,0.17065120801932848,1,0.8293487919806716
329,3,6,1.8,0.014590094818984035,0.985409905181016,2,0.985409905181016
330,3,6,1.8,0.7975850602951522,0.20241493970484792,1,0.7975850602951522
331,3,6,1.8,0.020126939385562485,0.9798730606144375,2,0.9798730606144375
332,3,6,1.8,0.7096999539532162,0.29030004604678455,1,0.7096999539532162
333,3,6,1.8,0.9813765407298448,0.018623459270154793,1,0.9813765407298448
334,3,6,1.8,0.38893806117209717,0.6110619388279028,2,0.6110619388279028
335,3,6,1.8,0.20051744124728796,0.7994825587527121,2,0.7994825587527121
336,3,6,1.8,0.687937057902006,0.31206294209799434,1,0.687937057902006
337,3,6,1.8,0.31079559534244555,0.6892044046575542,2,0.6892044046575542
338,3,6,1.8,0.8117196864316468,0.18828031356835265,1,0.8117196864316468
339,3,6,1.8,0.43556860588124513,0.5644313941187543,2,0.5644313941187543
340,3,6,1.8,0.9310662420526433,0.06893375794735682,1,0.9310662420526433
341,3,6,1.8,0.4203114677475211,0.5796885322524783,2,0.5796885322524783
342,3,6,1.8,0.8353323791412749,0.16466762085872488,1,0.8353323791412749
343,3,6,1.8,0.0010087199809653328,0.9989912800190349,2,0.9989912800190349
344,3,6,1.8,0.35368290355426524,0.6463170964457344,2,0.6463170964457344
345,3,6,1.8,0.96382423120995675,0.03617576879004249,1,0.96382423120995675
346,3,6,1.8,0.17248166640776036,0.8275183335922394,2,0.8275183335922394
347,3,6,1.8,0.08295557250819485,0.9170444274918043,2,0.9170444274918043
348,3,6,1.8,0.02315763364141642,0.9768423663585845,2,0.9768423663585845
349,3,6,1.8,0.1404228712384341,0.8595771287615661,2,0.8595771287615661
350,3,6,1.8,0.22308006648073875,0.7769199335192616,2,0.7769199335192616
351,3,6,1.8,0.9936455878016822,0.006354412198318036,1,0.9936455878016822
352,3,6,1.8,0.9974546874570281,0.002545312542971429,1,0.9974546874570281
353,3,6,1.8,0.05306180552554175,0.9469381944744589,2,0.9469381944744589
354,3,6,1.8,0.027589810670501452,0.972410189329499,2,0.972410189329499
355,3,6,1.8,0.9959817821354974,0.004018217864502999,1,0.9959817821354974
356,3,6,1.8,0.9949774985635101,0.005022501436490087,1,0.9949774985635101
357,3,6,1.8,0.967072122569456,0.03292787743054428,1,0.967072122569456
358,3,6,1.8,0.02823906018580628,0.9717609398141935,2,0.9717609398141935
359,3,6,1.8,0.16046128992700043,0.839538710072999,2,0.839538710072999
360,3,6,1.8,0.5131138777073923,0.4868861222926073,1,0.5131138777073923
361,4,7,1.6,0.007603635142295462,0.9923963648577044,2,0.9923963648577044
362,4,7,1.6,0.3519816399434531,0.6480183600565476,2,0.6480183600565476
363,4,7,1.6,0.9810360788884387,0.018963921111560925,1,0.9810360788884387
364,4,7,1.6,0.06459845612841064,0.9354015438715901,2,0.9354015438715901
365,4,7,1.6,0.5524034842168304,0.44759651578317033,1,0.5524034842168304
366,4,7,1.6,0.028772519366156872,0.9712274806338436,2,0.9712274806338436
367,4,7,1.6,0.9902446073489168,0.009755392651083503,1,0.9902446073489168
368,4,7,1.6,0.9116884429753349,0.08831155702466549,1,0.9116884429753349
369,4,7,1.6,0.22115627598456686,0.7788437240154332,2,0.7788437240154332
370,4,7,1.6,0.9991896923190707,8.10307680929166e-4,1,0.9991896923190707
371,4,7,1.6,0.9784570060392549,0.021542993960745188,1,0.9784570060392549
372,4,7,1.6,0.9987728723943512,0.001227127605648762,1,0.9987728723943512
373,4,7,1.6,0.981686901318024,0.01831309868197642,1,0.981686901318024
374,4,7,1.6,0.012240956901267223,0.9877590430987325,2,0.9877590430987325
375,4,7,1.6,0.6169042980202647,0.38309570197973564,1,0.6169042980202647
376,4,7,1.6,0.4898624754721314,0.5101375245278683,2,0.5101375245278683
377,4,7,1.6,0.7790137443914404,0.2209862556085588,1,0.7790137443914404
378,4,7,1.6,0.016342196523999618,0.9836578034760011,2,0.9836578034760011
379,4,7,1.6,0.8940455482384343,0.1059544517615665,1,0.8940455482384343
380,4,7,1.6,0.736021285273618,0.263978714726382,1,0.736021285273618
381,4,7,1.6,0.7773629383279689,0.2226370616720313,1,0.7773629383279689
382,4,7,1.6,0.9934080112986701,0.006591988701330082,1,0.9934080112986701
383,4,7,1.6,6.008467515936344e-4,0.999399153248406,2,0.999399153248406
384,4,7,1.6,0.4814285013933324,0.518571498606667,2,0.518571498606667
385,4,7,1.6,0.8830830858200994,0.1169169141799013,1,0.8830830858200994
386,4,7,1.6,0.9976306955810431,0.0023693044189566537,1,0.9976306955810431
387,4,7,1.6,0.8002816358196404,0.19971836418035985,1,0.8002816358196404
388,4,7,1.6,0.39019685230561746,0.6098031476943819,2,0.6098031476943819
389,4,7,1.6,0.129477267435456,0.8705227325645434,2,0.8705227325645434
390,4,7,1.6,0.4032389758116124,0.5967610241883885,2,0.5967610241883885
391,4,7,1.6,0.9958178258823007,0.004182174117699022,1,0.9958178258823007
392,4,7,1.6,0.969990506087708,0.03000949391229209,1,0.969990506087708
393,4,7,1.6,0.1679035946900166,0.8320964053099826,2,0.8320964053099826
394,4,7,1.6,0.017185518700711465,0.9828144812992893,2,0.9828144812992893
395,4,7,1.6,0.012457472630032626,0.9875425273699675,2,0.9875425273699675
396,4,7,1.6,0.5695268562949075,0.43047314370509293,1,0.5695268562949075
397,4,7,1.6,0.00560407681723793,0.9943959231827618,2,0.9943959231827618
398,4,7,1.6,0.6647215166778022,0.3352784833221985,1,0.6647215166778022
399,4,7,1.6,0.3621547731791886,0.6378452268208106,2,0.6378452268208106
400,4,7,1.6,0.2179537919258182,0.782046208074182,2,0.782046208074182
401,4,7,1.6,0.6963458237575011,0.30365417624249896,1,0.6963458237575011
402,4,7,1.6,0.656503730311574,0.34349626968842584,1,0.656503730311574
403,4,7,1.6,0.9258137269768052,0.07418627302319407,1,0.9258137269768052
404,4,7,1.6,0.11076199433762726,0.8892380056623733,2,0.8892380056623733
405,4,7,1.6,0.42102330487360723,0.5789766951263927,2,0.5789766951263927
406,4,7,1.6,0.015322398026727496,0.9846776019732721,2,0.9846776019732721
407,4,7,1.6,0.026957315203521504,0.9730426847964783,2,0.9730426847964783
408,4,7,1.6,0.16906063421445247,0.8309393657855471,2,0.8309393657855471
409,4,7,1.6,0.7641092339531622,0.23589076604683745,1,0.7641092339531622
410,4,7,1.6,0.9898762689744935,0.010123731025506675,1,0.9898762689744935
411,4,7,1.6,0.9898125152352919,0.010187484764708299,1,0.9898125152352919
412,4,7,1.6,0.060353565300605316,0.9396464346993948,2,0.9396464346993948
413,4,7,1.6,0.014080017010259892,0.9859199829897405,2,0.9859199829897405
414,4,7,1.6,0.9811664978823208,0.018833502117678987,1,0.9811664978823208
415,4,7,1.6,0.09777271661138377,0.9022272833886157,2,0.9022272833886157
416,4,7,1.6,0.19613249537956656,0.8038675046204339,2,0.8038675046204339
417,4,7,1.6,0.9256688382776861,0.07433116172231384,1,0.9256688382776861
418,4,7,1.6,0.08440266960707987,0.9155973303929199,2,0.9155973303929199
419,4,7,1.6,0.9901383145670618,0.009861685432937795,1,0.9901383145670618
420,4,7,1.6,0.5057143409417313,0.49428565905826816,1,0.5057143409417313
421,4,8,1.6,0.30870159807964803,0.6912984019203527,2,0.6912984019203527
422,4,8,1.6,0.023742970598632996,0.9762570294013677,2,0.9762570294013677
423,4,8,1.6,0.6833621548197807,0.3166378451802184,1,0.6833621548197807
424,4,8,1.6,0.11915587209803741,0.880844127901963,2,0.880844127901963
425,4,8,1.6,0.017761197875293764,0.9822388021247054,2,0.9822388021247054
426,4,8,1.6,0.017490514702152894,0.9825094852978472,2,0.9825094852978472
427,4,8,1.6,0.3623497888208168,0.637650211179183,2,0.637650211179183
428,4,8,1.6,0.09900437170202826,0.9009956282979711,2,0.9009956282979711
429,4,8,1.6,0.5620304989943989,0.43796950100560195,1,0.5620304989943989
430,4,8,1.6,0.6879923178806812,0.31200768211931895,1,0.6879923178806812
431,4,8,1.6,0.9978958714266055,0.0021041285733942755,1,0.9978958714266055
432,4,8,1.6,0.40829750569013795,0.591702494309862,2,0.591702494309862
433,4,8,1.6,0.9392668709329993,0.06073312906699992,1,0.9392668709329993
434,4,8,1.6,0.1449299739503142,0.8550700260496856,2,0.8550700260496856
435,4,8,1.6,0.6677517504116353,0.33224824958836435,1,0.6677517504116353
436,4,8,1.6,0.9938199394608698,0.0061800605391303595,1,0.9938199394608698
437,4,8,1.6,0.910763612487748,0.08923638751225164,1,0.910763612487748
438,4,8,1.6,0.15867611727556583,0.8413238827244343,2,0.8413238827244343
439,4,8,1.6,0.9973252926898111,0.0026747073101892316,1,0.9973252926898111
440,4,8,1.6,0.14634732293362793,0.8536526770663727,2,0.8536526770663727
441,4,8,1.6,0.39037020222982044,0.6096297977701792,2,0.6096297977701792
442,4,8,1.6,0.13445493748610512,0.8655450625138953,2,0.8655450625138953
443,4,8,1.6,0.005161120204650649,0.9948388797953492,2,0.9948388797953492
444,4,8,1.6,0.4734948925315688,0.5265051074684313,2,0.5265051074684313
445,4,8,1.6,0.7686277317278841,0.23137226827211524,1,0.7686277317278841
446,4,8,1.6,0.009233444693727824,0.990766555306272,2,0.990766555306272
447,4,8,1.6,0.6103750973648311,0.38962490263516886,1,0.6103750973648311
448,4,8,1.6,0.49098658675425993,0.50901341324574,2,0.50901341324574
449,4,8,1.6,0.06746341946174964,0.9325365805382497,2,0.9325365805382497
450,4,8,1.6,0.38017327425095543,0.6198267257490437,2,0.6198267257490437
451,4,8,1.6,0.9993995800226878,6.004199773121881e-4,1,0.9993995800226878
452,4,8,1.6,0.1069239656957324,0.8930760343042677,2,0.8930760343042677
453,4,8,1.6,0.0015153870755799017,0.9984846129244203,2,0.9984846129244203
454,4,8,1.6,0.18020314176697488,0.8197968582330255,2,0.8197968582330255
455,4,8,1.6,0.002320686945691802,0.997679313054308,2,0.997679313054308
456,4,8,1.6,0.708673522178407,0.29132647782159254,1,0.708673522178407
457,4,8,1.6,0.993755851992457,0.00624414800754345,1,0.993755851992457
458,4,8,1.6,0.9900354080997776,0.00996459190022275,1,0.9900354080997776
459,4,8,1.6,0.9850956065189345,0.014904393481065996,1,0.9850956065189345
460,4,8,1.6,0.9978739611100611,0.002126038889938746,1,0.9978739611100611
461,4,8,1.6,0.9087488839629012,0.09125111603709929,1,0.9087488839629012
462,4,8,1.6,0.981686901318024,0.01831309868197642,1,0.981686901318024
463,4,8,1.6,0.023482937350821666,0.9765170626491785,2,0.9765170626491785
464,4,8,1.6,0.010158535843729945,0.9898414641562692,2,0.9898414641562692
465,4,8,1.6,0.987269852246245,0.012730147753755285,1,0.987269852246245
466,4,8,1.6,0.9986600463613641,0.0013399536386363372,1,0.9986600463613641
467,4,8,1.6,0.15651252136462374,0.8434874786353768,2,0.8434874786353768
468,4,8,1.6,0.25352976426602974,0.74647023573397,2,0.74647023573397
469,4,8,1.6,0.030340008183762247,0.9696599918162375,2,0.9696599918162375
470,4,8,1.6,0.9061254961233127,0.09387450387668705,1,0.9061254961233127
471,4,8,1.6,0.9826563402130403,0.017343659786959443,1,0.9826563402130403
472,4,8,1.6,0.9940851959641844,0.005914804035815947,1,0.9940851959641844
473,4,8,1.6,0.011268473933268753,0.9887315260667308,2,0.9887315260667308
474,4,8,1.6,0.003383477439990291,0.9966165225600095,2,0.9966165225600095
475,4,8,1.6,0.9764205868750591,0.02357941312494153,1,0.9764205868750591
476,4,8,1.6,0.9962404336727515,0.003759566327248599,1,0.9962404336727515
477,4,8,1.6,0.6751494234640767,0.3248505765359232,1,0.6751494234640767
478,4,8,1.6,0.08844693245111175,0.9115530675488877,2,0.9115530675488877
479,4,8,1.6,0.9947077318180363,0.0052922681819638625,1,0.9947077318180363
480,4,8,1.6,0.9540027292209553,0.04599727077904486,1,0.9540027292209553
481,5,9,1.4,0.9171236146125371,0.08287638538746321,1,0.9171236146125371
482,5,9,1.4,0.49483839664155843,0.5051616033584412,2,0.5051616033584412
483,5,9,1.4,0.3742488815026854,0.6257511184973141,2,0.6257511184973141
484,5,9,1.4,0.3353047651890058,0.6646952348109942,2,0.6646952348109942
485,5,9,1.4,0.9572133405902021,0.042786659409797784,1,0.9572133405902021
486,5,9,1.4,0.9967816367637329,0.0032183632362667424,1,0.9967816367637329
487,5,9,1.4,0.9977064926259308,0.0022935073740690806,1,0.9977064926259308
488,5,9,1.4,0.960687139348475,0.03931286065152476,1,0.960687139348475
489,5,9,1.4,0.9604548497321201,0.03954515026787984,1,0.9604548497321201
490,5,9,1.4,0.9531323016156177,0.04686769838438312,1,0.9531323016156177
491,5,9,1.4,0.8558780116425498,0.14412198835744938,1,0.8558780116425498
492,5,9,1.4,0.9649456770952722,0.03505432290472805,1,0.9649456770952722
493,5,9,1.4,0.7926584861468873,0.20734151385311297,1,0.7926584861468873
494,5,9,1.4,0.9964400419001418,0.0035599580998583184,1,0.9964400419001418
495,5,9,1.4,0.0070670175507964155,0.9929329824492039,2,0.9929329824492039
496,5,9,1.4,0.01211984881200087,0.9878801511879989,2,0.9878801511879989
497,5,9,1.4,0.6385271271576802,0.36147287284232016,1,0.6385271271576802
498,5,9,1.4,0.9840614774409335,0.01593852255906677,1,0.9840614774409335
499,5,9,1.4,0.011633239600110803,0.988366760399889,2,0.988366760399889
500,5,9,1.4,0.9841113137114804,0.01588868628851935,1,0.9841113137114804
501,5,9,1.4,0.007426694947819205,0.992573305052181,2,0.992573305052181
502,5,9,1.4,0.7233387373715926,0.27666126262840657,1,0.7233387373715926
503,5,9,1.4,0.980799588314782,0.019200411685218136,1,0.980799588314782
504,5,9,1.4,0.006144934089393986,0.993855065910606,2,0.993855065910606
505,5,9,1.4,0.13885469126536049,0.8611453087346389,2,0.8611453087346389
506,5,9,1.4,0.014445924349165463,0.9855540756508349,2,0.9855540756508349
507,5,9,1.4,0.9105218922223619,0.08947810777763837,1,0.9105218922223619
508,5,9,1.4,0.7026650161456832,0.2973349838543174,1,0.7026650161456832
509,5,9,1.4,0.9826563402130403,0.017343659786959443,1,0.9826563402130403
510,5,9,1.4,0.2235901373094049,0.7764098626905949,2,0.7764098626905949
511,5,9,1.4,0.017455926454785657,0.9825440735452149,2,0.9825440735452149
512,5,9,1.4,0.5793425096964651,0.42065749030353444,1,0.5793425096964651
513,5,9,1.4,0.36683695338578715,0.633163046614212,2,0.633163046614212
514,5,9,1.4,0.0915964552289995,0.9084035447710002,2,0.9084035447710002
515,5,9,1.4,0.9638264383191099,0.036173561680890254,1,0.9638264383191099
516,5,9,1.4,0.0010087199809653328,0.9989912800190349,2,0.9989912800190349
517,5,9,1.4,0.012663322688788906,0.9873366773112112,2,0.9873366773112112
518,5,9,1.4,0.13926654399312788,0.8607334560068717,2,0.8607334560068717
519,5,9,1.4,0.015315704082605654,0.9846842959173943,2,0.9846842959173943
520,5,9,1.4,0.43302615159171964,0.5669738484082805,2,0.5669738484082805
521,5,9,1.4,0.9200380446572634,0.07996195534273721,1,0.9200380446572634
522,5,9,1.4,0.9767373936781567,0.023262606321843866,1,0.9767373936781567
523,5,9,1.4,0.3945825468568922,0.6054174531431076,2,0.6054174531431076
524,5,9,1.4,0.9959817821354974,0.004018217864502999,1,0.9959817821354974
525,5,9,1.4,0.05019003664548079,0.9498099633545192,2,0.9498099633545192
526,5,9,1.4,0.9236900758629529,0.07630992413704683,1,0.9236900758629529
527,5,9,1.4,0.9625140684743828,0.037485931525617106,1,0.9625140684743828
528,5,9,1.4,0.11092674611049512,0.8890732538895049,2,0.8890732538895049
529,5,9,1.4,0.8489699373077639,0.15103006269223676,1,0.8489699373077639
530,5,9,1.4,0.9479412753922026,0.05205872460779748,1,0.9479412753922026
531,5,9,1.4,0.015192174276329804,0.9848078257236702,2,0.9848078257236702
532,5,9,1.4,0.0029043218718480617,0.9970956781281517,2,0.9970956781281517
533,5,9,1.4,0.4967099234593279,0.5032900765406718,2,0.5032900765406718
534,5,9,1.4,0.5892630571130536,0.4107369428869457,1,0.5892630571130536
535,5,9,1.4,0.7917134054921361,0.20828659450786408,1,0.7917134054921361
536,5,9,1.4,0.09261927289718663,0.9073807271028125,2,0.9073807271028125
537,5,9,1.4,0.994578708307081,0.005421291692919117,1,0.994578708307081
538,5,9,1.4,0.06914618214561165,0.9308538178543883,2,0.9308538178543883
539,5,9,1.4,0.014150767692131328,0.9858492323078688,2,0.9858492323078688
540,5,9,1.4,0.002014190885958137,0.9979858091140417,2,0.9979858091140417
541,5,10,1.4,0.2200106122527969,0.7799893877472027,2,0.7799893877472027
542,5,10,1.4,0.6963458237575011,0.30365417624249896,1,0.6963458237575011
543,5,10,1.4,0.001983995578842012,0.9980160044211579,2,0.9980160044211579
544,5,10,1.4,0.3351496613565534,0.6648503386434462,2,0.6648503386434462
545,5,10,1.4,0.7820938235952816,0.21790617640471777,1,0.7820938235952816
546,5,10,1.4,0.004574311824672265,0.9954256881753282,2,0.9954256881753282
547,5,10,1.4,0.9994123020974474,5.876979025529876e-4,1,0.9994123020974474
548,5,10,1.4,0.04129552958789364,0.9587044704121059,2,0.9587044704121059
549,5,10,1.4,0.9970824418176324,0.0029175581823678723,1,0.9970824418176324
550,5,10,1.4,0.06281737153829643,0.937182628461704,2,0.937182628461704
551,5,10,1.4,0.9396065600261168,0.06039343997388348,1,0.9396065600261168
552,5,10,1.4,0.011362295006854262,0.9886377049931461,2,0.9886377049931461
553,5,10,1.4,0.8661936924420133,0.13380630755798656,1,0.8661936924420133
554,5,10,1.4,0.10404900209090238,0.8959509979090983,2,0.8959509979090983
555,5,10,1.4,0.04345660044149711,0.9565433995585022,2,0.9565433995585022
556,5,10,1.4,0.02309632169436662,0.9769036783056331,2,0.9769036783056331
557,5,10,1.4,0.21203256474290247,0.7879674352570973,2,0.7879674352570973
558,5,10,1.4,0.9243761620853769,0.07562383791462357,1,0.9243761620853769
559,5,10,1.4,0.039906084984943926,0.9600939150150555,2,0.9600939150150555
560,5,10,1.4,0.33419768121227317,0.6658023187877266,2,0.6658023187877266
561,5,10,1.4,0.4434132554176222,0.5565867445823776,2,0.5565867445823776
562,5,10,1.4,0.9949294310953355,0.005070568904664698,1,0.9949294310953355
563,5,10,1.4,0.8081333937156037,0.19186660628439564,1,0.8081333937156037
564,5,10,1.4,0.11805979304542367,0.8819402069545758,2,0.8819402069545758
565,5,10,1.4,0.06562731656895082,0.9343726834310498,2,0.9343726834310498
566,5,10,1.4,0.02171185233703602,0.9782881476629648,2,0.9782881476629648
567,5,10,1.4,0.14082342160704261,0.859176578392957,2,0.859176578392957
568,5,10,1.4,0.7969454153933697,0.2030545846066295,1,0.7969454153933697
569,5,10,1.4,0.01508352477981699,0.984916475220183,2,0.984916475220183
570,5,10,1.4,0.06944950402509324,0.9305504959749074,2,0.9305504959749074
571,5,10,1.4,0.3837471926685847,0.6162528073314157,2,0.6162528073314157
572,5,10,1.4,0.9979317311371768,0.0020682688628232116,1,0.9979317311371768
573,5,10,1.4,0.0018984798892048328,0.9981015201107952,2,0.9981015201107952
574,5,10,1.4,0.050152924214583616,0.9498470757854168,2,0.9498470757854168
575,5,10,1.4,0.0013830578188823617,0.9986169421811179,2,0.9986169421811179
576,5,10,1.4,0.118291826517052,0.8817081734829479,2,0.8817081734829479
577,5,10,1.4,0.9542564210884757,0.045743578911523426,1,0.9542564210884757
578,5,10,1.4,0.981567978167487,0.01843202183251221,1,0.981567978167487
579,5,10,1.4,0.004574311824672265,0.9954256881753282,2,0.9954256881753282
580,5,10,1.4,0.06755321812274233,0.9324467818772572,2,0.9324467818772572
581,5,10,1.4,0.9688735135894115,0.03112648641058909,1,0.9688735135894115
582,5,10,1.4,0.9948922513613315,0.005107748638668715,1,0.9948922513613315
583,5,10,1.4,0.4297977732736314,0.570202226726368,2,0.570202226726368
584,5,10,1.4,0.46084573226465925,0.5391542677353408,2,0.5391542677353408
585,5,10,1.4,0.8626876323890005,0.13731236761099963,1,0.8626876323890005
586,5,10,1.4,0.8526182337448999,0.1473817662551001,1,0.8526182337448999
587,5,10,1.4,0.4416362600385664,0.558363739961433,2,0.558363739961433
588,5,10,1.4,0.9964659158172732,0.0035340841827264345,1,0.9964659158172732
589,5,10,1.4,0.9107277548509622,0.08927224514903748,1,0.9107277548509622
590,5,10,1.4,0.932573247422517,0.06742675257748373,1,0.932573247422517
591,5,10,1.4,0.6859771854428615,0.3140228145571386,1,0.6859771854428615
592,5,10,1.4,0.07605222907654642,0.9239477709234535,2,0.9239477709234535
593,5,10,1.4,0.00979506423189714,0.9902049357681031,2,0.9902049357681031
594,5,10,1.4,0.003957749381086981,0.9960422506189128,2,0.9960422506189128
595,5,10,1.4,0.041384364581927166,0.9586156354180723,2,0.9586156354180723
596,5,10,1.4,0.33722705307419043,0.6627729469258097,2,0.6627729469258097
597,5,10,1.4,0.8586509933626632,0.1413490066373377,1,0.8586509933626632
598,5,10,1.4,0.9641116234651673,0.035888376534833163,1,0.9641116234651673
599,5,10,1.4,0.9440272359986405,0.05597276400135892,1,0.9440272359986405
600,5,10,1.4,0.9814121223505808,0.018587877649419562,1,0.9814121223505808
601,6,11,1.2,0.11496108919984388,0.8850389108001558,2,0.8850389108001558
602,6,11,1.2,0.9170775858242922,0.08292241417570735,1,0.9170775858242922
603,6,11,1.2,0.1288004944551974,0.8711995055448021,2,0.8711995055448021
604,6,11,1.2,0.03238628101357841,0.9676137189864213,2,0.9676137189864213
605,6,11,1.2,0.020126939385562485,0.9798730606144375,2,0.9798730606144375
606,6,11,1.2,0.04221557762806308,0.9577844223719367,2,0.9577844223719367
607,6,11,1.2,0.9437330361876861,0.0562669638123134,1,0.9437330361876861
608,6,11,1.2,0.7379202117281448,0.2620797882718554,1,0.7379202117281448
609,6,11,1.2,0.09289789595843952,0.9071021040415603,2,0.9071021040415603
610,6,11,1.2,0.8645995836490448,0.13540041635095465,1,0.8645995836490448
611,6,11,1.2,0.9209839471367052,0.07901605286329434,1,0.9209839471367052
612,6,11,1.2,0.019464574708852385,0.9805354252911478,2,0.9805354252911478
613,6,11,1.2,0.17739655296571233,0.8226034470342869,2,0.8226034470342869
614,6,11,1.2,0.8086238108053376,0.19137618919466226,1,0.8086238108053376
615,6,11,1.2,0.8814656878762128,0.11853431212378666,1,0.8814656878762128
616,6,11,1.2,0.3467338273406628,0.6532661726593375,2,0.6532661726593375
617,6,11,1.2,0.22062664094417653,0.7793733590558233,2,0.7793733590558233
618,6,11,1.2,0.8079485303356648,0.19205146966433514,1,0.8079485303356648
619,6,11,1.2,0.9638507087503984,0.03614929124960102,1,0.9638507087503984
620,6,11,1.2,0.0030329308134201772,0.9969670691865801,2,0.9969670691865801
621,6,11,1.2,0.10458791674013468,0.8954120832598652,2,0.8954120832598652
622,6,11,1.2,0.22064657356216597,0.7793534264378341,2,0.7793534264378341
623,6,11,1.2,0.05010792023483368,0.9498920797651657,2,0.9498920797651657
624,6,11,1.2,0.07927152223434976,0.9207284777656504,2,0.9207284777656504
625,6,11,1.2,0.9991896923190707,8.10307680929166e-4,1,0.9991896923190707
626,6,11,1.2,0.007949977857962073,0.992050022142038,2,0.992050022142038
627,6,11,1.2,0.9994147734997435,5.852265002564773e-4,1,0.9994147734997435
628,6,11,1.2,0.9942345973616805,0.005765402638319574,1,0.9942345973616805
629,6,11,1.2,0.05153430583069326,0.9484656941693071,2,0.9484656941693071
630,6,11,1.2,0.9810917138568003,0.018908286143198796,1,0.9810917138568003
631,6,11,1.2,0.015447776870609746,0.9845522231293904,2,0.9845522231293904
632,6,11,1.2,0.05263614278123916,0.9473638572187613,2,0.9473638572187613
633,6,11,1.2,0.32512655793181827,0.6748734420681816,2,0.6748734420681816
634,6,11,1.2,0.9676839807948925,0.032316019205106926,1,0.9676839807948925
635,6,11,1.2,0.23446044816670156,0.7655395518332988,2,0.7655395518332988
636,6,11,1.2,0.20859419447025665,0.791405805529743,2,0.791405805529743
637,6,11,1.2,0.6615253868641825,0.33847461313581834,1,0.6615253868641825
638,6,11,1.2,0.8968976204043305,0.10310237959566917,1,0.8968976204043305
639,6,11,1.2,0.007632670318194767,0.9923673296818054,2,0.9923673296818054
640,6,11,1.2,0.9848741927664493,0.015125807233550448,1,0.9848741927664493
641,6,11,1.2,0.6666734236793935,0.3333265763206069,1,0.6666734236793935
642,6,11,1.2,0.570875538873434,0.42912446112656594,1,0.570875538873434
643,6,11,1.2,0.40528650976680125,0.5947134902331991,2,0.5947134902331991
644,6,11,1.2,0.08366888212033663,0.9163311178796627,2,0.9163311178796627
645,6,11,1.2,0.007824963721272869,0.992175036278727,2,0.992175036278727
646,6,11,1.2,0.9716205668298924,0.028379433170107334,1,0.9716205668298924
647,6,11,1.2,0.9985454635823169,0.001454536417683466,1,0.9985454635823169
648,6,11,1.2,0.04879350971601494,0.9512064902839851,2,0.9512064902839851
649,6,11,1.2,0.8499627302716066,0.15003726972839354,1,0.8499627302716066
650,6,11,1.2,0.03453752458513892,0.9654624754148616,2,0.9654624754148616
651,6,11,1.2,0.7243328249394362,0.27566717506056343,1,0.7243328249394362
652,6,11,1.2,0.11072945542063331,0.8892705445793672,2,0.8892705445793672
653,6,11,1.2,0.9787768012216314,0.021223198778368087,1,0.9787768012216314
654,6,11,1.2,0.017147405462490366,0.9828525945375095,2,0.9828525945375095
655,6,11,1.2,0.013270591252985369,0.9867294087470144,2,0.9867294087470144
656,6,11,1.2,0.0013551496283491146,0.9986448503716511,2,0.9986448503716511
657,6,11,1.2,0.01996060752688146,0.9800393924731184,2,0.9800393924731184
658,6,11,1.2,0.3945825468568922,0.6054174531431076,2,0.6054174531431076
659,6,11,1.2,0.9615697365920883,0.038430263407912085,1,0.9615697365920883
660,6,11,1.2,0.54281452902199,0.4571854709780105,1,0.54281452902199
661,6,12,1.2,0.002124089032342719,0.9978759109676569,2,0.9978759109676569
662,6,12,1.2,0.7131806931141365,0.286819306885863,1,0.7131806931141365
663,6,12,1.2,0.13256150270787104,0.867438497292129,2,0.867438497292129
664,6,12,1.2,0.07638335965211479,0.9236166403478852,2,0.9236166403478852
665,6,12,1.2,0.013760122313634956,0.9862398776863655,2,0.9862398776863655
666,6,12,1.2,0.3606555427373301,0.6393444572626704,2,0.6393444572626704
667,6,12,1.2,0.43277210278702233,0.5672278972129786,2,0.5672278972129786
668,6,12,1.2,0.9996936431606473,3.0635683935281325e-4,1,0.9996936431606473
669,6,12,1.2,0.0037064939680829254,0.9962935060319167,2,0.9962935060319167
670,6,12,1.2,0.07180069294294232,0.9281993070570571,2,0.9281993070570571
671,6,12,1.2,0.8653118532367381,0.13468814676326277,1,0.8653118532367381
672,6,12,1.2,0.9858057769439668,0.014194223056032773,1,0.9858057769439668
673,6,12,1.2,0.019837674472531455,0.9801623255274692,2,0.9801623255274692
674,6,12,1.2,0.8876062755802306,0.1123937244197687,1,0.8876062755802306
675,6,12,1.2,0.0013551496283491146,0.9986448503716511,2,0.9986448503716511
676,6,12,1.2,0.4207397153675523,0.5792602846324474,2,0.5792602846324474
677,6,12,1.2,0.9514184487052898,0.04858155129471108,1,0.9514184487052898
678,6,12,1.2,0.5580300869260459,0.4419699130739546,1,0.5580300869260459
679,6,12,1.2,0.012146096845804744,0.9878539031541957,2,0.9878539031541957
680,6,12,1.2,0.9877511942060979,0.012248805793901465,1,0.9877511942060979
681,6,12,1.2,0.9913659727971661,0.008634027202833766,1,0.9913659727971661
682,6,12,1.2,0.0011312420182536184,0.9988687579817463,2,0.9988687579817463
683,6,12,1.2,0.0906642822349577,0.9093357177650424,2,0.9093357177650424
684,6,12,1.2,0.0011312420182536184,0.9988687579817463,2,0.9988687579817463
685,6,12,1.2,0.9876121865495829,0.012387813450416604,1,0.9876121865495829
686,6,12,1.2,0.01151220556025325,0.9884877944397464,2,0.9884877944397464
687,6,12,1.2,0.8526378093967428,0.14736219060325656,1,0.8526378093967428
688,6,12,1.2,0.09047103926650304,0.9095289607334964,2,0.9095289607334964
689,6,12,1.2,0.4509325182214894,0.5490674817785108,2,0.5490674817785108
690,6,12,1.2,0.4619307305919343,0.5380692694080655,2,0.5380692694080655
691,6,12,1.2,0.4439390000493547,0.5560609999506455,2,0.5560609999506455
692,6,12,1.2,0.2815822116882129,0.7184177883117864,2,0.7184177883117864
693,6,12,1.2,0.21608991872938468,0.7839100812706161,2,0.7839100812706161
694,6,12,1.2,0.009485205085834152,0.9905147949141657,2,0.9905147949141657
695,6,12,1.2,0.9432795991475299,0.05672040085247065,1,0.9432795991475299
696,6,12,1.2,0.6040463151408867,0.39595368485911353,1,0.6040463151408867
697,6,12,1.2,0.49385430483440473,0.5061456951655952,2,0.5061456951655952
698,6,12,1.2,0.0029826785510264874,0.9970173214489738,2,0.9970173214489738
699,6,12,1.2,0.9450935576642009,0.05490644233579982,1,0.9450935576642009
700,6,12,1.2,0.0830945180006368,0.9169054819993631,2,0.9169054819993631
701,6,12,1.2,0.9905392783734384,0.009460721626561952,1,0.9905392783734384
702,6,12,1.2,0.6572687266091133,0.3427312733908864,1,0.6572687266091133
703,6,12,1.2,0.020778491748203495,0.9792215082517965,2,0.9792215082517965
704,6,12,1.2,0.09685170727301481,0.9031482927269843,2,0.9031482927269843
705,6,12,1.2,0.43482623065030346,0.5651737693496958,2,0.5651737693496958
706,6,12,1.2,0.6193547090872598,0.38064529091274096,1,0.6193547090872598
707,6,12,1.2,0.004362637574493232,0.9956373624255069,2,0.9956373624255069
708,6,12,1.2,0.9942072719494534,0.005792728050546537,1,0.9942072719494534
709,6,12,1.2,0.04812699578369918,0.9518730042163013,2,0.9518730042163013
710,6,12,1.2,0.3563650789367419,0.6436349210632583,2,0.6436349210632583
711,6,12,1.2,0.3945825468568922,0.6054174531431076,2,0.6054174531431076
712,6,12,1.2,0.8515847247791686,0.14841527522083087,1,0.8515847247791686
713,6,12,1.2,0.36116065872927955,0.6388393412707204,2,0.6388393412707204
714,6,12,1.2,0.09093761357739247,0.9090623864226084,2,0.9090623864226084
715,6,12,1.2,0.006137523885595354,0.9938624761144055,2,0.9938624761144055
716,6,12,1.2,0.9651625340508854,0.034837465949115506,1,0.9651625340508854
717,6,12,1.2,0.03768429380962063,0.9623157061903792,2,0.9623157061903792
718,6,12,1.2,0.01433028666726826,0.9856697133327315,2,0.9856697133327315
719,6,12,1.2,0.10045591330260278,0.8995440866973977,2,0.8995440866973977
720,6,12,1.2,0.7459802812477697,0.2540197187522306,1,0.7459802812477697
721,7,13,1,0.546347358310827,0.4536526416891734,1,0.546347358310827
722,7,13,1,0.020732134744143805,0.9792678652558564,2,0.9792678652558564
723,7,13,1,0.5725733691570754,0.4274266308429241,1,0.5725733691570754
724,7,13,1,0.7678315923567482,0.23216840764325175,1,0.7678315923567482
725,7,13,1,0.5424162902573552,0.4575837097426458,1,0.5424162902573552
726,7,13,1,0.9923966026324479,0.007603397367551668,1,0.9923966026324479
727,7,13,1,0.0036129156483737275,0.9963870843516263,2,0.9963870843516263
728,7,13,1,0.02658745691214331,0.9734125430878559,2,0.9734125430878559
729,7,13,1,0.9240027058141717,0.07599729418582916,1,0.9240027058141717
730,7,13,1,0.19511713939698677,0.8048828606030128,2,0.8048828606030128
731,7,13,1,0.9514471638630227,0.04855283613697691,1,0.9514471638630227
732,7,13,1,0.0097546792629169,0.9902453207370832,2,0.9902453207370832
733,7,13,1,0.013270591252985369,0.9867294087470144,2,0.9867294087470144
734,7,13,1,0.0010417226217016775,0.9989582773782982,2,0.9989582773782982
735,7,13,1,0.010354723376033858,0.9896452766239661,2,0.9896452766239661
736,7,13,1,0.013859954184109168,0.9861400458158917,2,0.9861400458158917
737,7,13,1,0.9290039218992538,0.07099607810074682,1,0.9290039218992538
738,7,13,1,0.014776948541202197,0.9852230514587983,2,0.9852230514587983
739,7,13,1,0.766914962321116,0.23308503767888375,1,0.766914962321116
740,7,13,1,0.2844048894147209,0.715595110585279,2,0.715595110585279
741,7,13,1,0.15579811278880548,0.844201887211195,2,0.844201887211195
742,7,13,1,0.0054364268991114306,0.9945635731008889,2,0.9945635731008889
743,7,13,1,0.9802043108115409,0.019795689188459347,1,0.9802043108115409
744,7,13,1,0.06282092051831253,0.9371790794816871,2,0.9371790794816871
745,7,13,1,0.23063147325870578,0.7693685267412942,2,0.7693685267412942
746,7,13,1,0.04759680355471369,0.9524031964452866,2,0.9524031964452866
747,7,13,1,0.0429722261035307,0.9570277738964694,2,0.9570277738964694
748,7,13,1,0.3503280174637562,0.6496719825362446,2,0.6496719825362446
749,7,13,1,0.9736864884663764,0.02631351153362417,1,0.9736864884663764
750,7,13,1,0.967528736624855,0.03247126337514426,1,0.967528736624855
751,7,13,1,0.5628049699434351,0.4371950300565654,1,0.5628049699434351
752,7,13,1,0.07814327687784085,0.9218567231221585,2,0.9218567231221585
753,7,13,1,0.17433752375623007,0.8256624762437705,2,0.8256624762437705
754,7,13,1,0.4841332387757941,0.5158667612242057,2,0.5158667612242057
755,7,13,1,0.005536744443359668,0.9944632555566401,2,0.9944632555566401
756,7,13,1,0.6547775004000843,0.3452224995999156,1,0.6547775004000843
757,7,13,1,0.8002339510986343,0.19976604890136546,1,0.8002339510986343
758,7,13,1,0.036861401305422516,0.9631385986945773,2,0.9631385986945773
759,7,13,1,0.10160815036661097,0.8983918496333885,2,0.8983918496333885
760,7,13,1,0.36578694828212266,0.6342130517178773,2,0.6342130517178773
761,7,13,1,0.10241752169149626,0.8975824783085045,2,0.8975824783085045
762,7,13,1,0.18645142466651474,0.8135485753334856,2,0.8135485753334856
763,7,13,1,0.5418026254615249,0.45819737453847514,1,0.5418026254615249
764,7,13,1,0.8927152564776545,0.10728474352234596,1,0.8927152564776545
765,7,13,1,0.40349496132453194,0.5965050386754678,2,0.5965050386754678
766,7,13,1,0.6485371413470049,0.351462858652995,1,0.6485371413470049
767,7,13,1,0.8567510821186033,0.14324891788139713,1,0.8567510821186033
768,7,13,1,0.949869902300149,0.0501300976998502,1,0.949869902300149
769,7,13,1,0.03713128621883902,0.9628687137811608,2,0.9628687137811608
770,7,13,1,0.015192174276329804,0.9848078257236702,2,0.9848078257236702
771,7,13,1,0.023790483060578918,0.9762095169394214,2,0.9762095169394214
772,7,13,1,0.20073156671237483,0.7992684332876259,2,0.7992684332876259
773,7,13,1,0.3558447920945722,0.6441552079054274,2,0.6441552079054274
774,7,13,1,0.2055350961018689,0.7944649038981316,2,0.7944649038981316
775,7,13,1,0.00872709907200253,0.9912729009279982,2,0.9912729009279982
776,7,13,1,0.0023965106918064447,0.9976034893081934,2,0.9976034893081934
777,7,13,1,0.5008805569629166,0.49911944303708367,1,0.5008805569629166
778,7,13,1,0.854664898218644,0.145335101781356,1,0.854664898218644
779,7,13,1,0.08641251242117527,0.9135874875788244,2,0.9135874875788244
780,7,13,1,0.9747248284096443,0.02527517159035529,1,0.9747248284096443
781,7,14,1,0.29857288741021587,0.7014271125897841,2,0.7014271125897841
782,7,14,1,0.7606403503995348,0.23935964960046544,1,0.7606403503995348
783,7,14,1,0.9957224702427194,0.0042775297572804575,1,0.9957224702427194
784,7,14,1,0.148010603277789,0.8519893967222112,2,0.8519893967222112
785,7,14,1,0.0015153870755799017,0.9984846129244203,2,0.9984846129244203
786,7,14,1,0.8993364928157983,0.10066350718420157,1,0.8993364928157983
787,7,14,1,0.9713535642523398,0.02864643574766033,1,0.9713535642523398
788,7,14,1,0.001200246646773259,0.9987997533532267,2,0.9987997533532267
789,7,14,1,0.0013830578188823617,0.9986169421811179,2,0.9986169421811179
790,7,14,1,0.010807596228652287,0.9891924037713473,2,0.9891924037713473
791,7,14,1,0.004866039163939282,0.9951339608360608,2,0.9951339608360608
792,7,14,1,0.1465948676842631,0.8534051323157368,2,0.8534051323157368
793,7,14,1,0.39764523586978134,0.6023547641302189,2,0.6023547641302189
794,7,14,1,0.16832788606405533,0.8316721139359439,2,0.8316721139359439
795,7,14,1,0.022169290500412782,0.9778307094995873,2,0.9778307094995873
796,7,14,1,0.3660987397390602,0.6339012602609401,2,0.6339012602609401
797,7,14,1,0.9808986458242104,0.019101354175789495,1,0.9808986458242104
798,7,14,1,0.9465129926271615,0.05348700737283926,1,0.9465129926271615
799,7,14,1,0.15537977607928838,0.8446202239207113,2,0.8446202239207113
800,7,14,1,0.009942955281723741,0.9900570447182764,2,0.9900570447182764
801,7,14,1,0.7661340179260412,0.23386598207395917,1,0.7661340179260412
802,7,14,1,0.045857228698661746,0.9541427713013388,2,0.9541427713013388
803,7,14,1,0.4507535597254577,0.5492464402745427,2,0.5492464402745427
804,7,14,1,0.9788486761522007,0.021151323847799063,1,0.9788486761522007
805,7,14,1,0.04356345957454257,0.9564365404254573,2,0.9564365404254573
806,7,14,1,0.9004606063586938,0.09953939364130637,1,0.9004606063586938
807,7,14,1,0.002320686945691802,0.997679313054308,2,0.997679313054308
808,7,14,1,0.7526369297781812,0.24736307022181866,1,0.7526369297781812
809,7,14,1,0.09591736414420625,0.9040826358557943,2,0.9040826358557943
810,7,14,1,0.9040338596542861,0.09596614034571478,1,0.9040338596542861
811,7,14,1,0.5008805569629166,0.49911944303708367,1,0.5008805569629166
812,7,14,1,0.9828336241134145,0.017166375886586125,1,0.9828336241134145
813,7,14,1,0.8598223517367551,0.14017764826324416,1,0.8598223517367551
814,7,14,1,0.9831858710014715,0.01681412899852873,1,0.9831858710014715
815,7,14,1,0.6212638094389675,0.3787361905610329,1,0.6212638094389675
816,7,14,1,0.5472867699788216,0.4527132300211785,1,0.5472867699788216
817,7,14,1,0.06463033179362333,0.9353696682063769,2,0.9353696682063769
818,7,14,1,0.13349458204571568,0.8665054179542846,2,0.8665054179542846
819,7,14,1,0.006796463094496847,0.9932035369055039,2,0.9932035369055039
820,7,14,1,0.9843603670797608,0.01563963292023971,1,0.9843603670797608
821,7,14,1,0.9865329687950322,0.013467031204968272,1,0.9865329687950322
822,7,14,1,0.4059602047566656,0.5940397952433341,2,0.5940397952433341
823,7,14,1,0.007430187801083606,0.9925698121989166,2,0.9925698121989166
824,7,14,1,0.48412726394254363,0.5158727360574562,2,0.5158727360574562
825,7,14,1,0.6514449590073459,0.3485550409926544,1,0.6514449590073459
826,7,14,1,0.8587008788692485,0.14129912113075077,1,0.8587008788692485
827,7,14,1,0.05912555194772928,0.94087444805227,2,0.94087444805227
828,7,14,1,0.00423662146519592,0.9957633785348045,2,0.9957633785348045
829,7,14,1,0.9177111158426997,0.08228888415730051,1,0.9177111158426997
830,7,14,1,0.004999324291298239,0.9950006757087014,2,0.9950006757087014
831,7,14,1,0.04356345957454257,0.9564365404254573,2,0.9564365404254573
832,7,14,1,0.007603635142295462,0.9923963648577044,2,0.9923963648577044
833,7,14,1,0.9994123020974474,5.876979025529876e-4,1,0.9994123020974474
834,7,14,1,0.19012786971609427,0.8098721302839057,2,0.8098721302839057
835,7,14,1,0.9939228451275617,0.006077154872438278,1,0.9939228451275617
836,7,14,1,0.9906643385919061,0.00933566140809397,1,0.9906643385919061
837,7,14,1,0.018196252690330057,0.9818037473096702,2,0.9818037473096702
838,7,14,1,0.9430800699196129,0.05691993008038633,1,0.9430800699196129
839,7,14,1,0.021017639889972774,0.9789823601100268,2,0.9789823601100268
840,7,14,1,0.7438227820454059,0.256177217954594,1,0.7438227820454059
841,8,15,0.8,0.027981367295029334,0.9720186327049704,2,0.9720186327049704
842,8,15,0.8,0.15811930181188655,0.8418806981881132,2,0.8418806981881132
843,8,15,0.8,0.24756892192634686,0.752431078073653,2,0.752431078073653
844,8,15,0.8,0.9617154546888568,0.03828454531114326,1,0.9617154546888568
845,8,15,0.8,0.13966625494448479,0.8603337450555161,2,0.8603337450555161
846,8,15,0.8,0.007454872336464495,0.9925451276635356,2,0.9925451276635356
847,8,15,0.8,0.0013830578188823617,0.9986169421811179,2,0.9986169421811179
848,8,15,0.8,0.37651073913762756,0.6234892608623727,2,0.6234892608623727
849,8,15,0.8,0.024821441088651607,0.9751785589113487,2,0.9751785589113487
850,8,15,0.8,0.07806928890731442,0.9219307110926855,2,0.9219307110926855
851,8,15,0.8,0.47522381780900863,0.5247761821909908,2,0.5247761821909908
852,8,15,0.8,0.6763957118824387,0.32360428811756115,1,0.6763957118824387
853,8,15,0.8,0.07839195763914002,0.9216080423608609,2,0.9216080423608609
854,8,15,0.8,0.029174409822761944,0.9708255901772388,2,0.9708255901772388
855,8,15,0.8,0.005944042616769153,0.9940559573832305,2,0.9940559573832305
856,8,15,0.8,0.33320142571204375,0.666798574287956,2,0.666798574287956
857,8,15,0.8,0.2154577214780184,0.784542278521982,2,0.784542278521982
858,8,15,0.8,0.3213902327219067,0.6786097672780926,2,0.6786097672780926
859,8,15,0.8,0.1102279368772324,0.8897720631227685,2,0.8897720631227685
860,8,15,0.8,0.006959297551145145,0.9930407024488548,2,0.9930407024488548
861,8,15,0.8,0.07781274801434264,0.9221872519856573,2,0.9221872519856573
862,8,15,0.8,0.2204798064238478,0.7795201935761519,2,0.7795201935761519
863,8,15,0.8,0.9795587216185131,0.020441278381486672,1,0.9795587216185131
864,8,15,0.8,0.0032675567440654286,0.9967324432559347,2,0.9967324432559347
865,8,15,0.8,0.8975961696036695,0.10240383039633015,1,0.8975961696036695
866,8,15,0.8,0.009101509439048465,0.9908984905609518,2,0.9908984905609518
867,8,15,0.8,0.001200246646773259,0.9987997533532267,2,0.9987997533532267
868,8,15,0.8,3.294997416448532e-4,0.9996705002583554,2,0.9996705002583554
869,8,15,0.8,0.9967650138653938,0.0032349861346055984,1,0.9967650138653938
870,8,15,0.8,0.5533198170018444,0.44668018299815576,1,0.5533198170018444
871,8,15,0.8,0.8666034746721101,0.13339652532789073,1,0.8666034746721101
872,8,15,0.8,0.9947774256496131,0.005222574350387278,1,0.9947774256496131
873,8,15,0.8,0.432776383587121,0.56722361641287955,2,0.56722361641287955
874,8,15,0.8,0.19806424184174243,0.8019357581582575,2,0.8019357581582575
875,8,15,0.8,0.004391397092942994,0.9956086029070574,2,0.9956086029070574
876,8,15,0.8,0.012147225098384652,0.9878527749016157,2,0.9878527749016157
877,8,15,0.8,0.21094193196237282,0.7890580680376269,2,0.7890580680376269
878,8,15,0.8,0.014026483883457612,0.9859735161165422,2,0.9859735161165422
879,8,15,0.8,0.9984188962742931,0.0015811037257068312,1,0.9984188962742931
880,8,15,0.8,0.05980297307182365,0.9401970269281761,2,0.9401970269281761
881,8,15,0.8,0.9398984530414128,0.06010154695858785,1,0.9398984530414128
882,8,15,0.8,0.8346061435770503,0.1653938564229499,1,0.8346061435770503
883,8,15,0.8,0.9656515237437138,0.034348476256286585,1,0.9656515237437138
884,8,15,0.8,0.004640928298925919,0.9953590717010741,2,0.9953590717010741
885,8,15,0.8,0.03970279657671647,0.9602972034232827,2,0.9602972034232827
886,8,15,0.8,0.12156413673890216,0.8784358632610979,2,0.8784358632610979
887,8,15,0.8,0.010529294626444214,0.9894707053735557,2,0.9894707053735557
888,8,15,0.8,0.005536744443359668,0.9944632555566401,2,0.9944632555566401
889,8,15,0.8,0.00832617910725371,0.9916738208927465,2,0.9916738208927465
890,8,15,0.8,0.21224933404242988,0.78775066595757,2,0.78775066595757
891,8,15,0.8,0.006271544758136075,0.9937284552418642,2,0.9937284552418642
892,8,15,0.8,0.0023268678989839388,0.9976731321010164,2,0.9976731321010164
893,8,15,0.8,0.9988780144557312,0.0011219855442685125,1,0.9988780144557312
894,8,15,0.8,0.16849171930695347,0.8315082806930457,2,0.8315082806930457
895,8,15,0.8,0.004139687118018916,0.9958603128819807,2,0.9958603128819807
896,8,15,0.8,0.6415747412747719,0.35842525872522774,1,0.6415747412747719
897,8,15,0.8,0.9669969822546423,0.03300301774535801,1,0.9669969822546423
898,8,15,0.8,0.00832617910725371,0.9916738208927465,2,0.9916738208927465
899,8,15,0.8,0.1817418397744357,0.8182581602255641,2,0.8182581602255641
900,8,15,0.8,0.12545025040746355,0.8745497495925365,2,0.8745497495925365
901,8,16,0.8,0.18177080970893572,0.8182291902910641,2,0.8182291902910641
902,8,16,0.8,0.9921562900644227,0.007843709935577698,1,0.9921562900644227
903,8,16,0.8,0.7373775531900422,0.26262244680995855,1,0.7373775531900422
904,8,16,0.8,0.012621430819605109,0.9873785691803951,2,0.9873785691803951
905,8,16,0.8,0.9642242657965375,0.03577573420346209,1,0.9642242657965375
906,8,16,0.8,0.1003927835255919,0.8996072164744072,2,0.8996072164744072
907,8,16,0.8,0.09384870080989458,0.9061512991901062,2,0.9061512991901062
908,8,16,0.8,0.9669136855919456,0.03308631440805479,1,0.9669136855919456
909,8,16,0.8,0.9095737160231906,0.09042628397680871,1,0.9095737160231906
910,8,16,0.8,0.00225856420731697,0.9977414357926827,2,0.9977414357926827
911,8,16,0.8,0.25740209680777093,0.7425979031922287,2,0.7425979031922287
912,8,16,0.8,0.21658881273258987,0.7834111872674097,2,0.7834111872674097
913,8,16,0.8,0.9504631660649245,0.04953683393507476,1,0.9504631660649245
914,8,16,0.8,0.39586059703055787,0.6041394029694425,2,0.6041394029694425
915,8,16,0.8,0.465756855717195,0.5342431442828052,2,0.5342431442828052
916,8,16,0.8,0.9982687694405816,0.0017312305594188373,1,0.9982687694405816
917,8,16,0.8,0.33176305817708357,0.6682369418229159,2,0.6682369418229159
918,8,16,0.8,0.051619323737030445,0.9483806762629687,2,0.9483806762629687
919,8,16,0.8,0.9804788284353436,0.01952117156465599,1,0.9804788284353436
920,8,16,0.8,0.23015576725074285,0.7698442327492572,2,0.7698442327492572
921,8,16,0.8,0.43280067473311856,0.567199325266882,2,0.567199325266882
922,8,16,0.8,0.012082159463224851,0.9879178405367753,2,0.9879178405367753
923,8,16,0.8,0.14808578699503835,0.8519142130049615,2,0.8519142130049615
924,8,16,0.8,0.3204528040032698,0.6795471959967301,2,0.6795471959967301
925,8,16,0.8,0.4097910942425859,0.5902089057574136,2,0.5902089057574136
926,8,16,0.8,0.051066030966314624,0.9489339690336853,2,0.9489339690336853
927,8,16,0.8,0.988989289047001,0.011010710952998564,1,0.988989289047001
928,8,16,0.8,0.9902649398323049,0.009735060167694157,1,0.9902649398323049
929,8,16,0.8,0.47587397768360495,0.5241260223163948,2,0.5241260223163948
930,8,16,0.8,0.3377252042521081,0.6622747957478927,2,0.6622747957478927
931,8,16,0.8,0.8264703002305636,0.17352969976943677,1,0.8264703002305636
932,8,16,0.8,0.007594209780821117,0.992405790219179,2,0.992405790219179
933,8,16,0.8,0.2690353108011077,0.7309646891988923,2,0.7309646891988923
934,8,16,0.8,0.002341098659670207,0.9976589013403302,2,0.9976589013403302
935,8,16,0.8,0.012704785068435788,0.9872952149315641,2,0.9872952149315641
936,8,16,0.8,0.46679422210622507,0.5332057778937747,2,0.5332057778937747
937,8,16,0.8,0.978794013073781,0.021205986926218993,1,0.978794013073781
938,8,16,0.8,0.9956735297278992,0.004326470272101354,1,0.9956735297278992
939,8,16,0.8,0.9337003163760074,0.06629968362399287,1,0.9337003163760074
940,8,16,0.8,0.06182140231674291,0.9381785976832578,2,0.9381785976832578
941,8,16,0.8,0.11613452759355974,0.8838654724064405,2,0.8838654724064405
942,8,16,0.8,0.010651730724632436,0.9893482692753669,2,0.9893482692753669
943,8,16,0.8,0.1399408799817523,0.8600591200182474,2,0.8600591200182474
944,8,16,0.8,0.9993481953372582,6.51804662741888e-4,1,0.9993481953372582
945,8,16,0.8,0.028772519366156872,0.9712274806338436,2,0.9712274806338436
946,8,16,0.8,0.7510772357571236,0.2489227642428766,1,0.7510772357571236
947,8,16,0.8,0.09416779674450254,0.9058322032554981,2,0.9058322032554981
948,8,16,0.8,0.007824963721272869,0.992175036278727,2,0.992175036278727
949,8,16,0.8,0.09412675436443091,0.9058732456355695,2,0.9058732456355695
950,8,16,0.8,0.512775793465519,0.48722420653448123,1,0.512775793465519
951,8,16,0.8,0.9677765414451949,0.03222345855480585,1,0.9677765414451949
952,8,16,0.8,0.004362637574493232,0.9956373624255069,2,0.9956373624255069
953,8,16,0.8,0.04942902946068082,0.95057097053932,2,0.95057097053932
954,8,16,0.8,0.0010087199809653328,0.9989912800190349,2,0.9989912800190349
955,8,16,0.8,0.9347796079634313,0.0652203920365688,1,0.9347796079634313
956,8,16,0.8,0.01649734430264614,0.983502655697354,2,0.983502655697354
957,8,16,0.8,0.0027470510113365163,0.9972529489886632,2,0.9972529489886632
958,8,16,0.8,0.8561640271932791,0.14383597280672147,1,0.8561640271932791
959,8,16,0.8,0.033529346883334865,0.9664706531166656,2,0.9664706531166656
960,8,16,0.8,0.003121778525163328,0.9968782214748366,2,0.9968782214748366
961,8,17,0.8,0.7660113478390204,0.23398865216097997,1,0.7660113478390204
962,8,17,0.8,0.7608388522406319,0.23916114775936728,1,0.7608388522406319
963,8,17,0.8,0.3755213130181755,0.6244786869818238,2,0.6244786869818238
964,8,17,0.8,0.01269824476732027,0.9873017552326796,2,0.9873017552326796
965,8,17,0.8,0.005475756203769843,0.9945242437962298,2,0.9945242437962298
966,8,17,0.8,0.48412726394254363,0.5158727360574562,2,0.5158727360574562
967,8,17,0.8,0.018346505544696107,0.9816534944553044,2,0.9816534944553044
968,8,17,0.8,0.033355820538163154,0.9666441794618367,2,0.9666441794618367
969,8,17,0.8,0.9693009922928645,0.0306990077071353,1,0.9693009922928645
970,8,17,0.8,0.0024690455562382946,0.9975309544437618,2,0.9975309544437618
971,8,17,0.8,0.9632758217952412,0.03672417820475949,1,0.9632758217952412
972,8,17,0.8,0.26811016127083775,0.7318898387291622,2,0.7318898387291622
973,8,17,0.8,0.33817499499188064,0.6618250050081194,2,0.6618250050081194
974,8,17,0.8,0.1542670338867231,0.8457329661132765,2,0.8457329661132765
975,8,17,0.8,0.9566691175430359,0.043330882456964946,1,0.9566691175430359
976,8,17,0.8,0.21707720887629037,0.7829227911237103,2,0.7829227911237103
977,8,17,0.8,0.007005523342756116,0.9929944766572437,2,0.9929944766572437
978,8,17,0.8,0.014928992602247247,0.9850710073977528,2,0.9850710073977528
979,8,17,0.8,0.23015576725074285,0.7698442327492572,2,0.7698442327492572
980,8,17,0.8,0.006465877873152277,0.9935341221268476,2,0.9935341221268476
981,8,17,0.8,0.9368698820919248,0.06313011790807602,1,0.9368698820919248
982,8,17,0.8,0.06634779141229533,0.9336522085877044,2,0.9336522085877044
983,8,17,0.8,0.719364340726579,0.28063565927342127,1,0.719364340726579
984,8,17,0.8,0.10584682045521322,0.8941531795447862,2,0.8941531795447862
985,8,17,0.8,0.07551358897431326,0.9244864110256873,2,0.9244864110256873
986,8,17,0.8,0.13198595968398477,0.868014040316016,2,0.868014040316016
987,8,17,0.8,0.9996936431606473,3.0635683935281325e-4,1,0.9996936431606473
988,8,17,0.8,0.06906951034519995,0.9309304896548003,2,0.9309304896548003
989,8,17,0.8,0.004922965132339627,0.9950770348676601,2,0.9950770348676601
990,8,17,0.8,0.22061653004959578,0.779383469950404,2,0.779383469950404
991,8,17,0.8,0.006748342470465674,0.993251657529535,2,0.993251657529535
992,8,17,0.8,0.0830945180006368,0.9169054819993631,2,0.9169054819993631
993,8,17,0.8,0.23002347198767598,0.7699765280123234,2,0.7699765280123234
994,8,17,0.8,0.07735493471773167,0.9226450652822681,2,0.9226450652822681
995,8,17,0.8,0.029464361099963882,0.9705356389000364,2,0.9705356389000364
996,8,17,0.8,0.004574326091401906,0.9954256739085977,2,0.9954256739085977
997,8,17,0.8,0.011101088245057202,0.9888989117549427,2,0.9888989117549427
998,8,17,0.8,0.4350129432982913,0.5649870567017081,2,0.5649870567017081
999,8,17,0.8,0.5496915258072667,0.4503084741927336,1,0.5496915258072667
1000,8,17,0.8,0.22100167051413078,0.7789983294858689,2,0.7789983294858689
1001,8,17,0.8,0.9971521355926686,0.002847864407331497,1,0.9971521355926686
1002,8,17,0.8,0.04131202178658919,0.9586879782134115,2,0.9586879782134115
1003,8,17,0.8,0.8641067161669936,0.13589328383300608,1,0.8641067161669936
1004,8,17,0.8,0.014050742508062682,0.985949257491937,2,0.985949257491937
1005,8,17,0.8,0.10595334921169537,0.8940466507883041,2,0.8940466507883041
1006,8,17,0.8,0.9690078257071738,0.030992174292825973,1,0.9690078257071738
1007,8,17,0.8,0.7326069235752133,0.2673930764247859,1,0.7326069235752133
1008,8,17,0.8,0.013442653193958865,0.9865573468060417,2,0.9865573468060417
1009,8,17,0.8,0.00987185906258905,0.9901281409374106,2,0.9901281409374106
1010,8,17,0.8,0.0900471866647519,0.9099528133352476,2,0.9099528133352476
1011,8,17,0.8,0.12244752754458482,0.8775524724554148,2,0.8775524724554148
1012,8,17,0.8,0.8786290795768823,0.12137092042311706,1,0.8786290795768823
1013,8,17,0.8,0.012240956901267223,0.9877590430987325,2,0.9877590430987325
1014,8,17,0.8,0.0023965106918064447,0.9976034893081934,2,0.9976034893081934
1015,8,17,0.8,0.08413194556541798,0.9158680544345829,2,0.9158680544345829
1016,8,17,0.8,0.9851993187910429,0.014800681208957434,1,0.9851993187910429
1017,8,17,0.8,0.2180065999192789,0.7819934000807205,2,0.7819934000807205
1018,8,17,0.8,0.014709570947808143,0.9852904290521927,2,0.9852904290521927
1019,8,17,0.8,0.779005189497954,0.22099481050204645,1,0.779005189497954
1020,8,17,0.8,0.013604238120710791,0.9863957618792885,2,0.9863957618792885
1021,9,18,0.6,0.04509219805697848,0.9549078019430215,2,0.9549078019430215
1022,9,18,0.6,0.09685170727301481,0.9031482927269843,2,0.9031482927269843
1023,9,18,0.6,0.9882904814663007,0.011709518533699807,1,0.9882904814663007
1024,9,18,0.6,0.7203690808590911,0.2796309191409089,1,0.7203690808590911
1025,9,18,0.6,0.008582148301177242,0.9914178516988231,2,0.9914178516988231
1026,9,18,0.6,0.0709847031641954,0.9290152968358042,2,0.9290152968358042
1027,9,18,0.6,0.011787468317280224,0.9882125316827197,2,0.9882125316827197
1028,9,18,0.6,0.6491074576721387,0.3508925423278607,1,0.6491074576721387
1029,9,18,0.6,0.5739591431718319,0.42604085682816867,1,0.5739591431718319
1030,9,18,0.6,0.21584333818735885,0.7841566618126415,2,0.7841566618126415
1031,9,18,0.6,0.07397624582570257,0.9260237541742969,2,0.9260237541742969
1032,9,18,0.6,0.08737802522294896,0.9126219747770503,2,0.9126219747770503
1033,9,18,0.6,0.015192174276329804,0.9848078257236702,2,0.9848078257236702
1034,9,18,0.6,0.007578692699753215,0.9924213073002465,2,0.9924213073002465
1035,9,18,0.6,0.8513740737338409,0.1486259262661591,1,0.8513740737338409
1036,9,18,0.6,0.9898424984121941,0.010157501587805987,1,0.9898424984121941
1037,9,18,0.6,0.1327643795848421,0.8672356204151573,2,0.8672356204151573
1038,9,18,0.6,0.028646806659974034,0.9713531933400267,2,0.9713531933400267
1039,9,18,0.6,0.001273636708276905,0.9987263632917235,2,0.9987263632917235
1040,9,18,0.6,0.2757747640003805,0.7242252359996192,2,0.7242252359996192
1041,9,18,0.6,0.004627840855434885,0.9953721591445651,2,0.9953721591445651
1042,9,18,0.6,0.004640928298925919,0.9953590717010741,2,0.9953590717010741
1043,9,18,0.6,0.2883205222961251,0.7116794777038742,2,0.7116794777038742
1044,9,18,0.6,0.006205836811955072,0.9937941631880449,2,0.9937941631880449
1045,9,18,0.6,0.005944042616769153,0.9940559573832305,2,0.9940559573832305
1046,9,18,0.6,0.08443552610615,0.9155644738938493,2,0.9155644738938493
1047,9,18,0.6,0.006740086112049828,0.9932599138879502,2,0.9932599138879502
1048,9,18,0.6,0.10173475188060924,0.8982652481193907,2,0.8982652481193907
1049,9,18,0.6,0.018781013987192004,0.9812189860128089,2,0.9812189860128089
1050,9,18,0.6,0.009942955281723741,0.9900570447182764,2,0.9900570447182764
1051,9,18,0.6,0.5185415870131658,0.48145841298683345,1,0.5185415870131658
1052,9,18,0.6,0.4925135207244333,0.5074864792755664,2,0.5074864792755664
1053,9,18,0.6,0.02381960448336411,0.9761803955166366,2,0.9761803955166366
1054,9,18,0.6,0.0025497042315242874,0.9974502957684757,2,0.9974502957684757
1055,9,18,0.6,0.17470358350017653,0.8252964164998234,2,0.8252964164998234
1056,9,18,0.6,0.09346382920444825,0.9065361707955522,2,0.9065361707955522
1057,9,18,0.6,0.23568175760870105,0.7643182423912989,2,0.7643182423912989
1058,9,18,0.6,0.10241752169149626,0.8975824783085045,2,0.8975824783085045
1059,9,18,0.6,0.9925135254028312,0.007486474597168264,1,0.9925135254028312
1060,9,18,0.6,0.9461045979182312,0.05389540208176877,1,0.9461045979182312
1061,9,18,0.6,0.8398698990492665,0.1601301009507329,1,0.8398698990492665
1062,9,18,0.6,0.023590479401322584,0.9764095205986778,2,0.9764095205986778
1063,9,18,0.6,0.10999884322295422,0.8900011567770466,2,0.8900011567770466
1064,9,18,0.6,0.009658678985144541,0.9903413210148552,2,0.9903413210148552
1065,9,18,0.6,0.5763769364236464,0.423623063576353,1,0.5763769364236464
1066,9,18,0.6,0.0097546792629169,0.9902453207370832,2,0.9902453207370832
1067,9,18,0.6,0.0037640560516185445,0.9962359439483819,2,0.9962359439483819
1068,9,18,0.6,0.5513155782416254,0.4486844217583756,1,0.5513155782416254
1069,9,18,0.6,6.008467515936344e-4,0.999399153248406,2,0.999399153248406
1070,9,18,0.6,0.002602149188311662,0.9973978508116885,2,0.9973978508116885
1071,9,18,0.6,0.2725308479266688,0.7274691520733304,2,0.7274691520733304
1072,9,18,0.6,0.7707438374745305,0.2292561625254687,1,0.7707438374745305
1073,9,18,0.6,0.24562655594422433,0.754373444055776,2,0.754373444055776
1074,9,18,0.6,0.009646165568412976,0.990353834431587,2,0.990353834431587
1075,9,18,0.6,0.9683498203872932,0.03165017961270625,1,0.9683498203872932
1076,9,18,0.6,0.10551664254287645,0.894483357457123,2,0.894483357457123
1077,9,18,0.6,0.06869434213281314,0.9313056578671862,2,0.9313056578671862
1078,9,18,0.6,0.10452049529545702,0.8954795047045426,2,0.8954795047045426
1079,9,18,0.6,0.005685316183287063,0.9943146838167132,2,0.9943146838167132
1080,9,18,0.6,0.1998738797292467,0.8001261202707526,2,0.8001261202707526
1081,9,19,0.6,0.37651073913762756,0.6234892608623727,2,0.6234892608623727
1082,9,19,0.6,0.9475088536025028,0.05249114639749688,1,0.9475088536025028
1083,9,19,0.6,0.7658088838696931,0.23419111613030713,1,0.7658088838696931
1084,9,19,0.6,0.3208861036372207,0.6791138963627793,2,0.6791138963627793
1085,9,19,0.6,0.19195066977821257,0.8080493302217878,2,0.8080493302217878
1086,9,19,0.6,0.2874095779288301,0.7125904220711705,2,0.7125904220711705
1087,9,19,0.6,0.4418476145613278,0.5581523854386727,2,0.5581523854386727
1088,9,19,0.6,0.7122177142818772,0.28778228571812337,1,0.7122177142818772
1089,9,19,0.6,0.036066693931574106,0.9639333060684252,2,0.9639333060684252
1090,9,19,0.6,0.03974653576978021,0.9602534642302191,2,0.9602534642302191
1091,9,19,0.6,0.002602149188311662,0.9973978508116885,2,0.9973978508116885
1092,9,19,0.6,0.23015576725074285,0.7698442327492572,2,0.7698442327492572
1093,9,19,0.6,0.15248871536198783,0.8475112846380125,2,0.8475112846380125
1094,9,19,0.6,0.003411874744420554,0.9965881252555796,2,0.9965881252555796
1095,9,19,0.6,0.010158535843729945,0.9898414641562692,2,0.9898414641562692
1096,9,19,0.6,0.8188264978573748,0.18117350214262581,1,0.8188264978573748
1097,9,19,0.6,0.022386320383666072,0.9776136796163339,2,0.9776136796163339
1098,9,19,0.6,0.3416298352509623,0.6583701647490379,2,0.6583701647490379
1099,9,19,0.6,0.272703840028297,0.7272961599717036,2,0.7272961599717036
1100,9,19,0.6,0.1669728714720174,0.8330271285279827,2,0.8330271285279827
1101,9,19,0.6,0.17952515994875967,0.8204748400512402,2,0.8204748400512402
1102,9,19,0.6,0.10160815036661097,0.8983918496333885,2,0.8983918496333885
1103,9,19,0.6,0.05591273012691038,0.9440872698730898,2,0.9440872698730898
1104,9,19,0.6,0.3324359930068191,0.6675640069931815,2,0.6675640069931815
1105,9,19,0.6,0.5022735461498278,0.4977264538501715,1,0.5022735461498278
1106,9,19,0.6,0.0018984798892048328,0.9981015201107952,2,0.9981015201107952
1107,9,19,0.6,0.0030329308134201772,0.9969670691865801,2,0.9969670691865801
1108,9,19,0.6,0.9683498203872932,0.03165017961270625,1,0.9683498203872932
1109,9,19,0.6,0.0013551496283491146,0.9986448503716511,2,0.9986448503716511
1110,9,19,0.6,0.03294053907807826,0.967059460921922,2,0.967059460921922
1111,9,19,0.6,0.2701991141573666,0.7298008858426343,2,0.7298008858426343
1112,9,19,0.6,0.006344487299777677,0.9936555127002223,2,0.9936555127002223
1113,9,19,0.6,0.01346395009151525,0.986536049908485,2,0.986536049908485
1114,9,19,0.6,0.9510298141091973,0.04897018589080277,1,0.9510298141091973
1115,9,19,0.6,0.13909354886715772,0.8609064511328431,2,0.8609064511328431
1116,9,19,0.6,0.024615623200173554,0.9753843767998266,2,0.9753843767998266
1117,9,19,0.6,0.048988703748116806,0.9510112962518835,2,0.9510112962518835
1118,9,19,0.6,0.8679193464395709,0.1320806535604293,1,0.8679193464395709
1119,9,19,0.6,0.5185415870131658,0.48145841298683345,1,0.5185415870131658
1120,9,19,0.6,0.12499422786951106,0.8750057721304896,2,0.8750057721304896
1121,9,19,0.6,0.31854924798629375,0.6814507520137064,2,0.6814507520137064
1122,9,19,0.6,0.0030329308134201772,0.9969670691865801,2,0.9969670691865801
1123,9,19,0.6,0.06209168492596456,0.9379083150740354,2,0.9379083150740354
1124,9,19,0.6,0.04835632846894297,0.9516436715310574,2,0.9516436715310574
1125,9,19,0.6,0.04094847627872997,0.9590515237212703,2,0.9590515237212703
1126,9,19,0.6,0.06858789565894374,0.9314121043410566,2,0.9314121043410566
1127,9,19,0.6,0.03286298769349739,0.9671370123065018,2,0.9671370123065018
1128,9,19,0.6,0.022355122740600888,0.9776448772593989,2,0.9776448772593989
1129,9,19,0.6,0.2966664973629767,0.7033335026370237,2,0.7033335026370237
1130,9,19,0.6,0.02646601152519393,0.9735339884748053,2,0.9735339884748053
1131,9,19,0.6,0.1587558990731928,0.8412441009268071,2,0.8412441009268071
1132,9,19,0.6,0.03158277969652063,0.968417220303479,2,0.968417220303479
1133,9,19,0.6,0.055772243764407946,0.9442277562355923,2,0.9442277562355923
1134,9,19,0.6,0.07863149010922818,0.9213685098907718,2,0.9213685098907718
1135,9,19,0.6,0.1251675624891994,0.8748324375108002,2,0.8748324375108002
1136,9,19,0.6,0.01856758001479041,0.9814324199852091,2,0.9814324199852091
1137,9,19,0.6,0.0044373444279527914,0.9955626555720468,2,0.9955626555720468
1138,9,19,0.6,0.02506442854723215,0.9749355714527685,2,0.9749355714527685
1139,9,19,0.6,0.045605967926367556,0.9543940320736323,2,0.9543940320736323
1140,9,19,0.6,0.012559960736645837,0.9874400392633538,2,0.9874400392633538
1141,9,20,0.6,0.9852382047551361,0.01476179524486434,1,0.9852382047551361
1142,9,20,0.6,0.006740086112049828,0.9932599138879502,2,0.9932599138879502
1143,9,20,0.6,0.050735061735321114,0.949264938264679,2,0.949264938264679
1144,9,20,0.6,0.15296930067528366,0.8470306993247162,2,0.8470306993247162
1145,9,20,0.6,0.42859642618611715,0.5714035738138825,2,0.5714035738138825
1146,9,20,0.6,0.4815042421515318,0.5184957578484689,2,0.5184957578484689
1147,9,20,0.6,0.9361462242808458,0.06385377571915336,1,0.9361462242808458
1148,9,20,0.6,0.08178730150676809,0.9182126984932322,2,0.9182126984932322
1149,9,20,0.6,0.9835364799257936,0.01646352007420663,1,0.9835364799257936
1150,9,20,0.6,0.4110301830684609,0.5889698169315392,2,0.5889698169315392
1151,9,20,0.6,0.020138478069816678,0.9798615219301836,2,0.9798615219301836
1152,9,20,0.6,0.013859954184109168,0.9861400458158917,2,0.9861400458158917
1153,9,20,0.6,0.005329253621099657,0.9946707463789,2,0.9946707463789
1154,9,20,0.6,0.01817560287022031,0.9818243971297791,2,0.9818243971297791
1155,9,20,0.6,0.0051876690048622805,0.9948123309951378,2,0.9948123309951378
1156,9,20,0.6,0.11933117327705009,0.8806688267229503,2,0.8806688267229503
1157,9,20,0.6,0.9149297996910721,0.0850702003089273,1,0.9149297996910721
1158,9,20,0.6,0.023943826218093,0.9760561737819069,2,0.9760561737819069
1159,9,20,0.6,0.4910880017755878,0.508911998224412,2,0.508911998224412
1160,9,20,0.6,0.0015196859990162155,0.9984803140009838,2,0.9984803140009838
1161,9,20,0.6,0.10584682045521322,0.8941531795447862,2,0.8941531795447862
1162,9,20,0.6,0.8862453386783881,0.11375466132161119,1,0.8862453386783881
1163,9,20,0.6,0.2882677048796774,0.711732295120322,2,0.711732295120322
1164,9,20,0.6,0.9984742213093393,0.0015257786906610238,1,0.9984742213093393
1165,9,20,0.6,0.12326005452213797,0.8767399454778619,2,0.8767399454778619
1166,9,20,0.6,0.24410955935096357,0.7558904406490369,2,0.7558904406490369
1167,9,20,0.6,0.24817491401471192,0.7518250859852882,2,0.7518250859852882
1168,9,20,0.6,0.003383477439990291,0.9966165225600095,2,0.9966165225600095
1169,9,20,0.6,0.9966341630508421,0.0033658369491575218,1,0.9966341630508421
1170,9,20,0.6,0.3519816399434531,0.6480183600565476,2,0.6480183600565476
1171,9,20,0.6,0.6886766031967271,0.3113233968032729,1,0.6886766031967271
1172,9,20,0.6,0.04941054192736033,0.9505894580726395,2,0.9505894580726395
1173,9,20,0.6,0.3630267589196773,0.6369732410803229,2,0.6369732410803229
1174,9,20,0.6,0.7000378095652183,0.29996219043478123,1,0.7000378095652183
1175,9,20,0.6,0.039906084984943926,0.9600939150150555,2,0.9600939150150555
1176,9,20,0.6,0.3931079122594928,0.606892087740508,2,0.606892087740508
1177,9,20,0.6,0.04211057638009352,0.9578894236199067,2,0.9578894236199067
1178,9,20,0.6,0.4840684230852201,0.5159315769147794,2,0.5159315769147794
1179,9,20,0.6,0.07173957284558104,0.9282604271544186,2,0.9282604271544186
1180,9,20,0.6,0.0850853390465622,0.9149146609534379,2,0.9149146609534379
1181,9,20,0.6,0.0155336436075102,0.9844663563924899,2,0.9844663563924899
1182,9,20,0.6,0.007525149660995026,0.9924748503390052,2,0.9924748503390052
1183,9,20,0.6,0.0037436369281314413,0.9962563630718687,2,0.9962563630718687
1184,9,20,0.6,0.0027470510113365163,0.9972529489886632,2,0.9972529489886632
1185,9,20,0.6,0.9734497713327699,0.026550228667229423,1,0.9734497713327699
1186,9,20,0.6,0.004866039163939282,0.9951339608360608,2,0.9951339608360608
1187,9,20,0.6,0.026554522687834342,0.9734454773121662,2,0.9734454773121662
1188,9,20,0.6,0.11525213149172636,0.8847478685082734,2,0.8847478685082734
1189,9,20,0.6,0.025292083064290226,0.9747079169357095,2,0.9747079169357095
1190,9,20,0.6,7.587264635853672e-4,0.9992412735364151,2,0.9992412735364151
1191,9,20,0.6,0.8782336649442154,0.12176633505578449,1,0.8782336649442154
1192,9,20,0.6,0.0050833798325841525,0.9949166201674156,2,0.9949166201674156
1193,9,20,0.6,0.0056038376535116,0.9943961623464885,2,0.9943961623464885
1194,9,20,0.6,0.0037064939680829254,0.9962935060319167,2,0.9962935060319167
1195,9,20,0.6,0.3848756087261838,0.6151243912738158,2,0.6151243912738158
1196,9,20,0.6,0.13602897724038332,0.8639710227596165,2,0.8639710227596165
1197,9,20,0.6,0.0068444364177741015,0.9931555635822255,2,0.9931555635822255
1198,9,20,0.6,0.9341073444890108,0.06589265551098836,1,0.9341073444890108
1199,9,20,0.6,0.5795194398289832,0.42048056017101715,1,0.5795194398289832
1200,9,20,0.6,0.007426694947819205,0.992573305052181,2,0.992573305052181
