id,stratum,psu,w,post_class1,post_class2,post_class3,modal_class
1,1,1,50,0.9986878017473906,0.001312198252609909,4.795780285998329e-35,1
2,1,1,50,0.9994902145054887,5.097849164789709e-4,5.780319508562861e-10,1
3,1,1,50,4.2088314796010766e-5,0.9998245464364806,1.333652487233796e-4,2
4,1,1,50,0.9982934043273949,0.0017065956726049069,6.953896420464969e-23,1
5,1,1,50,0.9999998779320615,1.2206793828672104e-7,3.894094570788939e-39,1
6,1,1,50,0.999999470525715,5.29244158331254e-7,2.3012719718730741e-10,1
7,1,1,50,0.9999787481194652,2.1251880534604388e-5,8.911553424142775e-37,1
8,1,1,50,4.321657067209303e-25,1.8485288903623505e-6,0.9999981514711088,3
9,1,1,50,0.9999915769480145,8.423051985533986e-6,1.51839234501075e-24,1
10,1,1,50,0.9999503255439315,4.967115997234066e-5,3.2960955755421487e-9,1
11,1,1,50,0.999999501443578,4.985564215769726e-7,1.6606387895929155e-25,1
12,1,1,50,0.9999951981161749,4.801883824450554e-6,2.109930678442517e-36,1
13,1,1,50,0.9997781849964311,2.2181499092857983e-4,1.2640526253667885e-11,1
14,1,1,50,0.9999214721672698,7.852783273106233e-5,1.8615503842245529e-22,1
15,1,1,50,0.9976482668162218,0.002351733183779093,5.486243673896433e-22,1
16,1,1,50,0.850230572864506,0.14976125171421636,8.175421277948116e-6,1
17,1,1,50,0.9999996903574697,3.0964182175488736e-7,7.087944095223504e-13,1
18,1,1,50,0.9999975765801106,2.423419889545811e-6,5.024599924678176e-26,1
19,1,1,50,2.3743195255558717e-26,2.2168749331985164e-7,0.9999997783125064,3
20,1,1,50,0.9914548389408554,0.008544564477661587,5.965814828933354e-7,1
21,1,1,50,0.9999094056926581,9.059429356010174e-5,1.3782183798206502e-11,1
22,1,1,50,0.003940598367549458,0.9955312336613475,5.281679711037517e-4,2
23,1,1,50,0.9964411470374283,0.003558852962571003,4.6979199891055667e-35,1
24,1,1,50,3.1660331887863784e-12,1.4299462303936795e-7,0.9999998570022108,3
25,1,1,50,0.9894527539164107,0.0105468895613249,3.5652226369533953e-7,1
26,1,1,50,2.5909270002126377e-22,4.940126566176354e-4,0.9995059873433818,3
27,1,1,50,0.9999917105191006,8.289480899766294e-6,2.9816232065051867e-26,1
28,1,1,50,0.9999246439071116,7.535590129404226e-5,1.9159443534861852e-10,1
29,1,1,50,8.855392038300832e-11,1.0894153730615429e-5,0.9999891057577147,3
30,1,1,50,0.9999995746566207,4.253372102551375e-7,6.169168934186074e-12,1
31,1,1,50,0.9987254145842345,0.001274568886259101,1.652950600335686e-8,1
32,1,1,50,2.244559507552635e-4,0.9997426804598653,3.286358937874686e-5,2
33,1,1,50,0.99998745224904,1.2547750959372152e-5,3.077302968559216e-22,1
34,1,1,50,0.9999892634243928,1.0736535912486919e-5,3.9695087858167726e-11,1
35,1,1,50,2.7883496006024563e-5,0.9998610287377123,1.1108776628108216e-4,2
36,1,1,50,0.9983915362287149,0.001608461731396986,2.0398877379156913e-9,1
37,1,1,50,0.9997768603400939,2.231396599055834e-4,1.544263875614518e-23,1
38,1,1,50,0.9999999241864475,7.581355241048828e-8,1.6620785239195187e-26,1
39,1,1,50,2.3743195255558717e-26,2.2168749331985164e-7,0.9999997783125064,3
40,1,1,50,2.468002936748728e-24,8.26678557186241e-5,0.9999173321442815,3
41,1,1,50,0.9975462703660322,0.0024537196180027727,1.0015965511603171e-8,1
42,1,1,50,1.1789341190206124e-6,0.01795699340434894,0.9820418276615328,3
43,1,1,50,0.9999999278758355,7.212416441837364e-8,2.841797382518608e-27,1
44,1,1,50,0.9999041355298769,9.586447012349272e-5,3.659296121897468e-24,1
45,1,1,50,8.313803616203773e-4,0.9991668222539981,1.7973843809491883e-6,2
46,1,1,50,0.9999938312754769,6.16872452327364e-6,4.807660243987465e-36,1
47,1,1,50,0.9999891123847281,1.0887615271436333e-5,3.427581833978354e-25,1
48,1,1,50,0.9999987527417387,1.2472582610953314e-6,1.2773865052532018e-25,1
49,1,1,50,8.048937500160529e-27,4.252488613338027e-8,0.9999999574751142,3
50,1,1,50,0.9999836961664333,1.6303833565789015e-5,3.0070855666904103e-24,1
51,1,2,50,0.9999959223470144,4.077652985620011e-6,7.987076444524021e-26,1
52,1,2,50,0.991734834390178,0.008263162189145962,2.0034206768345564e-6,1
53,1,2,50,8.768562730835518e-27,9.808235173423957e-8,0.9999999019176483,3
54,1,2,50,0.42856802689640655,0.5714317618833913,2.1122020285222682e-7,2
55,1,2,50,0.9999978837913278,2.1162086723906604e-6,5.969540556437731e-23,1
56,1,2,50,0.9983737848577365,0.0016262148821765577,2.600865248323135e-10,1
57,1,2,50,9.339333590977427e-12,7.45448348099201e-7,0.9999992545423123,3
58,1,2,50,0.9999955896493394,4.4103260605281174e-6,2.4600142579835533e-11,1
59,1,2,50,0.9999211302125217,7.886974458831933e-5,4.2890015452655386e-11,1
60,1,2,50,3.568724689791302e-22,2.7497943882053505e-5,0.9999725020561181,3
61,1,2,50,3.140084810654441e-5,0.9999421766041198,2.6422547774184165e-5,2
62,1,2,50,0.9999960836384134,3.916339028265312e-6,2.2558663584489716e-11,1
63,1,2,50,0.9999957137625439,4.286237455757958e-6,4.671390574495341e-25,1
64,1,2,50,0.9999971594041068,2.8405958928550805e-6,1.3525391760334605e-39,1
65,1,2,50,0.999999914623671,8.537632863210001e-8,1.8124916097609923e-26,1
66,1,2,50,0.1861639652399531,0.8138360163758788,1.8384168696196187e-8,2
67,1,2,50,0.9963085363774369,0.0036913849174332837,7.870512992588971e-8,1
68,1,2,50,1.861704033609459e-4,0.98094142588718225,0.01887240370945691,2
69,1,2,50,0.9999737493418781,2.6250658122122457e-5,7.0452505548196695e-37,1
70,1,2,50,0.9999483888533931,5.161114660725492e-5,9.866533717145264e-24,1
71,1,2,50,0.9999982357702566,1.7642297434007321e-6,5.7729174063553485e-27,1
72,1,2,50,0.9963246006550924,0.0036753993449071326,7.288899059234567e-22,1
73,1,2,50,0.9999627588969848,3.7241103015328016e-5,2.0339028601348536e-25,1
74,1,2,50,1.5110024560339877e-4,0.9996619788675388,1.8692088685700199e-4,2
75,1,2,50,0.9999984774801325,1.5225198673881046e-6,1.0012505109109195e-25,1
76,1,2,50,2.5891633373978885e-5,0.9997114244729917,2.626838936336525e-4,2
77,1,2,50,2.8050364682012643e-12,1.3934655776945099e-6,0.9999986065316168,3
78,1,2,50,0.9999962890929199,3.7109070801414407e-6,3.359348146369688e-22,1
79,1,2,50,0.9999954652651745,4.534734826313258e-6,1.2302119714274654e-22,1
80,1,2,50,0.9999999009271634,9.907283659065294e-8,2.4734294528735547e-26,1
81,1,2,50,0.999990490157657,9.509842342803016e-6,1.6666589402261043e-37,1
82,1,2,50,2.050579043351619e-23,0.0012617426875990603,0.9987382573124001,3
83,1,2,50,0.9999576332198699,4.2366760916362634e-5,1.9214194394459708e-11,1
84,1,2,50,0.9997099873369069,2.900126630924509e-4,2.073966771652633e-23,1
85,1,2,50,0.999847363805595,1.526361944053229e-4,8.83097815394102e-38,1
86,1,2,50,0.9999950150513446,4.984948655596831e-6,3.836781883267853e-24,1
87,1,2,50,0.9999625923720454,3.740758446104164e-5,4.349364647824827e-11,1
88,1,2,50,0.08585563224958782,0.9141398302465261,4.537503886460497e-6,2
89,1,2,50,3.588256844171748e-12,2.40078551594565e-7,0.9999997599178605,3
90,1,2,50,0.9999580346354799,4.1965364520088114e-5,3.549991262249091e-25,1
91,1,2,50,0.9974007972189461,0.0025992027810534815,9.791630001190816e-23,1
92,1,2,50,0.9999861478751081,1.385212489108073e-5,7.18017102268239e-23,1
93,1,2,50,0.004767857506766735,0.9951637584551297,6.838403810331518e-5,2
94,1,2,50,0.9999541210478421,4.58789521584927e-5,1.703114933909816e-23,1
95,1,2,50,0.9802009473212596,0.019799052678740197,4.571122200234609e-21,1
96,1,2,50,6.085768723571124e-4,0.9993786474321984,1.2775695443574388e-5,2
97,1,2,50,0.9999981455242688,1.8544757310795982e-6,3.376398778453675e-26,1
98,1,2,50,0.9954863357572136,0.004513657117101649,7.125685200582929e-9,1
99,1,2,50,0.9994596707264126,5.403187861843287e-4,1.0487402660690366e-8,1
100,1,2,50,0.9998394271352297,1.605728647696564e-4,3.800824493584555e-38,1
101,2,3,50,0.001062326204485855,0.9922978120049433,0.006639861790570549,2
102,2,3,50,0.9974383489714156,0.002561651028584053,2.81130688130538e-21,1
103,2,3,50,0.9999355733989322,6.442642770409535e-5,1.733637857736414e-10,1
104,2,3,50,8.914725433827303e-22,2.3878547219841198e-4,0.9997612145278009,3
105,2,3,50,0.9999965907434272,3.4092565731403966e-6,7.609212200300486e-25,1
106,2,3,50,0.9999701371974753,2.9862802524418928e-5,4.757272162182445e-25,1
107,2,3,50,0.006288232231763166,0.9937107189976354,1.048770601110322e-6,2
108,2,3,50,0.004491420350935967,0.9954678281860689,4.07514629948954e-5,2
109,2,3,50,0.9999832484055582,1.6751594442152975e-5,2.936145128194056e-24,1
110,2,3,50,9.59288006157505e-10,9.583466951952012e-4,0.9990416523455171,3
111,2,3,50,0.07817958615488733,0.9217474191496148,7.299469549744926e-5,2
112,2,3,50,0.999683212273285,3.167877267145762e-4,1.6528730405808794e-22,1
113,2,3,50,0.9995610305413603,4.389694586401305e-4,2.837213575101054e-37,1
114,2,3,50,0.96929024417241,0.030709621643244814,1.3418434537269943e-7,1
115,2,3,50,0.9995942878964054,4.057095815556117e-4,2.5220389723305833e-9,1
116,2,3,50,0.9999987469271234,1.2530728764209993e-6,7.872155738432187e-25,1
117,2,3,50,0.9999931290806028,6.870773339313276e-6,1.46058263930956e-10,1
118,2,3,50,0.9999995988448541,4.0115514590640677e-7,9.361299014284804e-26,1
119,2,3,50,0.04036328641269362,0.9596367135873062,1.4512479740633242e-19,2
120,2,3,50,0.9999201404354198,7.985956458083644e-5,1.3794793350232345e-22,1
121,2,3,50,0.9999966326305744,3.367369426090806e-6,2.04175372148593e-37,1
122,2,3,50,0.9999627588969848,3.7241103015328016e-5,2.0339028601348536e-25,1
123,2,3,50,0.9999985888704277,1.4111295726089543e-6,8.584560778901489e-25,1
124,2,3,50,0.4448913589191116,0.5551083639436903,2.7713719905156325e-7,2
125,2,3,50,9.742374521433911e-4,0.9990098072025395,1.595534531682197e-5,2
126,2,3,50,0.9999666400524517,3.3359947549090566e-5,1.0089208540931403e-22,1
127,2,3,50,4.63796128309841e-19,0.9877457179715419,0.012254282028458222,2
128,2,3,50,0.9999927197582533,7.280209270457263e-6,3.247632171826343e-11,1
129,2,3,50,0.9999882590190371,1.1740980962181202e-5,5.765995819019767e-36,1
130,2,3,50,0.00799402637430947,0.9920004177443851,5.555881304660537e-6,2
131,2,3,50,0.0029326274761831924,0.9970673725238172,3.0866777085175463e-18,2
132,2,3,50,0.9999975485821295,2.4514178700664702e-6,2.3458342557377138e-38,1
133,2,3,50,0.9999146283416875,8.537165831331442e-5,5.264812379764692e-23,1
134,2,3,50,0.9961380601312009,0.0038619350228978316,4.845901243419638e-9,1
135,2,3,50,0.9979497148050472,0.0020502851949533328,1.0401222917634897e-22,1
136,2,3,50,0.999479101181802,5.208988181981906e-4,9.086100864034524e-24,1
137,2,3,50,0.9996663737797868,3.336262202136612e-4,2.511737500192804e-36,1
138,2,3,50,0.9999961010911143,3.898908885805597e-6,1.0549155396346517e-25,1
139,2,3,50,0.9999996611123768,3.3888762356446937e-7,1.4677539027741137e-26,1
140,2,3,50,0.9980490855570916,0.0019506432159010702,2.7122700821483707e-7,1
141,2,3,50,0.0014090136692643676,0.9983249887982641,2.6599753247095976e-4,2
142,2,3,50,0.9999976455615777,2.354438422187701e-6,6.62556352933144e-24,1
143,2,3,50,0.9983088911872243,0.001691028275583285,8.0537192332891807e-08,1
144,2,3,50,4.7126204768736536e-4,0.9995042890425699,2.4448909743470715e-5,2
145,2,3,50,0.9999951731186362,4.8268813640368706e-6,5.0941346053949e-25,1
146,2,3,50,0.999998217484223,1.7825157768609712e-6,7.6155342475062645e-25,1
147,2,3,50,0.999863808200109,1.3619179989178657e-4,2.4839201762177885e-24,1
148,2,3,50,0.9947300233119063,0.005269976688093821,1.0954780589197722e-21,1
149,2,3,50,0.9999905755513968,9.424394891922115e-6,5.3710676724665344e-11,1
150,2,3,50,0.9999940011485857,5.998851414106172e-6,9.036682218820251e-25,1
151,2,4,50,0.99996383896062,3.6160660676865524e-5,3.7870342734215513e-10,1
152,2,4,50,0.009969308640431874,0.9900301813755454,5.099840220423101e-7,2
153,2,4,50,0.9999976227909919,2.377209007968172e-6,1.908796853371418e-37,1
154,2,4,50,0.9999999009271634,9.907283659065294e-8,2.4734294528735547e-26,1
155,2,4,50,0.9999558880637279,4.4111936272202405e-5,2.0762745539369895e-24,1
156,2,4,50,0.9999994759407912,5.240592092418555e-7,9.71255735873904e-25,1
157,2,4,50,0.9999913330208293,8.666979170040688e-6,1.531186599930273e-23,1
158,2,4,50,0.9999995746566207,4.253372102551375e-7,6.169168934186074e-12,1
159,2,4,50,1.2958914233576316e-26,8.748241564180476e-8,0.9999999125175842,3
160,2,4,50,4.985786471670678e-6,0.023521133264165515,0.9764738809493629,3
161,2,4,50,0.9999953639284215,4.63592770043466e-6,1.4387851801292018e-10,1
162,2,4,50,9.293180845341909e-21,0.008492811184998754,0.9915071888150018,3
163,2,4,50,1.4777138918846052e-6,0.3395040944451983,0.660494427840909,3
164,2,4,50,4.161400392914226e-24,1.1879118868957842e-5,0.9999881208811314,3
165,2,4,50,0.9986318912341737,0.001368108765826824,2.708275425941409e-23,1
166,2,4,50,4.868914309747482e-25,5.687295517838314e-7,0.9999994312704478,3
167,2,4,50,0.0379746060558494,0.9604264505703679,0.0015989433737820392,2
168,2,4,50,0.9998718061535677,1.2819372778926068e-4,1.1864312211681907e-10,1
169,2,4,50,5.17867634185762e-10,2.4843135213528135e-4,0.9997515681299967,3
170,2,4,50,0.9996695559718305,3.304440281689207e-4,2.6311338091019437e-22,1
171,2,4,50,3.073733963980279e-4,0.9996896649218822,2.961681720481428e-6,2
172,2,4,50,0.9999973468844875,2.6531155121710464e-6,3.7890732932234843e-25,1
173,2,4,50,6.531015394212576e-4,0.9993397798872775,7.118573300443302e-6,2
174,2,4,50,0.9967877955606846,0.0032122044393152363,2.2911866055374006e-20,1
175,2,4,50,0.99999967451484,3.254810143882211e-7,4.145517055054201e-12,1
176,2,4,50,1.6133923359147838e-26,2.3127823557765738e-7,0.9999997687217644,3
177,2,4,50,1.1041623011396738e-22,1.8085255879673036e-4,0.9998191474412039,3
178,2,4,50,0.4641563613074239,0.535843638692576,2.2627643617296323e-18,2
179,2,4,50,0.9998518306317881,1.4816893331685979e-4,4.348951701110016e-10,1
180,2,4,50,0.9947168204376938,0.005283179562306618,3.654714830362549e-21,1
181,2,4,50,0.9993720640463754,6.279359536244234e-4,7.20195272627865e-23,1
182,2,4,50,0.999999470525715,5.29244158331254e-7,2.3012719718730741e-10,1
183,2,4,50,0.9999991321660646,8.678339351284094e-7,1.5464254390232586e-26,1
184,2,4,50,0.9997984735410288,2.015264589717578e-4,1.5974728421271757e-23,1
185,2,4,50,0.9999992833338595,7.166661401694667e-7,3.9531587705290026e-38,1
186,2,4,50,0.9999996164295694,3.8357043044409425e-7,1.2364196434590677e-25,1
187,2,4,50,0.9999998779320615,1.2206793828672104e-7,3.894094570788939e-39,1
188,2,4,50,0.9999993824106459,6.175893537753942e-7,2.8968150706981566e-38,1
189,2,4,50,0.9959639726015996,0.004036027398399799,3.6392438011980045e-20,1
190,2,4,50,0.9999213560486786,7.864381543668316e-5,1.3588538639640097e-10,1
191,2,4,50,7.913186001255522e-4,0.9992068309323268,1.850467548049611e-6,2
192,2,4,50,0.8897466962761207,0.11025310206673301,2.016571456058779e-7,1
193,2,4,50,1.6883720879384327e-10,1.0054188000407187e-5,0.9999899456431622,3
194,2,4,50,0.9997052104190856,2.947895809152439e-4,1.0231157625632017e-22,1
195,2,4,50,0.9999788966159916,2.110338400818219e-5,5.526128021575689e-26,1
196,2,4,50,0.32929639364810487,0.670700840041223,2.7663106728492207e-6,2
197,2,4,50,6.638452308290735e-5,0.9998356039824167,9.801149450047015e-5,2
198,2,4,50,0.9999985312184658,1.4687815341803407e-6,2.1190545199198287e-38,1
199,2,4,50,0.9993334102778589,6.665897221413613e-4,4.6929721341908065e-21,1
200,2,4,50,3.30177535876623e-19,0.9631264104143127,0.036873589585688024,2
201,3,5,40,0.9999959087604687,4.091239531005349e-6,6.976920560136106e-37,1
202,3,5,40,0.9999801733066411,1.9826684558338315e-5,8.800488746656588e-12,1
203,3,5,40,0.9967288278127404,0.003271172187258714,6.571143882415051e-24,1
204,3,5,40,0.9991516268031604,8.483731968403022e-4,2.9070309452021342e-36,1
205,3,5,40,0.9961579954183885,0.003842004581611049,1.2604344152399362e-22,1
206,3,5,40,0.9999976574517595,2.342548240292308e-6,8.576984535079653e-25,1
207,3,5,40,0.998735151340939,0.001264676552204916,1.7210685641287067e-7,1
208,3,5,40,0.9994262254231175,5.73774462922885e-4,1.1395988799066288e-10,1
209,3,5,40,0.9926580387476702,0.007341941676580654,1.9575748545873978e-8,1
210,3,5,40,6.669177050071848e-25,8.554843708267108e-7,0.9999991445156287,3
211,3,5,40,0.9999985450929817,1.4549033571813545e-6,3.660833996483828e-12,1
212,3,5,40,3.6767053256264903e-22,0.00413901933625787,0.995860980663743,3
213,3,5,40,0.999997524328281,2.47567171808119e-6,5.558167969872575e-24,1
214,3,5,40,1.2849940410089178e-5,0.9924802035479158,0.007506946511673377,2
215,3,5,40,0.9975414190225551,0.0024585809774447377,2.9454765301301525e-23,1
216,3,5,40,1.5957547698062054e-4,0.9998372129270596,3.2115959600725827e-6,2
217,3,5,40,0.9999999241864475,7.581355241048828e-8,1.6620785239195187e-26,1
218,3,5,40,4.07682286407549e-27,3.70742492672018e-8,0.9999999629257503,3
219,3,5,40,0.995076281100059,0.004923708683692448,1.021624918212198e-8,1
220,3,5,40,0.999999914623671,8.537632863210001e-8,1.8124916097609923e-26,1
221,3,5,40,2.7585549684299822e-27,4.156640568782828e-8,0.9999999584335946,3
222,3,5,40,6.030250327893516e-24,2.5894204461762252e-5,0.9999741057955376,3
223,3,5,40,0.9999998838723713,1.1612762878266902e-7,6.658065563208556e-40,1
224,3,5,40,0.9999999278758355,7.212416441837364e-8,2.841797382518608e-27,1
225,3,5,40,0.9998205284288001,1.794715712005659e-4,1.6447764146099508e-22,1
226,3,5,40,0.9999978681700488,2.131829951379345e-6,4.14734056619729e-23,1
227,3,5,40,4.8213735019755465e-4,0.9974462915625187,0.0020715710872838545,2
228,3,5,40,0.9999994543547223,5.456452779818056e-7,3.438809601606588e-39,1
229,3,5,40,5.8981393476229376e-27,3.616069437616134e-8,0.9999999638393058,3
230,3,5,40,0.9999999241864475,7.581355241048828e-8,1.6620785239195187e-26,1
231,3,5,40,5.666007892618141e-4,0.99939721308776,3.6186122978171885e-5,2
232,3,5,40,4.648848304259704e-8,5.5437326267920414e-5,0.9999445161852498,3
233,3,5,40,0.9999999102563915,8.974360830623445e-8,1.0600697276510287e-25,1
234,3,5,40,3.689045115776399e-4,0.9996240052763115,7.090212110568324e-6,2
235,3,5,40,5.064014567545771e-25,2.437443997440875e-6,0.9999975625560028,3
236,3,5,40,4.289375122476216e-5,0.9993560223407788,6.010839079963539e-4,2
237,3,5,40,0.9999983522085727,1.647789810051795e-6,1.617254864186151e-12,1
238,3,5,40,0.999121215570998,8.787824378253584e-4,1.991176812261614e-9,1
239,3,5,40,1.2574931622302513e-19,0.9201461934711644,0.07985380652883628,2
240,3,5,40,4.991174222214089e-8,2.2576213930280113e-4,0.9997741879489541,3
241,3,5,40,0.9999995968086881,4.031913118551608e-7,7.23143217685907e-25,1
242,3,5,40,0.9999996593922653,3.40607734822624e-7,1.133813030369994e-25,1
243,3,5,40,0.6877512865344628,0.31224822433043464,4.89135101650285e-7,1
244,3,5,40,0.8913281738429888,0.10867164051470236,1.8564230943018185e-7,1
245,3,5,40,0.9999041355298769,9.586447012349272e-5,3.659296121897468e-24,1
246,3,5,40,9.121376275322037e-25,7.254725075307764e-6,0.999992745274924,3
247,3,5,40,0.9998748269907133,1.251729410978477e-4,6.818858405190884e-11,1
248,3,5,40,0.9999998838723713,1.1612762878266902e-7,6.658065563208556e-40,1
249,3,5,40,6.072317206918812e-24,1.214788648162828e-4,0.9998785211351836,3
250,3,5,40,4.822921474982581e-26,5.69185319775174e-7,0.9999994308146801,3
251,3,6,40,0.9999986889404596,1.3110595405212558e-6,7.471034221375652e-25,1
252,3,6,40,9.498679734536584e-4,0.999048507921285,1.6241052607907218e-6,2
253,3,6,40,0.9999960038627157,3.996137284192149e-6,2.0482736948945787e-38,1
254,3,6,40,2.514037409647871e-11,2.3510884731256415e-6,0.9999976488863868,3
255,3,6,40,0.0013785940561763606,0.9985882489699948,3.315697382961101e-5,2
256,3,6,40,0.0049071050341921935,0.9949920382607009,1.0085670510629547e-4,2
257,3,6,40,0.9990040755262339,9.959244737667787e-4,1.3875509010248075e-22,1
258,3,6,40,0.010159082976983322,0.9898196707243433,2.1246298673396124e-5,2
259,3,6,40,2.050481401920378e-4,0.9930086038012064,0.006786348058601979,2
260,3,6,40,0.0019899716654522654,0.9975568164029687,4.532119315789303e-4,2
261,3,6,40,0.878382067272883,0.12161766118569614,2.7154142116014955e-7,1
262,3,6,40,0.9996421012549067,3.578983596895954e-4,3.854037718415924e-10,1
263,3,6,40,2.2513041156182585e-25,3.239815152805163e-6,0.999996760184847,3
264,3,6,40,0.024428154788223216,0.9755681046564494,3.7405553279454786e-6,2
265,3,6,40,0.9997500023947614,2.499942749114484e-4,3.330326812025703e-9,1
266,3,6,40,0.9999996611123768,3.3888762356446937e-7,1.4677539027741137e-26,1
267,3,6,40,1.1325072569393839e-4,0.9998864806696015,2.6860470525053316e-7,2
268,3,6,40,1.0272717881800044e-4,0.9605464738930586,0.03935079892812383,2
269,3,6,40,7.178038026272396e-5,0.9982829149134069,0.0016453047063298275,2
270,3,6,40,0.005795129299928956,0.9941239195192921,8.09511807782457e-5,2
271,3,6,40,0.12640386231851145,0.873570941206898,2.519647458990346e-5,2
272,3,6,40,0.9999008498823618,9.91501176384187e-5,2.8539561385466562e-25,1
273,3,6,40,0.9999995783244576,4.2167554261859883e-7,5.475131295942269e-25,1
274,3,6,40,0.999754698361642,2.4530163835782376e-4,6.838180240074982e-23,1
275,3,6,40,0.9993503957476355,6.490923066754585e-4,5.119456890567782e-7,1
276,3,6,40,4.499182174260096e-26,5.706229367387519e-7,0.9999994293770629,3
277,3,6,40,0.006334391313531783,0.9923075408918863,0.0013580677945810265,2
278,3,6,40,0.14820572913045674,0.8517942708695441,1.7665396967585144e-19,2
279,3,6,40,0.9981707239502846,0.001829275366242714,6.83472731272535e-10,1
280,3,6,40,0.99989347559752,1.0652440248033834e-4,4.8321015071412595e-23,1
281,3,6,40,1.0459134929437473e-4,0.9723640673779589,0.027531341272746448,2
282,3,6,40,0.9999552061753624,4.479382463679827e-5,6.606038967096279e-23,1
283,3,6,40,0.019589435172643905,0.9803720695934605,3.8495233896070463e-5,2
284,3,6,40,0.9999978288781707,2.171121829634349e-6,1.0346844518273323e-24,1
285,3,6,40,0.9963252730459979,0.003674701661804726,2.5292197146896592e-8,1
286,3,6,40,0.870640136159931,0.1293598638400697,1.6863811471531953e-19,1
287,3,6,40,1.7366587406735665e-4,0.9995635378521863,2.6279627374615057e-4,2
288,3,6,40,1.0584666344670406e-25,1.454910547449976e-6,0.9999985450894521,3
289,3,6,40,0.9999981055395327,1.894460466973189e-6,3.7349424940200745e-24,1
290,3,6,40,0.9999994098383819,5.901616177928807e-7,1.0591513862535798e-24,1
291,3,6,40,0.9998826698533597,1.1733014663973553e-4,6.220978563486873e-37,1
292,3,6,40,0.9996830447400045,3.1695525999610435e-4,2.732183202218866e-36,1
293,3,6,40,0.9979951595301996,0.002004840469800078,9.39691329837761e-24,1
294,3,6,40,0.9999973468844875,2.6531155121710464e-6,3.7890732932234843e-25,1
295,3,6,40,1.74067918572338e-5,0.9999714889933085,1.110421483445467e-5,2
296,3,6,40,0.9997301738692189,2.698227880231977e-4,3.34275704321206e-9,1
297,3,6,40,0.01102693345371653,0.9889691689476807,3.897598603523454e-6,2
298,3,6,40,2.3819626734238462e-4,0.9996716106375405,9.019309511763337e-5,2
299,3,6,40,0.9999995988448541,4.0115514590640677e-7,9.361299014284804e-26,1
300,3,6,40,0.9999787481194652,2.1251880534604388e-5,8.911553424142775e-37,1
301,4,7,40,0.9999999241864475,7.581355241048828e-8,1.6620785239195187e-26,1
302,4,7,40,1.7364398106705e-10,4.012037256068397e-5,0.9999598794537949,3
303,4,7,40,0.9998525398769864,1.474601230132347e-4,1.6275203498464099e-21,1
304,4,7,40,0.9999787723036858,2.1227696314137926e-5,3.141399078895817e-26,1
305,4,7,40,0.9999973485841998,2.65141579983041e-6,7.225154938543968e-24,1
306,4,7,40,0.9999999241864475,7.581355241048828e-8,1.6620785239195187e-26,1
307,4,7,40,0.9999912913511178,8.706880258047264e-6,1.768624718644529e-9,1
308,4,7,40,0.001576193448259772,0.9976746722847056,7.491342670353536e-4,2
309,4,7,40,0.9999999278758355,7.212416441837364e-8,2.841797382518608e-27,1
310,4,7,40,0.9998867654576634,1.1322915303932608e-4,5.389296695671309e-9,1
311,4,7,40,0.9999996593922653,3.40607734822624e-7,1.133813030369994e-25,1
312,4,7,40,0.8131234427916341,0.18687644205535167,1.1515301431461838e-7,1
313,4,7,40,0.9996772348064785,3.22765193522327e-4,7.724501099054138e-24,1
314,4,7,40,1.0290167628318792e-25,1.246121930197554e-6,0.9999987538780691,3
315,4,7,40,7.493813109326372e-10,3.4336066637677436e-5,0.9999656631839808,3
316,4,7,40,0.9999996903574697,3.0964182175488736e-7,7.087944095223504e-13,1
317,4,7,40,0.9998521993340382,1.4779625905007325e-4,4.406911746024507e-9,1
318,4,7,40,0.003054148433823372,0.9928134806916207,0.004132370874555698,2
319,4,7,40,0.9997301927352079,2.698072647921771e-4,6.943830334083652e-21,1
320,4,7,40,0.9988328332076271,0.0011671667923727532,3.7344187986092576e-36,1
321,4,7,40,0.9999867410265872,1.3258160024897919e-5,8.133876895356859e-10,1
322,4,7,40,0.9999992801299811,7.198700193258002e-7,8.453565875236766e-24,1
323,4,7,40,0.9985579211309465,0.0014420788690531947,1.0905871497319411e-23,1
324,4,7,40,2.1891586680723374e-4,0.9997207757122466,6.03084209470035e-5,2
325,4,7,40,0.999991717366896,8.282073262314799e-6,5.598420849070149e-10,1
326,4,7,40,0.9999207885812951,7.921029813257274e-5,1.1205716903937914e-9,1
327,4,7,40,0.9999983042283657,1.6957716339463353e-6,1.3020929382726388e-25,1
328,4,7,40,0.9999625923720454,3.740758446104164e-5,4.349364647824827e-11,1
329,4,7,40,7.398161915032669e-24,9.449065138933585e-5,0.9999055093486112,3
330,4,7,40,0.9999051957370751,9.480426292493955e-5,3.7694583844799604e-25,1
331,4,7,40,1.1857391112000037e-8,1.2789352167781e-4,0.9998720946209315,3
332,4,7,40,0.999992257616772,7.742374875449865e-6,8.352876667283699e-12,1
333,4,7,40,0.9999927197582533,7.280209270457263e-6,3.247632171826343e-11,1
334,4,7,40,0.99999808904671,1.910911205859637e-6,4.208390568943852e-11,1
335,4,7,40,0.9999977365127066,2.263473217189268e-6,1.4076174055890382e-11,1
336,4,7,40,7.274648215016596e-11,3.052296919321285e-6,0.9999969476303336,3
337,4,7,40,0.9976554487934618,0.0023445512065390236,5.54737225403904e-34,1
338,4,7,40,3.6084508325399355e-23,9.92321222447e-4,0.9990076787775538,3
339,4,7,40,1.2841019028493923e-25,1.8327620610764288e-6,0.9999981672379397,3
340,4,7,40,0.679139061120349,0.3208607764748889,1.6240476126065577e-7,1
341,4,7,40,1.4170417797147432e-9,5.326270792895671e-6,0.9999946723121651,3
342,4,7,40,2.5584994354824737e-26,1.0034403419631006e-7,0.9999998996559661,3
343,4,7,40,0.9937692722419261,0.006230726052188044,1.7058857854788312e-9,1
344,4,7,40,9.699514226141588e-22,0.002452143571842623,0.9975478564281567,3
345,4,7,40,0.9999308755849307,6.911684348301573e-5,7.571586392279343e-9,1
346,4,7,40,0.9999996164295694,3.8357043044409425e-7,1.2364196434590677e-25,1
347,4,7,40,0.9995744697422222,4.2553018661831745e-4,7.115948375894798e-11,1
348,4,7,40,9.87094959403056e-24,7.23065331983288e-6,0.9999927693466799,3
349,4,7,40,6.055878451390691e-24,2.4094994016188242e-5,0.9999759050059843,3
350,4,7,40,0.9999999102563915,8.974360830623445e-8,1.0600697276510287e-25,1
351,4,8,40,0.9999979824199269,2.0175800740138387e-6,1.8443711570937886e-37,1
352,4,8,40,0.9999982688497556,1.7309698793645638e-6,1.8036448137236236e-10,1
353,4,8,40,0.9999994782731882,5.2172681219877e-7,4.541903599045311e-39,1
354,4,8,40,0.026762770698972226,0.9732372293010277,7.314349931774677e-18,2
355,4,8,40,0.99999808904671,1.910911205859637e-6,4.208390568943852e-11,1
356,4,8,40,0.9999993151616877,6.848383120195855e-7,1.4453782889566401e-24,1
357,4,8,40,0.9999977279321205,2.272067879349897e-6,2.0112806829794293e-37,1
358,4,8,40,0.9999998111721587,1.888278409682772e-7,3.696045987903281e-38,1
359,4,8,40,0.9999842149021466,1.5785097852747378e-5,8.365659068430758e-22,1
360,4,8,40,3.122084027734104e-22,6.575514181177567e-4,0.9993424485818814,3
361,4,8,40,0.9999996903574697,3.0964182175488736e-7,7.087944095223504e-13,1
362,4,8,40,2.939537009627577e-27,1.5836491747464656e-8,0.999999984163508,3
363,4,8,40,0.9963472302498588,0.0036527697501417167,2.9290736533173377e-22,1
364,4,8,40,6.515890762663635e-21,0.006124103424330033,0.9938758965756701,3
365,4,8,40,0.9999995746566207,4.253372102551375e-7,6.169168934186074e-12,1
366,4,8,40,3.2308228030846612e-6,0.9962485195463016,0.003748249630896064,2
367,4,8,40,2.42887622304519e-18,0.0698259040669434,0.9301740959330573,3
368,4,8,40,0.5147862692262077,0.4851878991941444,2.583157964700375e-5,1
369,4,8,40,1.0584784950519291e-21,0.018478613135281444,0.9815213868647189,3
370,4,8,40,5.9985729680721555e-5,0.11360942147581682,0.8863305927945029,3
371,4,8,40,0.9913842795435917,0.008615720456408902,1.9990647618160524e-21,1
372,4,8,40,0.999989794297844,1.0205702156140055e-5,4.760840011714682e-23,1
373,4,8,40,1.3683502036294766e-25,6.982695028924934e-7,0.9999993017304978,3
374,4,8,40,0.010091610789516358,0.9898972426367998,1.1146573684107946e-5,2
375,4,8,40,0.9998690104102298,1.30989589770994e-4,1.8649701716036888e-24,1
376,4,8,40,8.023199410744818e-4,0.5220444414537715,0.4771532386051545,2
377,4,8,40,1.2958914233576316e-26,8.748241564180476e-8,0.9999999125175842,3
378,4,8,40,0.999999470525715,5.29244158331254e-7,2.3012719718730741e-10,1
379,4,8,40,0.9994874681393063,5.125316858564836e-4,1.7483660053989165e-10,1
380,4,8,40,0.9999983042283657,1.6957716339463353e-6,1.3020929382726388e-25,1
381,4,8,40,0.9999959223470144,4.077652985620011e-6,7.987076444524021e-26,1
382,4,8,40,1.1524512128986705e-5,0.9999738170764574,1.4658411412799264e-5,2
383,4,8,40,8.010030539714857e-6,0.02138479334929219,0.9786071966201682,3
384,4,8,40,0.038660262029273744,0.9608069100323265,5.32827938399033e-4,2
385,4,8,40,0.9999894864199955,1.0511926786710655e-5,1.6532186278026924e-9,1
386,4,8,40,6.735908769032159e-6,0.9999124006857474,8.086340548427985e-5,2
387,4,8,40,0.9975970674139826,0.002402909567522699,2.301849433853451e-8,1
388,4,8,40,0.9829199135278627,0.017080086472137105,5.841729857869866e-23,1
389,4,8,40,0.9999991321660646,8.678339351284094e-7,1.5464254390232586e-26,1
390,4,8,40,0.999981598561734,1.8401321754718184e-5,1.1651110646653441e-10,1
391,4,8,40,0.9999998827234247,1.1727657549458295e-7,1.5775474127918175e-25,1
392,4,8,40,0.999566023744334,4.3397609066757363e-4,1.6499899174614906e-10,1
393,4,8,40,8.592949693976156e-21,0.003431682832899864,0.9965683171670997,3
394,4,8,40,0.9999915769480145,8.423051985533986e-6,1.51839234501075e-24,1
395,4,8,40,5.693678092140535e-7,0.9967321429699478,0.003267287662243812,2
396,4,8,40,0.9999927197582533,7.280209270457263e-6,3.247632171826343e-11,1
397,4,8,40,9.569905047939106e-4,0.992831647675517,0.006211361819689702,2
398,4,8,40,0.988155611799775,0.011844383465969789,4.734255816862941e-9,1
399,4,8,40,0.9998956329634677,1.0436703653187488e-4,3.0093291419310863e-21,1
400,4,8,40,4.560991598230207e-27,5.363930432643112e-8,0.999999946360696,3
401,5,9,30,0.992648706260004,0.007324479470491563,2.681426950389784e-5,1
402,5,9,30,1.6202017283686733e-8,0.0011804739628971687,0.9988195098350859,3
403,5,9,30,0.9993304589736965,6.695376976565881e-4,3.3286459906030004e-9,1
404,5,9,30,0.9999999102563915,8.974360830623445e-8,1.0600697276510287e-25,1
405,5,9,30,0.9994804108564413,5.195891435589911e-4,9.207203270679755e-23,1
406,5,9,30,0.999380119998902,6.198796408866297e-4,3.602108926190138e-10,1
407,5,9,30,3.4967639983627344e-5,0.9266310707658317,0.07333396159418397,2
408,5,9,30,2.3200211465282696e-12,1.21594327676635e-7,0.999999878403352,3
409,5,9,30,0.9999880804486595,1.1919551340605524e-5,2.584752729178047e-24,1
410,5,9,30,1.0979170675364186e-24,1.390860245710653e-6,0.9999986091397544,3
411,5,9,30,0.9668369244818198,0.03316307295283171,2.565348388398339e-9,1
412,5,9,30,8.437432326350914e-5,0.9907411651609201,0.00917446051581718,2
413,5,9,30,0.9999758366358708,2.416336412933783e-5,1.6285592699667931e-37,1
414,5,9,30,0.9999976227909919,2.377209007968172e-6,1.908796853371418e-37,1
415,5,9,30,6.362814956693478e-13,2.5225217619465003e-7,0.9999997477471875,3
416,5,9,30,2.645174190236659e-5,0.007150732608902762,0.9928228156491941,3
417,5,9,30,0.999971813996693,2.818600330688541e-5,4.6672345223220374e-24,1
418,5,9,30,2.374030669648919e-24,2.2525723076556572e-5,0.9999774742769227,3
419,5,9,30,3.0184587621795157e-4,0.9996926233865495,5.530737232418772e-6,2
420,5,9,30,0.999989792353309,1.0207646691534877e-5,1.3720162559397597e-36,1
421,5,9,30,0.9999980806031887,1.9193968111129325e-6,3.153478940054148e-38,1
422,5,9,30,0.9955123372044958,0.00448765992474982,2.8707547973135255e-9,1
423,5,9,30,1.7593994985083526e-26,2.2395904515651367e-7,0.9999997760409551,3
424,5,9,30,8.189905631065207e-25,9.874811360175584e-6,0.9999901251886391,3
425,5,9,30,0.8513246927649111,0.14867525418778377,5.304730480493131e-8,1
426,5,9,30,0.9999968651003468,3.134899653070876e-6,5.2671097015412714e-23,1
427,5,9,30,0.7901692652444384,0.20983063945384223,9.530171941590183e-8,1
428,5,9,30,0.999786767514811,2.1323192056086704e-4,5.64628858833468e-10,1
429,5,9,30,0.0034029797931227675,0.9965970202068763,9.902986383364365e-18,2
430,5,9,30,0.9663416909578971,0.03365771665255705,5.923895454146555e-7,1
431,5,9,30,4.757538802674872e-25,6.0550484192887925e-6,0.9999939449515799,3
432,5,9,30,2.2057702697476622e-23,5.849351240101032e-4,0.9994150648759891,3
433,5,9,30,6.262111740298827e-22,7.252252305250959e-4,0.9992747747694752,3
434,5,9,30,1.6318041562531216e-25,5.406517094217783e-7,0.9999994593482904,3
435,5,9,30,0.9999320306787088,6.796932129055066e-5,1.2704035060256229e-21,1
436,5,9,30,7.153527279874832e-23,3.907042077028869e-4,0.9996092957922978,3
437,5,9,30,0.005170611852564142,0.9948293881474367,3.333278000771587e-18,2
438,5,9,30,6.3039275957207764e-21,1.649019874335899e-4,0.9998350980125669,3
439,5,9,30,4.990809695614394e-4,0.999441609964074,5.930906636510114e-5,2
440,5,9,30,5.941559184148934e-10,5.0760065974206447e-5,0.9999492393398706,3
441,5,9,30,0.9973642645127874,0.0026357330907526397,2.3964595990947183e-9,1
442,5,9,30,1.8977533783599616e-25,1.63469247650134e-6,0.999998365307523,3
443,5,9,30,0.9998630060369726,1.3699396302775972e-4,1.4120156523815035e-24,1
444,5,9,30,0.9999777175904203,2.2282409579746097e-5,3.388140556165808e-24,1
445,5,9,30,2.667580877487673e-26,2.9845262714873637e-7,0.999999701547373,3
446,5,9,30,9.247666108369481e-28,6.71136038045774e-9,0.9999999932886396,3
447,5,9,30,6.080822802675785e-8,1.2801876838337763e-4,0.9998719204233882,3
448,5,9,30,0.9992570500411349,7.429499588652834e-4,5.786617352832417e-23,1
449,5,9,30,0.9999917105191006,8.289480899766294e-6,2.9816232065051867e-26,1
450,5,9,30,0.8832872157619264,0.11671278423807344,1.5110387677737918e-19,1
451,5,10,30,0.9999976706169781,2.329383021867411e-6,1.1333084792995268e-24,1
452,5,10,30,0.9999999241864475,7.581355241048828e-8,1.6620785239195187e-26,1
453,5,10,30,0.025246415919775556,0.9747535840802253,1.3109431410386176e-19,2
454,5,10,30,4.07682286407549e-27,3.70742492672018e-8,0.9999999629257503,3
455,5,10,30,0.9999137369100116,8.626308998897361e-5,1.6935581865099787e-23,1
456,5,10,30,0.9998862212538824,1.1377874611768182e-4,5.062005371001579e-36,1
457,5,10,30,2.1980121265836533e-4,0.9996338247222962,1.463740650461045e-4,2
458,5,10,30,3.2214078823633853e-10,3.320437172496493e-5,0.9999667953061336,3
459,5,10,30,0.999996992142335,3.0078576653415848e-6,1.8992938967595365e-23,1
460,5,10,30,0.9998812105367743,1.1878946322531144e-4,2.3184323545173752e-24,1
461,5,10,30,3.166552140310425e-22,5.191296923266799e-5,0.9999480870307665,3
462,5,10,30,0.0010853551999226386,0.9985964809875776,3.181638124989961e-4,2
463,5,10,30,0.9999592523387083,4.0747618836004767e-5,4.2455196345986994e-11,1
464,5,10,30,0.9998680274996535,1.3197250034680137e-4,1.9168406326675372e-22,1
465,5,10,30,5.35162012942431e-12,1.1170977924341583e-6,0.9999988828968562,3
466,5,10,30,7.885193542807663e-4,0.9992096442678329,1.8363778860568803e-6,2
467,5,10,30,0.9999998555031808,1.444968188264775e-7,2.48364423016889e-38,1
468,5,10,30,3.21781060932378e-4,0.9996707992354306,7.41970363734712e-6,2
469,5,10,30,0.0022340695069245704,0.9977645353662209,1.3951268549447393e-6,2
470,5,10,30,0.9999999278758355,7.212416441837364e-8,2.841797382518608e-27,1
471,5,10,30,0.6554053114626115,0.34459468853738906,4.9957709050979514e-17,1
472,5,10,30,4.657888834833162e-11,7.078173760833987e-6,0.99999292177966,3
473,5,10,30,3.514843328740378e-4,0.9886502289891214,0.01099828667800509,2
474,5,10,30,0.9999934345580456,6.565441954594807e-6,1.8712927598493569e-38,1
475,5,10,30,0.9999604240835319,3.95759164684166e-5,7.842070197759566e-24,1
476,5,10,30,0.9999481505128605,5.1840986399332066e-5,8.500740809575224e-9,1
477,5,10,30,2.2982656442525003e-5,0.21641854959849421,0.7835584677450625,3
478,5,10,30,0.73663803039061,0.2633468939048149,1.507570457443516e-5,1
479,5,10,30,3.0977337603546234e-21,0.008170396144917358,0.9918296038550822,3
480,5,10,30,2.0470680958644987e-5,0.9998161108570248,1.6341846201719533e-4,2
481,5,10,30,0.00815716240698628,0.9918406279430264,2.209649988068153e-6,2
482,5,10,30,2.675136655545788e-5,0.9998297437100179,1.435049234269508e-4,2
483,5,10,30,0.9999976574517595,2.342548240292308e-6,8.576984535079653e-25,1
484,5,10,30,7.117386592517454e-4,0.994264883333495,0.0050233780072524705,2
485,5,10,30,9.813356202767821e-8,0.004118407845154332,0.9958814940212843,3
486,5,10,30,1.5843961945769603e-10,2.638902908802975e-5,0.9999736108124725,3
487,5,10,30,2.8050364682012643e-12,1.3934655776945099e-6,0.9999986065316168,3
488,5,10,30,0.9999972111692802,2.788830719899377e-6,2.2161103228183337e-24,1
489,5,10,30,0.9998607988976411,1.392011023592812e-4,7.19067824052959e-23,1
490,5,10,30,0.4149566488962077,0.5850389853840572,4.3657197347208905e-6,2
491,5,10,30,1.3798090719066928e-10,3.433451854708893e-5,0.9999656653434716,3
492,5,10,30,2.6001875351535604e-26,1.997553912118829e-7,0.9999998002446087,3
493,5,10,30,6.247960816052295e-10,4.561662009397132e-6,0.9999954377131952,3
494,5,10,30,4.560991598230207e-27,5.363930432643112e-8,0.999999946360696,3
495,5,10,30,0.9999996593922653,3.40607734822624e-7,1.133813030369994e-25,1
496,5,10,30,0.9999995344895147,4.655104856497413e-7,1.2774962047499053e-25,1
497,5,10,30,2.8282927860187265e-4,0.9997168011762982,3.695450994560338e-7,2
498,5,10,30,2.3200211465282696e-12,1.21594327676635e-7,0.999999878403352,3
499,5,10,30,0.9999989727095625,1.0272904373791872e-6,9.863063217661357e-26,1
500,5,10,30,2.3918430128242828e-5,0.9967950688434033,0.0031810127264691305,2
501,6,11,10,9.122348162885374e-27,7.139648714777562e-8,0.9999999286035129,3
502,6,11,10,0.9999051957370751,9.480426292493955e-5,3.7694583844799604e-25,1
503,6,11,10,9.122348162885374e-27,7.139648714777562e-8,0.9999999286035129,3
504,6,11,10,0.999997971913142,2.0280868580953586e-6,7.091062531067973e-24,1
505,6,11,10,0.3322194968975503,0.6677493501038136,3.115299863606903e-5,2
506,6,11,10,1.5883354448815067e-6,0.8588891849112213,0.14110922675333296,2
507,6,11,10,2.5584994354824737e-26,1.0034403419631006e-7,0.9999998996559661,3
508,6,11,10,5.8981393476229376e-27,3.616069437616134e-8,0.9999999638393058,3
509,6,11,10,2.3786777716233e-25,4.5490903152543995e-6,0.9999954509096848,3
510,6,11,10,1.9834541762094633e-25,3.1521721116918957e-6,0.9999968478278888,3
511,6,11,10,5.335374779980657e-26,3.9725473137803e-7,0.9999996027452686,3
512,6,11,10,0.007076566674524651,0.9929234333254755,3.1288042635881315e-18,2
513,6,11,10,0.9999993210573623,6.789426377649753e-7,1.2827717973679166e-37,1
514,6,11,10,1.4641448814319734e-10,1.4058299621597406e-5,0.9999859415539646,3
515,6,11,10,4.554196241920715e-5,0.9999032599431734,5.1198094407164344e-5,2
516,6,11,10,4.768858659709536e-6,0.4428222800522365,0.5571729510891038,3
517,6,11,10,0.9327740063535245,0.06722591471085174,7.893562330339724e-8,1
518,6,11,10,0.9999975765801106,2.423419889545811e-6,5.024599924678176e-26,1
519,6,11,10,0.0013219196130676493,0.9980229994255776,6.550809613539443e-4,2
520,6,11,10,1.651965792084748e-11,9.899090040296714e-6,0.9999901008934408,3
521,6,11,10,0.999999914623671,8.537632863210001e-8,1.8124916097609923e-26,1
522,6,11,10,0.9999943712256353,5.628588025043388e-6,1.863400154992546e-10,1
523,6,11,10,1.156260974669689e-12,5.325195471153235e-8,0.9999999467468893,3
524,6,11,10,2.847608514512746e-10,1.922281367269697e-5,0.9999807769015662,3
525,6,11,10,4.101824545058988e-24,1.1341972064415896e-5,0.999988658027935,3
526,6,11,10,1.6932741893226628e-11,9.950642284650364e-7,0.9999990049188389,3
527,6,11,10,0.9988917951043992,0.0011081898826944701,1.5012906649057905e-8,1
528,6,11,10,9.351092615313071e-5,0.9997383710683257,1.681180055203837e-4,2
529,6,11,10,4.958011366010213e-4,0.9753114255585627,0.02419277330483551,2
530,6,11,10,4.8681519890518893e-23,5.77867379990956e-5,0.9999422132620002,3
531,6,11,10,1.7990546571594272e-24,1.7063382147487038e-5,0.9999829366178526,3
532,6,11,10,1.0576493159119339e-19,0.004217526605417603,0.9957824733945826,3
533,6,11,10,0.9999992504784443,7.495215554096833e-7,2.9930534452860977e-38,1
534,6,11,10,2.7824589565322183e-24,3.368976598589353e-5,0.9999663102340139,3
535,6,11,10,7.92131241584138e-4,0.9992065016374301,1.3671209866780686e-6,2
536,6,11,10,3.392211526720838e-7,0.02661103253211836,0.9733886282467294,3
537,6,11,10,0.9999025051558598,9.749484414057581e-5,2.6451380598877666e-36,1
538,6,11,10,1.7553594206428422e-22,0.0066927027289981605,0.9933072972710016,3
539,6,11,10,0.0022132612003272867,0.6456993632676031,0.35208737553206904,2
540,6,11,10,0.9999995344895147,4.655104856497413e-7,1.2774962047499053e-25,1
541,6,11,10,0.034136607946071984,0.9657432696322937,1.2012242163384767e-4,2
542,6,11,10,3.3353425492075865e-11,2.368097185877569e-6,0.9999976318694612,3
543,6,11,10,1.015060117127471e-24,1.3256278988999134e-5,0.9999867437210113,3
544,6,11,10,1.2447534714850358e-24,8.531527702593716e-6,0.9999914684722967,3
545,6,11,10,0.9108921027016278,0.08910789729837229,2.6185847574506248e-19,1
546,6,11,10,9.813520847856185e-23,9.960375781192451e-5,0.9999003962421876,3
547,6,11,10,0.0015577173525428323,0.9982702558372049,1.720268102523629e-4,2
548,6,11,10,3.588256844171748e-12,2.40078551594565e-7,0.9999997599178605,3
549,6,11,10,0.9999509003332404,4.9099666759795676e-5,1.6869696351401446e-24,1
550,6,11,10,6.497009562188187e-5,0.9992507805348149,6.842493695628353e-4,2
551,6,12,10,0.9999981455242688,1.8544757310795982e-6,3.376398778453675e-26,1
552,6,12,10,0.8876897760000879,0.11231022399991222,1.8814206851909672e-18,1
553,6,12,10,0.01249060111925074,0.9875086100678242,7.888129258123403e-7,2
554,6,12,10,0.0010078742214675283,0.9989292659578294,6.285982070328192e-5,2
555,6,12,10,0.9999477833161278,5.22166838714013e-5,1.3242322553375963e-23,1
556,6,12,10,0.8812723632953459,0.11872763670465389,4.596948789664334e-19,1
557,6,12,10,0.9999041355298769,9.586447012349272e-5,3.659296121897468e-24,1
558,6,12,10,0.9997394276986697,2.605722570450104e-4,4.4284506807522166e-11,1
559,6,12,10,9.575628113288985e-5,0.982767554966537,0.017136688752330067,2
560,6,12,10,0.9999896219543454,1.037791866349859e-5,1.2699157754758087e-10,1
561,6,12,10,3.637550955608464e-13,2.256769191291947e-8,0.9999999774319444,3
562,6,12,10,0.004379420524935799,0.9956072786270841,1.33008479804203e-5,2
563,6,12,10,2.5445659335842497e-22,2.221970888883629e-4,0.9997778029111113,3
564,6,12,10,0.9999999278758355,7.212416441837364e-8,2.841797382518608e-27,1
565,6,12,10,0.9995931153370676,4.068845689453429e-4,9.398762185671712e-11,1
566,6,12,10,6.094948109106484e-16,1,6.991115149379948e-18,2
567,6,12,10,8.056654692734925e-11,6.659006426263316e-5,0.9999334098551708,3
568,6,12,10,0.9997533866608355,2.466133391639656e-4,1.6754452011827815e-23,1
569,6,12,10,1.6703122025842228e-10,1.0585545941288102e-5,0.9999894142870281,3
570,6,12,10,5.77209202847763e-8,0.005644560363092295,0.9943553819159865,3
571,6,12,10,7.801819325792448e-11,1.059944875293793e-5,0.9999894004732289,3
572,6,12,10,0.019123601363789655,0.9743783825776292,0.0064980160585805654,2
573,6,12,10,0.9991695247880218,8.304752119787002e-4,1.389129154747299e-22,1
574,6,12,10,5.629055272386283e-6,0.9921281332843117,0.007866237660416199,2
575,6,12,10,0.9999920738874004,7.926112599553256e-6,3.9380632656282177e-26,1
576,6,12,10,2.6603694983097517e-8,4.114450000220862e-4,0.9995885283962825,3
577,6,12,10,0.23457379903586845,0.7654251019068233,1.0990573073637473e-6,2
578,6,12,10,0.006010851916099756,0.9936245704556631,3.645776282369873e-4,2
579,6,12,10,0.9985441466343022,0.0014558527754294133,5.902682937747011e-10,1
580,6,12,10,0.9999749151302458,2.5084869755088215e-5,2.5759308772522902e-23,1
581,6,12,10,3.002001671414119e-11,2.0897734728939965e-6,0.9999979101965076,3
582,6,12,10,4.246429638237327e-25,3.148037521379399e-6,0.9999968519624794,3
583,6,12,10,2.2807785398013447e-4,0.8628030685058896,0.13696885364012948,2
584,6,12,10,2.7927446103868905e-16,0.9992095891279167,7.904108720824081e-4,2
585,6,12,10,0.9999958984427714,4.101557227719325e-6,6.885162027977925e-38,1
586,6,12,10,0.9999815731827711,1.8426817228480176e-5,4.6967556272840665e-37,1
587,6,12,10,0.9999994731113147,5.268886850979278e-7,1.0761486463371362e-24,1
588,6,12,10,0.9999983522085727,1.647789810051795e-6,1.617254864186151e-12,1
589,6,12,10,2.45217195421097e-4,0.9997547828045767,2.8328759306641506e-15,2
590,6,12,10,8.240081016759337e-6,0.9536377565634806,0.04635400335550238,2
591,6,12,10,4.2189439944866243e-4,0.9993865280057564,1.9157759479539389e-4,2
592,6,12,10,0.002758920913016057,0.9947639199342578,0.0024771591527253264,2
593,6,12,10,6.092413588561853e-10,2.497329666236273e-4,0.9997502664241356,3
594,6,12,10,0.9999664444029253,3.355559707486044e-5,1.2059081647772714e-23,1
595,6,12,10,0.9999979086027343,2.091397266080208e-6,8.714629609152728e-25,1
596,6,12,10,1.9589202857814582e-4,0.9997910785627924,1.3029408628798742e-5,2
597,6,12,10,3.7799587320513136e-4,0.9996169503008525,5.053825943151533e-6,2
598,6,12,10,0.9999902007518509,9.797738798245955e-6,1.5093512420555617e-9,1
599,6,12,10,2.457918036143726e-4,0.9996543370069232,9.987118946155253e-5,2
600,6,12,10,3.809358622842398e-23,1.6807860813497787e-5,0.9999831921391862,3
601,7,13,10,0.9989392609359312,0.00106073906406958,8.56325534110213e-24,1
602,7,13,10,0.8056886248933046,0.1943113751066945,1.705810451808368e-20,1
603,7,13,10,0.9996417591888916,3.58235101925483e-4,5.7091822093827074e-9,1
604,7,13,10,0.9999990877735452,9.122264552667706e-7,9.04455899015164e-26,1
605,7,13,10,1.801341980113025e-23,2.4437250613991592e-5,0.9999755627493854,3
606,7,13,10,2.7585549684299822e-27,4.156640568782828e-8,0.9999999584335946,3
607,7,13,10,1.8720069700428163e-24,1.7389837904067977e-5,0.9999826101620958,3
608,7,13,10,0.9999970620610777,2.9379389224756177e-6,5.575917908342962e-25,1
609,7,13,10,0.9994459791163831,5.540208836177405e-4,7.259070814744966e-23,1
610,7,13,10,5.4984589016913644e-8,1.4903807691737237e-4,0.9998509069384932,3
611,7,13,10,3.4028834548591266e-25,2.1403979967217185e-6,0.9999978596020034,3
612,7,13,10,0.9999982867134665,1.7132865334031897e-6,1.1118048165387734e-24,1
613,7,13,10,7.389116784700926e-26,3.322266944902108e-7,0.9999996677733051,3
614,7,13,10,2.3844059567101737e-26,2.0628358381714885e-7,0.999999793716416,3
615,7,13,10,0.9999381421704867,6.185782951286188e-5,7.745922744860861e-35,1
616,7,13,10,0.999793001577647,2.0699842235382743e-4,4.604990896293793e-22,1
617,7,13,10,0.9996204051606985,3.7954422237640933e-4,5.061692538149741e-8,1
618,7,13,10,9.588306263540015e-5,0.9995923739648089,3.1174297255607923e-4,2
619,7,13,10,0.9964271241875449,0.003572875812454626,1.2224117589752432e-20,1
620,7,13,10,1.953738510618728e-23,1.5899442226393514e-4,0.9998410055777355,3
621,7,13,10,9.247666108369481e-28,6.71136038045774e-9,0.9999999932886396,3
622,7,13,10,0.0025668146637498526,0.9964210717954175,0.001012113540833082,2
623,7,13,10,5.188087020357945e-6,0.12532855643624174,0.874666255476738,3
624,7,13,10,3.7096905414447276e-8,0.0027064709861447456,0.9972934919169498,3
625,7,13,10,2.0603595647108013e-9,4.1366242026036185e-5,0.999958631697614,3
626,7,13,10,3.8974806690478654e-5,0.9999402377047594,2.078748854978246e-5,2
627,7,13,10,2.0548488919939735e-21,4.0222037045167976e-4,0.9995977796295487,3
628,7,13,10,3.721407451396891e-12,1.4035464737971543e-6,0.9999985964498039,3
629,7,13,10,0.9985747379500154,0.001425262049983875,8.087028708614618e-36,1
630,7,13,10,0.9999965475969893,3.452403011034063e-6,7.537076390211285e-26,1
631,7,13,10,0.999999501443578,4.985564215769726e-7,1.6606387895929155e-25,1
632,7,13,10,4.12464364512801e-4,0.999358260086316,2.2927554917071056e-4,2
633,7,13,10,0.9983881420966936,0.001611715241636078,1.4266166968050082e-7,1
634,7,13,10,1.2891268350498425e-24,1.1448642668911533e-5,0.9999885513573308,3
635,7,13,10,0.9998755598931452,1.244399869020334e-4,1.1995262778744196e-10,1
636,7,13,10,0.9999965475969893,3.452403011034063e-6,7.537076390211285e-26,1
637,7,13,10,0.9999641234204142,3.5876579585838985e-5,7.937988971811258e-37,1
638,7,13,10,5.313150839004681e-23,1.2738131924798632e-4,0.9998726186807527,3
639,7,13,10,0.009651758814728184,0.9903470810169265,1.160168344968246e-6,2
640,7,13,10,1.713537350175761e-10,9.46330064484979e-6,0.9999905365280016,3
641,7,13,10,6.848753313075682e-9,1.6439641632912352e-4,0.9998355967349177,3
642,7,13,10,0.014461541486036868,0.9855113840445366,2.7074469426394493e-5,2
643,7,13,10,0.9994500857204561,5.499142795435602e-4,4.229446839721658e-22,1
644,7,13,10,0.0038730153985760372,0.9961259422019098,1.042399513367133e-6,2
645,7,13,10,0.9996826042022537,3.173957977458542e-4,4.294601496578823e-37,1
646,7,13,10,8.271392116989311e-25,1.0031897532771932e-6,0.999998996810247,3
647,7,13,10,0.001030888437650582,0.9980916255570826,8.774860052661546e-4,2
648,7,13,10,6.036541674123133e-4,0.999381766879772,1.4578952815492768e-5,2
649,7,13,10,0.008744407962558334,0.9911828155325286,7.277650491279569e-5,2
650,7,13,10,0.9954981361715544,0.00450186382844497,1.4842952893903995e-35,1
651,7,14,10,6.96507125015007e-5,0.9999211789036104,9.170383888702618e-6,2
652,7,14,10,4.197737737196734e-25,3.60649211043696e-6,0.9999963935078889,3
653,7,14,10,0.9999926507636763,7.349236324525583e-6,2.6535912613134685e-23,1
654,7,14,10,0.002411209105811714,0.9975887908941883,5.230354371950304e-18,2
655,7,14,10,1.3854365104199885e-4,0.9998495996711038,1.1856677854098542e-5,2
656,7,14,10,2.5584994354824737e-26,1.0034403419631006e-7,0.9999998996559661,3
657,7,14,10,4.3246928385726265e-26,7.83904522215349e-7,0.9999992160954781,3
658,7,14,10,3.171896075750581e-24,1.682412843853581e-5,0.9999831758715607,3
659,7,14,10,0.16709846596541966,0.8328926971040573,8.83693052242498e-6,2
660,7,14,10,5.487433835058459e-10,6.449577266718478e-6,0.999993549873989,3
661,7,14,10,2.5007642840125334e-4,0.9994608118571883,2.8911171441007314e-4,2
662,7,14,10,5.658896596964543e-11,1.1853792161865858e-5,0.9999881461512484,3
663,7,14,10,0.9999994782731882,5.2172681219877e-7,4.541903599045311e-39,1
664,7,14,10,3.7381140303737783e-25,3.890308912843886e-6,0.9999961096910877,3
665,7,14,10,4.169579432941227e-4,0.999581975463232,1.0665934730258644e-6,2
666,7,14,10,0.9995186624295926,4.8133757040761505e-4,4.519529789769087e-20,1
667,7,14,10,0.9992761308218694,7.238691781297423e-4,1.0800782532427648e-22,1
668,7,14,10,0.013087087503648315,0.9868087966859717,1.041158103797217e-4,2
669,7,14,10,0.9990977724984816,9.02227501518289e-4,5.947364484785844e-22,1
670,7,14,10,2.9293648172132362e-9,4.0554649953973814e-4,0.9995944505710954,3
671,7,14,10,0.9999233982706195,7.660172937985547e-5,1.5530300091494125e-23,1
672,7,14,10,0.9999738819075358,2.6118092463983728e-5,9.120282686778979e-38,1
673,7,14,10,1.1100781995630423e-11,8.692717363360243e-6,0.9999913072715365,3
674,7,14,10,0.9999939415832263,6.058202660507267e-6,2.1411314872775545e-10,1
675,7,14,10,1.1074782105382272e-20,0.02093448824601077,0.9790655117539886,3
676,7,14,10,1.8748296059657507e-26,8.532674192379473e-8,0.999999914673258,3
677,7,14,10,1.4063132999273854e-9,1.8666336946050827e-4,0.9998133352242269,3
678,7,14,10,7.389116784700926e-26,3.322266944902108e-7,0.9999996677733051,3
679,7,14,10,5.377988719334711e-18,0.9881966623014599,0.01180333769853948,2
680,7,14,10,0.9999325268006359,6.747319936425917e-5,5.291245798547923e-37,1
681,7,14,10,3.449636916174141e-26,2.0120050460285927e-7,0.9999997987994955,3
682,7,14,10,2.6001875351535604e-26,1.997553912118829e-7,0.9999998002446087,3
683,7,14,10,3.03678633271175e-10,1.0938532162562503e-4,0.9998906143746962,3
684,7,14,10,0.23199534930633428,0.7679705808998731,3.40697937932784e-5,2
685,7,14,10,9.247666108369481e-28,6.71136038045774e-9,0.9999999932886396,3
686,7,14,10,3.548364174372379e-26,2.349118336299465e-7,0.9999997650881661,3
687,7,14,10,0.9995250516355003,4.749483644993767e-4,3.500131751952995e-21,1
688,7,14,10,0.8632593171508713,0.1367383791290185,2.303720111007677e-6,1
689,7,14,10,0.9999959643257791,4.03567422170157e-6,4.853134462784763e-24,1
690,7,14,10,0.9999998404821259,1.5951787439983855e-7,5.795013850651057e-39,1
691,7,14,10,1.2958914233576316e-26,8.748241564180476e-8,0.9999999125175842,3
692,7,14,10,0.9989251519704139,0.0010746283761487506,2.1965343724769127e-7,1
693,7,14,10,2.8352004467454037e-24,1.1628509536315192e-5,0.9999883714904634,3
694,7,14,10,2.6066322633923556e-4,0.9997280110627753,1.132571088471293e-5,2
695,7,14,10,1.3605317082640062e-26,3.3221171486288936e-7,0.9999996677882851,3
696,7,14,10,0.9999996759675832,3.240324164215633e-7,1.9385768464729293e-26,1
697,7,14,10,0.01876864278266893,0.9812313572173305,5.429608210355189e-18,2
698,7,14,10,2.939537009627577e-27,1.5836491747464656e-8,0.999999984163508,3
699,7,14,10,6.881557351424247e-24,2.0393821075569702e-4,0.999796061789245,3
700,7,14,10,3.0342663512964577e-24,3.2623630978822715e-5,0.9999673763690206,3
701,8,15,10,1.2106895738506795e-23,1.6035476845630752e-4,0.9998396452315432,3
702,8,15,10,4.823031210567567e-23,1.6982259104395914e-4,0.9998301774089554,3
703,8,15,10,0.9999920738874004,7.926112599553256e-6,3.9380632656282177e-26,1
704,8,15,10,0.9999983995983576,1.6004016424898273e-6,5.856001057702488e-25,1
705,8,15,10,1.3982203194802552e-23,9.293115599095466e-5,0.9999070688440095,3
706,8,15,10,0.9914493143069898,0.008550683364625502,2.328383850568661e-9,1
707,8,15,10,0.9999945107429821,5.489257017687305e-6,1.7827636437518913e-37,1
708,8,15,10,1.18417074507525e-25,2.1049742537305196e-6,0.9999978950257468,3
709,8,15,10,0.02186563534011298,0.9781335487100677,8.159498189604865e-7,2
710,8,15,10,2.1426128937788813e-22,5.8202715334407346e-5,0.9999417972846651,3
711,8,15,10,4.691178448334737e-15,0.9999999999999947,1.0362723831876718e-17,2
712,8,15,10,0.11260527036518779,0.8873947296348125,1.2760805403946218e-18,2
713,8,15,10,9.360965578423427e-12,1.2486310573281055e-5,0.9999875136800658,3
714,8,15,10,0.9690790716677992,0.0309209283322014,4.477091288601112e-21,1
715,8,15,10,1.2168418787887222e-23,4.965539971722648e-5,0.999950344600283,3
716,8,15,10,1.4563846058784082e-20,0.07592952548412192,0.9240704745158784,3
717,8,15,10,0.001859739466560817,0.9980549845301393,8.52760032997002e-5,2
718,8,15,10,2.3844059567101737e-26,2.0628358381714885e-7,0.999999793716416,3
719,8,15,10,0.9999999278758355,7.212416441837364e-8,2.841797382518608e-27,1
720,8,15,10,6.593820111313045e-9,6.034461424819089e-5,0.999939648791931,3
721,8,15,10,1.701374531742233e-25,1.6080555667618787e-6,0.9999983919444337,3
722,8,15,10,0.0847984728968028,0.915201527103198,1.1715985118236626e-19,2
723,8,15,10,5.954349179574241e-23,1.390533338717031e-5,0.9999860946666121,3
724,8,15,10,0.999992262425959,7.737414764882333e-6,1.5927595910923328e-10,1
725,8,15,10,1.9092361286403946e-21,3.942265673819522e-4,0.9996057734326175,3
726,8,15,10,1.39574119382356e-11,7.89916608437895e-7,0.9999992100694339,3
727,8,15,10,2.856403793984703e-23,2.6225557903778894e-5,0.9999737744420955,3
728,8,15,10,0.9999975765801106,2.423419889545811e-6,5.024599924678176e-26,1
729,8,15,10,1.134864218199003e-9,2.116511925545337e-4,0.9997883476725805,3
730,8,15,10,6.038214417070487e-7,0.011470004934617984,0.98852939124394,3
731,8,15,10,1.9014421001526992e-10,8.818854071703498e-6,0.9999911809557833,3
732,8,15,10,5.967077096897892e-10,8.241258707520401e-5,0.9999175868162172,3
733,8,15,10,0.9896110515777834,0.010388948422215761,1.527663052038664e-35,1
734,8,15,10,7.50609609738156e-9,0.0036236258431442845,0.9963763666507593,3
735,8,15,10,1.0290167628318792e-25,1.246121930197554e-6,0.9999987538780691,3
736,8,15,10,8.526317043749422e-10,5.3644988385090146e-6,0.99999463464853,3
737,8,15,10,3.637550955608464e-13,2.256769191291947e-8,0.9999999774319444,3
738,8,15,10,1.2221378193347887e-5,0.09892291427518873,0.9010648643466188,3
739,8,15,10,0.9999960980400414,3.901959958500207e-6,1.1772150942892157e-38,1
740,8,15,10,1.18417074507525e-25,2.1049742537305196e-6,0.9999978950257468,3
741,8,15,10,0.9977148527611174,0.002285146527222098,7.116611526305675e-10,1
742,8,15,10,0.99998326147771,1.6738495979222168e-5,2.6311123331836227e-11,1
743,8,15,10,3.588256844171748e-12,2.40078551594565e-7,0.9999997599178605,3
744,8,15,10,2.191346716565501e-24,1.0432668670771346e-5,0.9999895673313299,3
745,8,15,10,0.9999960038627157,3.996137284192149e-6,2.0482736948945787e-38,1
746,8,15,10,5.4622659338704054e-11,4.147710679778269e-6,0.9999958522346981,3
747,8,15,10,4.02157541646436e-26,3.944014680557822e-7,0.9999996055985317,3
748,8,15,10,0.9999765777985655,2.342220143357502e-5,1.981615329483123e-23,1
749,8,15,10,0.9999654834329326,3.45165670665795e-5,1.7438401437654377e-24,1
750,8,15,10,2.908988944340351e-26,2.8900759025522126e-7,0.9999997109924097,3
751,8,16,10,0.9942118943163619,0.0057881056836374,2.0856212697747046e-21,1
752,8,16,10,1.423754075588647e-10,1.4441932723615287e-5,0.9999855579249012,3
753,8,16,10,0.899798194899569,0.1000516959829608,1.50109117469737e-4,1
754,8,16,10,1.4760998966113389e-24,5.939470226307875e-6,0.9999940605297736,3
755,8,16,10,2.7625331185380354e-4,0.9997114517483433,1.2294939802934635e-5,2
756,8,16,10,9.122348162885374e-27,7.139648714777562e-8,0.9999999286035129,3
757,8,16,10,4.7111443771412814e-4,0.9995230323590594,5.8532032272383255e-6,2
758,8,16,10,3.588256844171748e-12,2.40078551594565e-7,0.9999997599178605,3
759,8,16,10,2.3520896196943294e-25,2.1944723687407795e-6,0.9999978055276317,3
760,8,16,10,0.9955859227807459,0.004414077219253459,1.5473439477612167e-19,1
761,8,16,10,9.339333590977427e-12,7.45448348099201e-7,0.9999992545423123,3
762,8,16,10,0.0017548644593470282,0.9982451355406537,9.631412003012842e-19,2
763,8,16,10,1.3834435152824696e-11,1.1136907450955746e-5,0.9999888630787142,3
764,8,16,10,5.725286303501776e-23,1.179441072644192e-4,0.9998820558927362,3
765,8,16,10,0.9999257169770667,7.428302293248769e-5,1.2636977406061167e-22,1
766,8,16,10,0.9999920321771121,7.967822888050059e-6,6.725111813529168e-25,1
767,8,16,10,0.9999918615315506,8.138419596344392e-6,4.885334738963276e-11,1
768,8,16,10,3.637550955608464e-13,2.256769191291947e-8,0.9999999774319444,3
769,8,16,10,0.015652958716954858,0.9843470412830456,1.5871033778939522e-20,2
770,8,16,10,3.306692082494603e-5,0.9948021769113288,0.005164756167845921,2
771,8,16,10,0.9999991321660646,8.678339351284094e-7,1.5464254390232586e-26,1
772,8,16,10,1.615403782446959e-8,0.004023219909395784,0.9959767639365671,3
773,8,16,10,2.3520896196943294e-25,2.1944723687407795e-6,0.9999978055276317,3
774,8,16,10,5.097362005274335e-12,2.941692466685975e-7,0.9999997058256553,3
775,8,16,10,0.9929597772236667,0.007040222776334051,9.422451146607322e-23,1
776,8,16,10,5.529782458296116e-22,0.0036526474427545997,0.9963473525572448,3
777,8,16,10,1.1940361126434758e-10,8.954072295014796e-5,0.9999104591576468,3
778,8,16,10,1.3834435152824696e-11,1.1136907450955746e-5,0.9999888630787142,3
779,8,16,10,3.0955781370843535e-11,2.1446904920239014e-5,0.9999785530641233,3
780,8,16,10,1.5159619176326032e-4,0.9977400183560465,0.002108385452190319,2
781,8,16,10,0.9998136754721326,1.8632452786664333e-4,1.8040758075071357e-24,1
782,8,16,10,1.735553704981491e-25,2.3825058858526214e-6,0.9999976174941145,3
783,8,16,10,1.1710235860997515e-25,1.7717935516667072e-6,0.9999982282064483,3
784,8,16,10,1.1299969483768421e-23,8.925064801707052e-6,0.9999910749351981,3
785,8,16,10,2.0424456367144516e-8,0.002566219679001724,0.9974337598965417,3
786,8,16,10,4.3541718826107415e-24,3.096242397478243e-5,0.9999690375760254,3
787,8,16,10,4.707571234514278e-26,2.3661128325379272e-7,0.999999763388717,3
788,8,16,10,2.939537009627577e-27,1.5836491747464656e-8,0.999999984163508,3
789,8,16,10,0.9999977178184007,2.2821815999486674e-6,6.051545519559072e-24,1
790,8,16,10,0.0012413166666800355,0.9890291522320162,0.009729531101303528,2
791,8,16,10,1.0583302213855165e-9,2.0230988065153297e-5,0.999979767953605,3
792,8,16,10,8.365174434819329e-7,0.007472276822021256,0.9925268866605352,3
793,8,16,10,0.999955070897887,4.492717393587616e-5,1.928177161435786e-9,1
794,8,16,10,1.7815755885557703e-6,0.003984643070190654,0.9960135753542205,3
795,8,16,10,0.9999996759675832,3.240324164215633e-7,1.9385768464729293e-26,1
796,8,16,10,0.9999660217276863,3.397827231395416e-5,1.2947035141830822e-38,1
797,8,16,10,2.975973879708234e-7,0.0023672042452838383,0.9976324981573278,3
798,8,16,10,1.4301448840159359e-25,1.346471950196444e-6,0.9999986535280497,3
799,8,16,10,0.9999998838723713,1.1612762878266902e-7,6.658065563208556e-40,1
800,8,16,10,1.4191169875832054e-24,3.7500399194685015e-5,0.9999624996008061,3
801,9,17,10,7.939861151202518e-26,4.52386143221322e-7,0.9999995476138566,3
802,9,17,10,0.9998132564744052,1.8674352559478765e-4,3.1216749720738676e-37,1
803,9,17,10,0.9999801733066411,1.9826684558338315e-5,8.800488746656588e-12,1
804,9,17,10,0.9999890636384943,1.093628820953845e-5,7.329654382387834e-11,1
805,9,17,10,5.847445653314482e-5,0.9999363366874288,5.188856038696898e-6,2
806,9,17,10,2.3530393271701817e-4,0.999750607100783,1.4088966499504806e-5,2
807,9,17,10,9.379008687237326e-12,6.936510494570788e-7,0.9999993063395721,3
808,9,17,10,0.9976276620596473,0.0023723379403529105,5.9911220674444e-23,1
809,9,17,10,6.5370124602366595e-6,0.07679281552224652,0.9232006474652927,3
810,9,17,10,0.0010845440652570537,0.9988997729818709,1.568295287117157e-5,2
811,9,17,10,0.0019315721354389202,0.9843606222002709,0.013707805664289884,2
812,9,17,10,3.5225862982173105e-4,0.9996419942376489,5.747132528855421e-6,2
813,9,17,10,0.9999680772992855,3.192270071410853e-5,2.0618473798299078e-24,1
814,9,17,10,5.596915934263834e-5,0.9967949525121288,0.0031490783285291705,2
815,9,17,10,0.9999982357702566,1.7642297434007321e-6,5.7729174063553485e-27,1
816,9,17,10,1.6566669359094668e-17,0.9992986687093176,7.013312906817056e-4,2
817,9,17,10,3.442518666981068e-23,3.491271883176859e-5,0.999965087281169,3
818,9,17,10,1.8748296059657507e-26,8.532674192379473e-8,0.999999914673258,3
819,9,17,10,0.9974590053444095,0.0025409775931361945,1.706245507609881e-8,1
820,9,17,10,0.01015273751034556,0.9898450004073048,2.2620823491875315e-6,2
821,9,17,10,2.022534506237008e-12,5.952277848989313e-7,0.9999994047701928,3
822,9,17,10,0.009684810757808355,0.9903151892421911,5.451163967717313e-19,2
823,9,17,10,4.66280642029874e-5,0.9999518330244206,1.5389113765481332e-6,2
824,9,17,10,1.2437675913211351e-5,0.9999718093497217,1.575297436483742e-5,2
825,9,17,10,0.996565410971884,0.003434589028116693,1.7848672992682446e-20,1
826,9,17,10,5.247854251198149e-23,1.6404960243150224e-4,0.999835950397569,3
827,9,17,10,0.0037831988241432296,0.9961821179108618,3.468326499492071e-5,2
828,9,17,10,0.9741280742151177,0.02587152285903289,4.0292585008833786e-7,1
829,9,17,10,0.0017471543186671048,0.9947980578640343,0.003454787817298961,2
830,9,17,10,6.5002412202397364e-24,6.0484827558481946e-5,0.9999395151724422,3
831,9,17,10,1.9518809258731903e-4,0.9992149183977682,5.898935096446851e-4,2
832,9,17,10,1.2182028222341223e-20,0.020707487345665986,0.979292512654334,3
833,9,17,10,1.086155458974123e-4,0.9919291506738285,0.007962233780274924,2
834,9,17,10,3.1299795061169414e-11,6.215575628621853e-6,0.9999937843930722,3
835,9,17,10,0.999900265871186,9.973412881391557e-5,1.6223676013202184e-25,1
836,9,17,10,9.796185722310188e-11,8.466394536218475e-7,0.9999991532625853,3
837,9,17,10,7.845910845635202e-5,0.9998819850441755,3.955584736729654e-5,2
838,9,17,10,0.9999975765801106,2.423419889545811e-6,5.024599924678176e-26,1
839,9,17,10,1.4565930969327621e-24,1.4009222938109685e-6,0.999998599077707,3
840,9,17,10,0.14704097246396997,0.8529424243454872,1.660319054313538e-5,2
841,9,17,10,2.5319074732979936e-25,1.8312228306747724e-6,0.9999981687771695,3
842,9,17,10,0.9989703033433397,0.0010296835900920158,1.3066567574869872e-8,1
843,9,17,10,2.1913625848414267e-7,4.8630339675213955e-4,0.9995134774669893,3
844,9,17,10,2.5790754862863987e-8,3.057522444081745e-4,0.999694221964837,3
845,9,17,10,0.9999994543547223,5.456452779818056e-7,3.438809601606588e-39,1
846,9,17,10,9.975192466197519e-12,4.757228207557367e-6,0.9999952427618165,3
847,9,17,10,6.408419016927783e-23,6.430720820358952e-4,0.999356927917964,3
848,9,17,10,1.2899643442332273e-11,3.2070687923901324e-6,0.9999967929183083,3
849,9,17,10,0.9999999009271634,9.907283659065294e-8,2.4734294528735547e-26,1
850,9,17,10,3.210203320017968e-23,4.880114186725269e-6,0.9999951198858126,3
851,9,18,10,0.9999996903574697,3.0964182175488736e-7,7.087944095223504e-13,1
852,9,18,10,6.9864565765055615e-25,1.4606063533950784e-5,0.9999853939364656,3
853,9,18,10,6.9205591628934396e-12,7.530866845850438e-7,0.9999992469063941,3
854,9,18,10,7.83403973254515e-24,1.0842174233225225e-5,0.9999891578257667,3
855,9,18,10,2.0219386506612798e-4,0.9997762596486688,2.1546486264775075e-5,2
856,9,18,10,0.0016030428969929802,0.998396334785369,6.22317638747969e-7,2
857,9,18,10,0.014637964370861118,0.9853254040801287,3.6631549010480044e-5,2
858,9,18,10,4.058183803704596e-12,1.3591289252989525e-6,0.999998640867016,3
859,9,18,10,0.9982780729388675,0.0017219270611325923,7.280711749863394e-24,1
860,9,18,10,0.9999992466740575,7.533259431888219e-7,2.312079009547862e-37,1
861,9,18,10,1.8212005580160773e-9,1.1115649423355085e-5,0.999988882529376,3
862,9,18,10,0.037105989756730635,0.96289401024327,6.999437423156847e-18,2
863,9,18,10,0.0014614377613986734,0.996341248245559,0.0021973139930420663,2
864,9,18,10,0.9999971594041068,2.8405958928550805e-6,1.3525391760334605e-39,1
865,9,18,10,1.4497931252088546e-26,1.2657021795139812e-7,0.9999998734297817,3
866,9,18,10,4.499182174260096e-26,5.706229367387519e-7,0.9999994293770629,3
867,9,18,10,0.005644403523045202,0.9943492190766829,6.377400271431391e-6,2
868,9,18,10,8.367291235973739e-12,8.630282846201229e-6,0.9999913697087858,3
869,9,18,10,7.145514303831047e-8,0.013885956678694066,0.9861139718661638,3
870,9,18,10,1.7615899225720944e-4,0.9998086462258884,1.5194781854652036e-5,2
871,9,18,10,8.048937500160529e-27,4.252488613338027e-8,0.9999999574751142,3
872,9,18,10,1.5036121840439222e-9,1.6189409574370563e-4,0.9998381044006442,3
873,9,18,10,2.6486742266670934e-9,0.001057895647253639,0.9989421017040714,3
874,9,18,10,0.0015251471148948032,0.9984713900075639,3.462877540712056e-6,2
875,9,18,10,3.1962236446663763e-21,0.04832740067046591,0.9516725993295339,3
876,9,18,10,2.490464278380167e-25,2.517805453036388e-7,0.9999997482194548,3
877,9,18,10,0.0010742335605243639,0.9970710387137057,0.001854727725769403,2
878,9,18,10,5.149034088324431e-24,1.2368644699516332e-4,0.9998763135530048,3
879,9,18,10,0.9995261238894195,4.738761105810225e-4,2.9134705202752817e-22,1
880,9,18,10,3.721407451396891e-12,1.4035464737971543e-6,0.9999985964498039,3
881,9,18,10,2.7585549684299822e-27,4.156640568782828e-8,0.9999999584335946,3
882,9,18,10,2.3487626379760557e-25,7.839398689288124e-7,0.9999992160601305,3
883,9,18,10,0.9999982357702566,1.7642297434007321e-6,5.7729174063553485e-27,1
884,9,18,10,1.613401264686552e-9,3.8137614674667425e-5,0.9999618607719241,3
885,9,18,10,2.937733009570194e-10,3.2099831373299047e-5,0.9999678998748538,3
886,9,18,10,9.081696260206702e-12,7.657909628515935e-7,0.9999992341999554,3
887,9,18,10,0.9994904596472415,5.095402482492497e-4,1.0450942404007382e-10,1
888,9,18,10,0.017098953996627784,0.9828551438048932,4.5902198478695544e-5,2
889,9,18,10,0.010572263383959257,0.9894234782640815,4.25835195898053e-6,2
890,9,18,10,1.3950097215178917e-4,0.9923297029147768,0.007530796113071895,2
891,9,18,10,1.7500667923208201e-25,1.8774863088391724e-6,0.9999981225136917,3
892,9,18,10,5.333441880757647e-23,8.851742022844385e-4,0.9991148257977156,3
893,9,18,10,0.051789451387804546,0.9482099888298047,5.597823910088327e-7,2
894,9,18,10,1.0052995952378844e-23,1.194155681441437e-4,0.9998805844318562,3
895,9,18,10,7.931584652907798e-20,0.015106181973653935,0.9848938180263467,3
896,9,18,10,5.310793172422514e-22,3.131401846340923e-5,0.9999686859815374,3
897,9,18,10,0.005836851996365966,0.9941569300636116,6.217940022536956e-6,2
898,9,18,10,7.719540889035242e-23,1.156108831667245e-4,0.999884389116834,3
899,9,18,10,5.4086709050923324e-27,3.734245981476354e-8,0.99999996265754,3
900,9,18,10,1.920389522349671e-4,0.998564087893079,0.0012438731546867345,2
901,10,19,10,2.7880692857305516e-5,0.9961536086027969,0.003818510704345509,2
902,10,19,10,1.866680600496535e-5,0.9992406860626779,7.406471313168065e-4,2
903,10,19,10,3.6382250863361757e-10,6.734409386483484e-6,0.9999932652267914,3
904,10,19,10,1.3886639273897072e-25,1.233482888567208e-6,0.9999987665171113,3
905,10,19,10,5.335374779980657e-26,3.9725473137803e-7,0.9999996027452686,3
906,10,19,10,0.9998027277913218,1.9727220867882093e-4,5.0661463282944744e-24,1
907,10,19,10,5.133592298799734e-26,2.2912331956945866e-7,0.9999997708766801,3
908,10,19,10,0.003932656079920722,0.9960545623682088,1.2781551870318314e-5,2
909,10,19,10,1.9440275036567854e-19,0.47542714023048943,0.5245728597695113,3
910,10,19,10,0.939738445746861,0.060261338165620716,2.1608751836035624e-7,1
911,10,19,10,3.4490958563436335e-12,3.29812689635306e-7,0.9999996701838605,3
912,10,19,10,1.0965845906350808e-22,1.416548133383226e-4,0.9998583451866622,3
913,10,19,10,7.374603362759052e-12,2.86920558103496e-7,0.9999997130720665,3
914,10,19,10,4.07682286407549e-27,3.70742492672018e-8,0.9999999629257503,3
915,10,19,10,0.9993269321997397,6.730657907112043e-4,2.0095498927419855e-9,1
916,10,19,10,2.011566216899142e-23,8.149970581146106e-5,0.9999185002941879,3
917,10,19,10,2.978743311677141e-19,0.010542354685691736,0.9894576453143088,3
918,10,19,10,1.6703122025842228e-10,1.0585545941288102e-5,0.9999894142870281,3
919,10,19,10,8.113605882256997e-6,0.45430923237745185,0.5456826540166665,3
920,10,19,10,1.3234164784638093e-10,1.154401613274848e-5,0.999988455851525,3
921,10,19,10,0.9999999278758355,7.212416441837364e-8,2.841797382518608e-27,1
922,10,19,10,3.3183210818724404e-11,2.1392873106362723e-5,0.9999786070937103,3
923,10,19,10,1.7192432609422844e-26,8.8115299810029e-8,0.9999999118847004,3
924,10,19,10,1.2050574862679707e-7,0.0034475630099320476,0.99655231648432,3
925,10,19,10,5.271734578744139e-7,0.006822039649853568,0.9931774331766877,3
926,10,19,10,6.816749176580541e-4,0.9993065625596356,1.1762522705577113e-5,2
927,10,19,10,8.00589380322416e-5,0.998049023092709,0.0018709179692579104,2
928,10,19,10,0.9999961010911143,3.898908885805597e-6,1.0549155396346517e-25,1
929,10,19,10,1.6012840258378346e-8,0.005576543506504321,0.9944234404806555,3
930,10,19,10,8.182142829638538e-4,0.9991424697443632,3.931597267350331e-5,2
931,10,19,10,4.939733980234868e-5,0.9999226455750166,2.7957085181427247e-5,2
932,10,19,10,3.721407451396891e-12,1.4035464737971543e-6,0.9999985964498039,3
933,10,19,10,2.0192871953295393e-11,7.704521104182211e-7,0.9999992295276973,3
934,10,19,10,0.2691312180361969,0.7308687819638036,1.049693389259093e-17,2
935,10,19,10,5.997879402853291e-26,1.835169189387728e-6,0.9999981648308099,3
936,10,19,10,1.7940567179602627e-12,1.803680761612064e-7,0.9999998196301302,3
937,10,19,10,6.247960816052295e-10,4.561662009397132e-6,0.9999954377131952,3
938,10,19,10,0.9999996611123768,3.3888762356446937e-7,1.4677539027741137e-26,1
939,10,19,10,4.364797803965828e-7,0.0010664992571894959,0.9989330642630309,3
940,10,19,10,2.7585549684299822e-27,4.156640568782828e-8,0.9999999584335946,3
941,10,19,10,0.9959477860334779,0.004051392176831003,8.217896914993652e-7,1
942,10,19,10,1.6133923359147838e-26,2.3127823557765738e-7,0.9999997687217644,3
943,10,19,10,2.389657786922403e-24,1.0102512510171915e-5,0.9999898974874895,3
944,10,19,10,0.9848348933429829,0.015164779435186071,3.2722183097739657e-7,1
945,10,19,10,0.9999963709958591,3.629004141288683e-6,4.408199793645661e-25,1
946,10,19,10,9.52392647778104e-4,0.9990435584839236,4.048868298614882e-6,2
947,10,19,10,0.03154301531991039,0.9683859947217951,7.098995829476668e-5,2
948,10,19,10,4.254655256364132e-10,1.698294894296862e-5,0.9999830166255921,3
949,10,19,10,9.823622374937165e-10,6.55022841641973e-5,0.9999344967334739,3
950,10,19,10,6.0042537633374485e-5,0.9996480444820006,2.919129803664817e-4,2
951,10,20,10,0.03667234922808026,0.9633205648319119,7.085940007670672e-6,2
952,10,20,10,8.315416702155408e-6,0.017160785439024655,0.9828308991442735,3
953,10,20,10,1.651965792084748e-11,9.899090040296714e-6,0.9999901008934408,3
954,10,20,10,0.999992257616772,7.742374875449865e-6,8.352876667283699e-12,1
955,10,20,10,0.9999727653426427,2.7234580760968756e-5,7.659669028811905e-11,1
956,10,20,10,3.915963955145281e-25,3.6156011620399634e-6,0.9999963843988386,3
957,10,20,10,0.9999998779320615,1.2206793828672104e-7,3.894094570788939e-39,1
958,10,20,10,3.0024746562551662e-25,1.2748562412650485e-6,0.999998725143759,3
959,10,20,10,0.999892129909034,1.07870040997021e-4,4.9968424769894495e-11,1
960,10,20,10,2.3707262226724578e-7,0.0031559763768457165,0.9968437865505327,3
961,10,20,10,5.8981393476229376e-27,3.616069437616134e-8,0.9999999638393058,3
962,10,20,10,6.304738897780597e-25,7.438005309266265e-6,0.9999925619946903,3
963,10,20,10,1.8748296059657507e-26,8.532674192379473e-8,0.999999914673258,3
964,10,20,10,8.768562730835518e-27,9.808235173423957e-8,0.9999999019176483,3
965,10,20,10,1.1826291842864326e-22,5.041264423619849e-4,0.9994958735576386,3
966,10,20,10,1.7522991329810426e-9,2.645619731075969e-4,0.999735436274593,3
967,10,20,10,0.9987528877608702,0.0012471122391295754,9.618768263028472e-23,1
968,10,20,10,1.9052760729222433e-4,0.9986212721808095,0.0011882002118982584,2
969,10,20,10,0.022201321833873692,0.9774895099403317,3.091682257945241e-4,2
970,10,20,10,1.4083721623564343e-21,6.151903532035606e-4,0.9993848096467967,3
971,10,20,10,1.7593994985083526e-26,2.2395904515651367e-7,0.9999997760409551,3
972,10,20,10,0.9999738765837345,2.612341626554675e-5,5.630328592102192e-24,1
973,10,20,10,0.9975343984887557,0.0024656015112447015,9.407590317963352e-36,1
974,10,20,10,3.417959308275908e-5,0.9999371942011323,2.8626205784577956e-5,2
975,10,20,10,0.5342181640514742,0.46577634956153807,5.486386987599685e-6,1
976,10,20,10,7.137670097248465e-22,3.660074985767787e-5,0.999963399250142,3
977,10,20,10,5.7862763427807067e-8,0.0012297522899467667,0.9987701898472903,3
978,10,20,10,0.01769804103892514,0.9822763613436646,2.559761741012968e-5,2
979,10,20,10,2.5482535843544745e-5,0.5431486204229659,0.45682589704119075,2
980,10,20,10,1.5063184822591152e-7,0.001698855150465909,0.9983009942176861,3
981,10,20,10,0.9999572361858983,4.2686916856672504e-5,7.689724492701823e-8,1
982,10,20,10,0.9993479187942974,6.520812057034526e-4,1.6823735456551727e-22,1
983,10,20,10,0.9998410799503124,1.589200496870586e-4,2.3094735831276505e-36,1
984,10,20,10,0.9999970620610777,2.9379389224756177e-6,5.575917908342962e-25,1
985,10,20,10,2.4826462110591644e-8,0.002554499650725792,0.9974454755228115,3
986,10,20,10,0.9999679310945812,3.2068905419527756e-5,1.5176454931624576e-24,1
987,10,20,10,1.2104572712600258e-23,2.1459193544420934e-5,0.9999785408064548,3
988,10,20,10,0.9999962742410005,3.7257551428211223e-6,3.857047798130665e-12,1
989,10,20,10,2.7625837776391365e-5,0.9987333950989411,0.0012389790632830336,2
990,10,20,10,6.762607657612481e-12,2.962973888652617e-7,0.9999997036958485,3
991,10,20,10,0.0027434220634887574,0.9972160914034808,4.048653303078622e-5,2
992,10,20,10,4.8046050361540175e-6,0.999357481907241,6.377134877219457e-4,2
993,10,20,10,1.382502812854043e-23,8.595623324770095e-6,0.9999914043766754,3
994,10,20,10,0.9940650165388658,0.005934983461133812,1.369716530249238e-23,1
995,10,20,10,0.978256645254934,0.021662747672907698,8.060707215774618e-5,1
996,10,20,10,0.9999978288781707,2.171121829634349e-6,1.0346844518273323e-24,1
997,10,20,10,1.7940567179602627e-12,1.803680761612064e-7,0.9999998196301302,3
998,10,20,10,0.0010269715936284613,0.9989299608155884,4.306759078272328e-5,2
999,10,20,10,4.1216581580354466e-23,2.929523762749328e-4,0.9997070476237253,3
1000,10,20,10,1.2095445591169225e-22,1.390272821524064e-4,0.9998609727178482,3
