kind,item,category,segment,estimate,se,boundary,lo,hi,segment_label
pi,NA,NA,1,0.3408283113641812,0.02125209095960881,FALSE,0.3001033897645373,0.38404722896739085,Guarded System Trust
pi,NA,NA,2,0.20695148746834527,0.01970773888457821,FALSE,0.17064915123057853,0.24866100528686125,Reserved Institutional Trust
pi,NA,NA,3,0.10687897744746312,0.012744738075044022,FALSE,0.08415042586443008,0.1348425448397485,Widespread Distrust
pi,NA,NA,4,0.23363826088625578,0.022385619167239856,FALSE,0.19227454803538474,0.28080690322783497,"Cautious, Low Trust"
pi,NA,NA,5,0.11170296283375467,0.010251579178711577,FALSE,0.09296799714814812,0.1336570681222569,Presidential & Judicial Trust
rho,justice_system,1,1,2.2828668506345273e-8,0.0028861770940626593,TRUE,0,0.0057116824499572096,Guarded System Trust
rho,justice_system,2,1,0.04376960767541047,0.010688449534640015,FALSE,0.026871755316949145,0.07052332185318683,Guarded System Trust
rho,justice_system,3,1,0.15686162869120468,0.03929600968297196,FALSE,0.09365857434269165,0.2509082895235662,Guarded System Trust
rho,justice_system,4,1,0.44549703806570423,0.02931738570169064,FALSE,0.3884706699626076,0.5039954515879,Guarded System Trust
rho,justice_system,5,1,0.28426691941709065,0.039280117338163716,FALSE,0.2132481446102928,0.3678780368047786,Guarded System Trust
rho,justice_system,6,1,0.05504964609018035,0.014434433765620423,FALSE,0.032545557369756076,0.09164053846819475,Guarded System Trust
rho,justice_system,7,1,0.014555137231741086,0.006234581062060412,FALSE,0.00621011558840801,0.03373337668424532,Guarded System Trust
rho,justice_system,1,2,3.323280821169026e-15,3.248821896296641e-16,TRUE,2.6803485187815808e-15,3.966213123556472e-15,Reserved Institutional Trust
rho,justice_system,2,2,0.0033914127238554,0.003406138390215273,FALSE,4.629453456904531e-4,0.024392501852990658,Reserved Institutional Trust
rho,justice_system,3,2,0.005418640300222089,0.007381906356276974,FALSE,3.6212799025284897e-4,0.07573185691487055,Reserved Institutional Trust
rho,justice_system,4,2,0.06898679683304827,0.02509692442479427,FALSE,0.033065492687193,0.13834837252643625,Reserved Institutional Trust
rho,justice_system,5,2,0.4613218415031218,0.03392864772734311,FALSE,0.39526967497408255,0.5287606337530384,Reserved Institutional Trust
rho,justice_system,6,2,0.3918185063925098,0.04407657188736576,FALSE,0.3088043550670433,0.4815997579788027,Reserved Institutional Trust
rho,justice_system,7,2,0.0690628022472394,0.016910898326888774,FALSE,0.0422209582026431,0.110991741075858,Reserved Institutional Trust
rho,justice_system,1,3,0.6614627590233781,0.06292933887458324,FALSE,0.5283904356204464,0.7731098447886446,Widespread Distrust
rho,justice_system,2,3,0.17412107357483245,0.055582738855480235,FALSE,0.08934901764273927,0.31178549328794986,Widespread Distrust
rho,justice_system,3,3,0.09245945787627297,0.03465495116882778,FALSE,0.043054535722187884,0.1874512425190018,Widespread Distrust
rho,justice_system,4,3,0.010058231585829407,0.011567584520849866,FALSE,0.0010185897639773279,0.09193848313064544,Widespread Distrust
rho,justice_system,5,3,0.049611797664799916,0.0206975646222698,FALSE,0.021429016544400523,0.11066795610900886,Widespread Distrust
rho,justice_system,6,3,6.4349222423466975e-15,7.668521472248618e-16,TRUE,4.9173443869153175e-15,7.952500097778077e-15,Widespread Distrust
rho,justice_system,7,3,0.012286680274880729,0.013733562071544459,FALSE,0.0013231609906327372,0.10457951180958532,Widespread Distrust
rho,justice_system,1,4,0.1065775079718489,0.023458480494511297,FALSE,0.0682597105177524,0.1626502349505242,"Cautious, Low Trust"
rho,justice_system,2,4,0.28915858486129903,0.04698327503769846,FALSE,0.20557244853145534,0.3900445645756923,"Cautious, Low Trust"
rho,justice_system,3,4,0.414414250051089,0.03413997948175686,FALSE,0.3488377794559082,0.48317103366524444,"Cautious, Low Trust"
rho,justice_system,4,4,0.16421161636360473,0.03739243191543976,FALSE,0.10280991569792204,0.2519850739094075,"Cautious, Low Trust"
rho,justice_system,5,4,0.022235625363133622,0.012407740717522578,FALSE,0.007296952227115647,0.06573238987095605,"Cautious, Low Trust"
rho,justice_system,6,4,0.003402415389021789,0.003445841610210059,FALSE,4.567429856604796e-4,0.0248728730320916,"Cautious, Low Trust"
rho,justice_system,7,4,2.9436869911935415e-15,2.9061330424991955e-16,TRUE,2.3685718055355965e-15,3.5188021768514864e-15,"Cautious, Low Trust"
rho,justice_system,1,5,0.03695373904870936,0.014626066161058592,FALSE,0.016728779993934146,0.07964979257141133,Presidential & Judicial Trust
rho,justice_system,2,5,6.1570247714872954e-15,5.738291059352853e-16,TRUE,5.021433840274808e-15,7.292615702699782e-15,Presidential & Judicial Trust
rho,justice_system,3,5,0.03377369265502171,0.028701077609258618,FALSE,0.006094590874651142,0.16614600055700077,Presidential & Judicial Trust
rho,justice_system,4,5,0.02537616753605733,0.013078394222636304,FALSE,0.00906057707456659,0.06902512765160158,Presidential & Judicial Trust
rho,justice_system,5,5,0.07418488689502298,0.024001827748112704,FALSE,0.03857928839316645,0.13793695512093296,Presidential & Judicial Trust
rho,justice_system,6,5,0.17031814262545242,0.04223850913318931,FALSE,0.10202701449993642,0.2705476011482727,Presidential & Judicial Trust
rho,justice_system,7,5,0.65939337123973,0.060824591759559274,FALSE,0.5311212786621784,0.7679083135595454,Presidential & Judicial Trust
rho,electoral_tribunal,1,1,0.02882050244139672,0.008157168019246264,FALSE,0.016396400667330207,0.05017849921880349,Guarded System Trust
rho,electoral_tribunal,2,1,0.056929916706102666,0.014421747109395939,FALSE,0.03426038227031686,0.09315264575241798,Guarded System Trust
rho,electoral_tribunal,3,1,0.11809096484068923,0.02061250868964155,FALSE,0.08299654962803438,0.1653490111159448,Guarded System Trust
rho,electoral_tribunal,4,1,0.2652440785151297,0.02433332858484351,FALSE,0.21994684714421545,0.31608992928671836,Guarded System Trust
rho,electoral_tribunal,5,1,0.2817308604140022,0.023252463169160794,FALSE,0.23806996269998162,0.3299316731669143,Guarded System Trust
rho,electoral_tribunal,6,1,0.16867213419296886,0.026003893245526155,FALSE,0.12324384216588179,0.22651924764170522,Guarded System Trust
rho,electoral_tribunal,7,1,0.08051154288971067,0.01651768587382299,FALSE,0.0533037694045218,0.11984881392267209,Guarded System Trust
rho,electoral_tribunal,1,2,3.3232808211690217e-15,3.248821896296657e-16,TRUE,2.6803485187815733e-15,3.96621312355647e-15,Reserved Institutional Trust
rho,electoral_tribunal,2,2,3.3232808211690217e-15,3.248821896296657e-16,TRUE,2.6803485187815733e-15,3.96621312355647e-15,Reserved Institutional Trust
rho,electoral_tribunal,3,2,0.0056971864329142885,0.007208692531256606,FALSE,4.6156630592003367e-4,0.06637740642664476,Reserved Institutional Trust
rho,electoral_tribunal,4,2,0.06564558249580774,0.017210586866750446,FALSE,0.038758597025392735,0.10906785572005587,Reserved Institutional Trust
rho,electoral_tribunal,5,2,0.2685332610893434,0.03257891385150952,FALSE,0.20910796869418274,0.3376368221891407,Reserved Institutional Trust
rho,electoral_tribunal,6,2,0.4092222959223103,0.031361736450136506,FALSE,0.34889517366688994,0.47241218522397116,Reserved Institutional Trust
rho,electoral_tribunal,7,2,0.25090167405961766,0.034734455492384936,FALSE,0.18853822860289796,0.3256158120510268,Reserved Institutional Trust
rho,electoral_tribunal,1,3,0.5570482638109101,0.06203870591536748,FALSE,0.43330548759155224,0.6740937702345444,Widespread Distrust
rho,electoral_tribunal,2,3,0.127209514828282,0.05154904749789273,FALSE,0.05495696853632858,0.2675594893330925,Widespread Distrust
rho,electoral_tribunal,3,3,0.11787267121823893,0.02914499999914169,FALSE,0.07126404902865598,0.18876876142095964,Widespread Distrust
rho,electoral_tribunal,4,3,0.02992376463377168,0.015528452112193721,FALSE,0.010588365437930332,0.08165360195846419,Widespread Distrust
rho,electoral_tribunal,5,3,0.06746447438246524,0.02013656945408593,FALSE,0.03697935033007125,0.11995071186527553,Widespread Distrust
rho,electoral_tribunal,6,3,0.038838916925435715,0.016149661594794404,FALSE,0.0168758999252428,0.08686014761944388,Widespread Distrust
rho,electoral_tribunal,7,3,0.06164239420089631,0.02462923257167856,FALSE,0.027507014969806114,0.13237270920981473,Widespread Distrust
rho,electoral_tribunal,1,4,0.10898830756884306,0.02288756252187966,FALSE,0.07125724903280706,0.16318770936824373,"Cautious, Low Trust"
rho,electoral_tribunal,2,4,0.21715735640248415,0.03874584345883645,FALSE,0.15015959577158586,0.3033767974536461,"Cautious, Low Trust"
rho,electoral_tribunal,3,4,0.24545991467840805,0.024599614940210734,FALSE,0.20007546053198894,0.2973128743225111,"Cautious, Low Trust"
rho,electoral_tribunal,4,4,0.24930137964769694,0.03234930454915098,FALSE,0.19086321570154008,0.318587100651253,"Cautious, Low Trust"
rho,electoral_tribunal,5,4,0.14271154230554273,0.024604924918121655,FALSE,0.10056686068030073,0.19861771299790676,"Cautious, Low Trust"
rho,electoral_tribunal,6,4,0.021194705256370537,0.011747535657797837,FALSE,0.007011191027050464,0.06227183416423681,"Cautious, Low Trust"
rho,electoral_tribunal,7,4,0.015186794140654544,0.013890818125544387,FALSE,0.0024480000378788187,0.08834447173599526,"Cautious, Low Trust"
rho,electoral_tribunal,1,5,0.037722439746603595,0.016535024278260563,FALSE,0.015665533119145165,0.08805702812175417,Presidential & Judicial Trust
rho,electoral_tribunal,2,5,0.02000055561020976,0.01188662568998919,FALSE,0.006108621553231364,0.0634674488709407,Presidential & Judicial Trust
rho,electoral_tribunal,3,5,0.006533539410530787,0.006581567337720492,FALSE,8.833724817320391e-4,0.04663603948309378,Presidential & Judicial Trust
rho,electoral_tribunal,4,5,0.04593662414695515,0.01977911058788811,FALSE,0.019329817203754755,0.10523667136603458,Presidential & Judicial Trust
rho,electoral_tribunal,5,5,0.016106184950876415,0.011970739234529192,FALSE,0.003657760968134879,0.06802760370507425,Presidential & Judicial Trust
rho,electoral_tribunal,6,5,0.16647583720987122,0.034584692343959014,FALSE,0.10870404939063003,0.2464609001194645,Presidential & Judicial Trust
rho,electoral_tribunal,7,5,0.7072248189249531,0.04457648714256678,FALSE,0.6120412334236103,0.7871760443304242,Presidential & Judicial Trust
rho,armed_forces,1,1,0.02013509016069401,0.007445198514481786,FALSE,0.009643927729814036,0.04156014305969007,Guarded System Trust
rho,armed_forces,2,1,0.02860707006454184,0.009899198021661325,FALSE,0.01434298014782322,0.05624727944166602,Guarded System Trust
rho,armed_forces,3,1,0.07227688229273062,0.014444408805848121,FALSE,0.048405070734957846,0.10660264627931107,Guarded System Trust
rho,armed_forces,4,1,0.1656020043509907,0.026561083431139176,FALSE,0.11946268761888085,0.2250077655797829,Guarded System Trust
rho,armed_forces,5,1,0.26960578392439816,0.025403523388601502,FALSE,0.22236774723026398,0.32271426164815076,Guarded System Trust
rho,armed_forces,6,1,0.2467435322004246,0.02517526092967473,FALSE,0.20034944325685455,0.2998523977653396,Guarded System Trust
rho,armed_forces,7,1,0.19702963700622012,0.02419260649748311,FALSE,0.15347799685601704,0.24930015007607617,Guarded System Trust
rho,armed_forces,1,2,0.002635747194730383,0.0031219232837914556,FALSE,2.519205122457507e-4,0.026968322694165225,Reserved Institutional Trust
rho,armed_forces,2,2,0.006182630220049329,0.006798098278029825,FALSE,6.961008681632268e-4,0.0526351715180789,Reserved Institutional Trust
rho,armed_forces,3,2,0.0033624945605960545,0.003411032052401258,FALSE,4.4990951086923273e-4,0.02466504465217783,Reserved Institutional Trust
rho,armed_forces,4,2,0.04389672449761499,0.013680264065748765,FALSE,0.023520497978501764,0.08047053470470984,Reserved Institutional Trust
rho,armed_forces,5,2,0.2480137255841276,0.028270055632653054,FALSE,0.19635936142580687,0.3080477346988922,Reserved Institutional Trust
rho,armed_forces,6,2,0.3565311393672634,0.029265951197021325,FALSE,0.30092373376457576,0.41629511144485337,Reserved Institutional Trust
rho,armed_forces,7,2,0.3393775385756183,0.0350542742828407,FALSE,0.27378834888112724,0.4117701319702608,Reserved Institutional Trust
rho,armed_forces,1,3,0.4239792872867443,0.0503923444336793,FALSE,0.328539458841153,0.5254480597083475,Widespread Distrust
rho,armed_forces,2,3,0.07098746847241456,0.02561688197782967,FALSE,0.03421329999156484,0.14149730014210454,Widespread Distrust
rho,armed_forces,3,3,0.12079725910014656,0.02907090076730676,FALSE,0.07401480902194554,0.19104862971902273,Widespread Distrust
rho,armed_forces,4,3,0.12456765955176322,0.030211426415258334,FALSE,0.07598980267128246,0.19756015909099225,Widespread Distrust
rho,armed_forces,5,3,0.08703214766803277,0.023834646687422308,FALSE,0.05001852478927331,0.14719192707247467,Widespread Distrust
rho,armed_forces,6,3,0.0768912021505969,0.025114637207808845,FALSE,0.03971202463350667,0.14367058083438777,Widespread Distrust
rho,armed_forces,7,3,0.09574497577030178,0.029667359222391828,FALSE,0.05100157142441007,0.17260223185266785,Widespread Distrust
rho,armed_forces,1,4,0.06582459509399727,0.019830938524722758,FALSE,0.03588524343468049,0.11769334905396517,"Cautious, Low Trust"
rho,armed_forces,2,4,0.12341476925152949,0.023389366600564843,FALSE,0.08406631161902116,0.17760946823969548,"Cautious, Low Trust"
rho,armed_forces,3,4,0.19403804218960732,0.02790974255772669,FALSE,0.14465412230417354,0.25525017287813445,"Cautious, Low Trust"
rho,armed_forces,4,4,0.18901425247238474,0.02602339404418493,FALSE,0.14277943898075446,0.2459256119976824,"Cautious, Low Trust"
rho,armed_forces,5,4,0.1790202151121775,0.026506174949570842,FALSE,0.13239988658271773,0.23756148693577495,"Cautious, Low Trust"
rho,armed_forces,6,4,0.12501485711530252,0.024355823015032047,FALSE,0.08421487524079699,0.18166039203015186,"Cautious, Low Trust"
rho,armed_forces,7,4,0.12367326876500116,0.017914589068906764,FALSE,0.09235497937694481,0.1636964352298624,"Cautious, Low Trust"
rho,armed_forces,1,5,0.061447921736551114,0.0186944318028516,FALSE,0.03332248228958364,0.11059635726615015,Presidential & Judicial Trust
rho,armed_forces,2,5,0.00619472954307027,0.006220582265052877,FALSE,8.432031952291901e-4,0.04401440747477755,Presidential & Judicial Trust
rho,armed_forces,3,5,0.04606405157814779,0.018265913513199315,FALSE,0.020771484673988712,0.09903943041798664,Presidential & Judicial Trust
rho,armed_forces,4,5,0.01943520730970859,0.012307022385803489,FALSE,0.005491589904996203,0.06641839996074486,Presidential & Judicial Trust
rho,armed_forces,5,5,0.06417999180259955,0.02186392469304977,FALSE,0.032291258380032065,0.12353971575404388,Presidential & Judicial Trust
rho,armed_forces,6,5,0.08633360117796723,0.029862353782587326,FALSE,0.04276031501471775,0.1665816834328149,Presidential & Judicial Trust
rho,armed_forces,7,5,0.7163444968519554,0.0477128728107981,FALSE,0.613420320770871,0.8007660449592595,Presidential & Judicial Trust
rho,legislature,1,1,0.017077828791987517,0.0063084816166446836,FALSE,0.008191167727992452,0.03526291215701362,Guarded System Trust
rho,legislature,2,1,0.033846722282383536,0.011740767749567423,FALSE,0.016923309016366378,0.06654803858018771,Guarded System Trust
rho,legislature,3,1,0.10552934017368254,0.021439587640951205,FALSE,0.06999739432658426,0.15607107154638514,Guarded System Trust
rho,legislature,4,1,0.37812979240546696,0.029027083097973458,FALSE,0.32261461976482514,0.43703457023726566,Guarded System Trust
rho,legislature,5,1,0.29946810336259294,0.030437912474020248,FALSE,0.2428789270703354,0.3629220671784153,Guarded System Trust
rho,legislature,6,1,0.12988436764644476,0.021772731348883,FALSE,0.09252064201793928,0.17935492648261844,Guarded System Trust
rho,legislature,7,1,0.03606384533744179,0.009132613111677663,FALSE,0.021761154747573275,0.05919821657347391,Guarded System Trust
rho,legislature,1,2,3.3232808211690273e-15,3.248821896296673e-16,TRUE,2.6803485187815757e-15,3.966213123556479e-15,Reserved Institutional Trust
rho,legislature,2,2,0.003437975889814134,0.0034712684583088657,FALSE,4.643273975532536e-4,0.024979554992513874,Reserved Institutional Trust
rho,legislature,3,2,0.006030705811759227,0.006634377722863717,FALSE,6.783855577814422e-4,0.05143807704773882,Reserved Institutional Trust
rho,legislature,4,2,0.05394030064309782,0.016039039245808604,FALSE,0.029701067939814686,0.0960040617325176,Reserved Institutional Trust
rho,legislature,5,2,0.46525857366522105,0.03934543765517127,FALSE,0.38884856498420106,0.5433347088844412,Reserved Institutional Trust
rho,legislature,6,2,0.38476544351429354,0.03522518613917739,FALSE,0.317811035967262,0.45638869265363163,Reserved Institutional Trust
rho,legislature,7,2,0.08656700047581091,0.019820579833140912,FALSE,0.054560347017859175,0.13467508071421325,Reserved Institutional Trust
rho,legislature,1,3,0.5985982752641996,0.05517332144720487,FALSE,0.48630637804080784,0.701414806659921,Widespread Distrust
rho,legislature,2,3,0.16831248517740055,0.032275928490024884,FALSE,0.11365636633671918,0.24207371374134995,Widespread Distrust
rho,legislature,3,3,0.11889525526989408,0.03322321845286057,FALSE,0.06719844649336681,0.20176089464218847,Widespread Distrust
rho,legislature,4,3,0.04921833701686282,0.030976302666934727,FALSE,0.01377556328418183,0.16096726820182758,Widespread Distrust
rho,legislature,5,3,0.03468366919820076,0.020810573812635715,FALSE,0.010392194240604195,0.1094745022824497,Widespread Distrust
rho,legislature,6,3,6.434922242346699e-15,7.668521472248609e-16,TRUE,4.917344386915321e-15,7.952500097778077e-15,Widespread Distrust
rho,legislature,7,3,0.030291978073435727,0.021832097259517777,FALSE,0.007125286033645595,0.11970048275655351,Widespread Distrust
rho,legislature,1,4,0.10742405320344746,0.02576222712025737,FALSE,0.06604826714168963,0.17000158749961944,"Cautious, Low Trust"
rho,legislature,2,4,0.19438593508514934,0.0257661705033796,FALSE,0.1483793556441739,0.25046204663610067,"Cautious, Low Trust"
rho,legislature,3,4,0.2811915659297991,0.02424727089918777,FALSE,0.23577901189543193,0.3315561058457894,"Cautious, Low Trust"
rho,legislature,4,4,0.24159291126720148,0.03317514486540675,FALSE,0.18208546636613526,0.3131033171468454,"Cautious, Low Trust"
rho,legislature,5,4,0.13342955027840983,0.020267083430886106,FALSE,0.09815930758444383,0.17885953224350057,"Cautious, Low Trust"
rho,legislature,6,4,0.04197598423598978,0.019121854478265487,FALSE,0.016810792495195626,0.10094486363097342,"Cautious, Low Trust"
rho,legislature,7,4,2.9436869911935415e-15,2.9061330424992063e-16,TRUE,2.3685718055355946e-15,3.5188021768514884e-15,"Cautious, Low Trust"
rho,legislature,1,5,0.0370678694929587,0.014714870222008014,FALSE,0.0167400799917228,0.08006994154794339,Presidential & Judicial Trust
rho,legislature,2,5,0.006165050228403156,0.006195598673127197,FALSE,8.378875395892624e-4,0.043874273418889824,Presidential & Judicial Trust
rho,legislature,3,5,0.03625610284197112,0.01709532039487118,FALSE,0.014085310631268416,0.09013412429724016,Presidential & Judicial Trust
rho,legislature,4,5,0.034855813303710965,0.018002118073958004,FALSE,0.012369724209695569,0.09431437590986604,Presidential & Judicial Trust
rho,legislature,5,5,0.07312841931614728,0.03002097157412672,FALSE,0.031795735570567515,0.15934830478428078,Presidential & Judicial Trust
rho,legislature,6,5,0.200691175132546,0.03578138746499199,FALSE,0.13902618954987167,0.28078755312268383,Presidential & Judicial Trust
rho,legislature,7,5,0.6118355696842628,0.05610797948122828,FALSE,0.496875088292343,0.7155652413506981,Presidential & Judicial Trust
rho,public_ministry,1,1,0.011619929293469177,0.005761528353672508,FALSE,0.004337467246086314,0.030751760823030147,Guarded System Trust
rho,public_ministry,2,1,0.030160336830588778,0.010806382244803441,FALSE,0.014749097707812861,0.06068287140259464,Guarded System Trust
rho,public_ministry,3,1,0.10343602824513232,0.02697161230847861,FALSE,0.06092912446736216,0.17022224968646313,Guarded System Trust
rho,public_ministry,4,1,0.35969105161251974,0.024580918763368178,FALSE,0.3126160718029635,0.4096304019129257,Guarded System Trust
rho,public_ministry,5,1,0.3452922415053666,0.035537860195057745,FALSE,0.2787048298769516,0.41855684945217897,Guarded System Trust
rho,public_ministry,6,1,0.10656248959895129,0.01733106795846957,FALSE,0.07680375452881563,0.14602783495219776,Guarded System Trust
rho,public_ministry,7,1,0.04323792291397211,0.011236844193017079,FALSE,0.025721200892280603,0.07180473737591642,Guarded System Trust
rho,public_ministry,1,2,3.3232808211690154e-15,3.2488218962966226e-16,TRUE,2.6803485187815737e-15,3.966213123556457e-15,Reserved Institutional Trust
rho,public_ministry,2,2,0.004096333621998612,0.004321157422157093,FALSE,5.05362264094828e-4,0.03237723186639816,Reserved Institutional Trust
rho,public_ministry,3,2,3.3232808211690154e-15,3.2488218962966226e-16,TRUE,2.6803485187815737e-15,3.966213123556457e-15,Reserved Institutional Trust
rho,public_ministry,4,2,0.1004469227472027,0.02399048272802788,FALSE,0.06193704227041688,0.1588461358926835,Reserved Institutional Trust
rho,public_ministry,5,2,0.34866819070819,0.03451820553280832,FALSE,0.28379890371989147,0.41967641782029097,Reserved Institutional Trust
rho,public_ministry,6,2,0.4386322836325089,0.03751926403100485,FALSE,0.36626931030886917,0.5137030093574305,Reserved Institutional Trust
rho,public_ministry,7,2,0.10815626929009323,0.030055402325969666,FALSE,0.061436913008626956,0.18345863013352856,Reserved Institutional Trust
rho,public_ministry,1,3,0.6443008904723059,0.0616499606772654,FALSE,0.5154267323959965,0.7551803548828749,Widespread Distrust
rho,public_ministry,2,3,0.14284587352976083,0.04461110067597048,FALSE,0.07495979013064086,0.2552476224364452,Widespread Distrust
rho,public_ministry,3,3,0.08649570995064536,0.026338284256608103,FALSE,0.04667017814319675,0.1547880116154412,Widespread Distrust
rho,public_ministry,4,3,0.04957212407541274,0.022554131314821254,FALSE,0.019824173432458184,0.1185600453133356,Widespread Distrust
rho,public_ministry,5,3,0.04444690656462888,0.022034145328950216,FALSE,0.016387960113660924,0.11493388488657462,Widespread Distrust
rho,public_ministry,6,3,0.007035244814853797,0.007141504074174013,FALSE,9.360956988633456e-4,0.05085085301522066,Widespread Distrust
rho,public_ministry,7,3,0.025303250592392638,0.016562347691607703,FALSE,0.0068260189708569865,0.0892991232522599,Widespread Distrust
rho,public_ministry,1,4,0.10089557087644653,0.02606137327070406,FALSE,0.05975742294079934,0.1653729390248677,"Cautious, Low Trust"
rho,public_ministry,2,4,0.23676038320998802,0.03608881484366195,FALSE,0.17282364044577223,0.3153335950801051,"Cautious, Low Trust"
rho,public_ministry,3,4,0.34794173587715777,0.03240436087735202,FALSE,0.286846500031797,0.4144866287449844,"Cautious, Low Trust"
rho,public_ministry,4,4,0.19723681750287075,0.03576934678948957,FALSE,0.13578791329564652,0.27756240436985546,"Cautious, Low Trust"
rho,public_ministry,5,4,0.08505143834583573,0.018472277305080664,FALSE,0.05492075437341042,0.1294482782703145,"Cautious, Low Trust"
rho,public_ministry,6,4,0.03211405418769828,0.01403914313873149,FALSE,0.013391379809940505,0.07502267873385615,"Cautious, Low Trust"
rho,public_ministry,7,4,2.9436869911935427e-15,2.906133042499198e-16,TRUE,2.3685718055355973e-15,3.518802176851488e-15,"Cautious, Low Trust"
rho,public_ministry,1,5,0.029804132493201,0.01901828054460843,FALSE,0.008289493506668608,0.10144606354768465,Presidential & Judicial Trust
rho,public_ministry,2,5,0.013499757688572001,0.009771818592567092,FALSE,0.0031930668189430974,0.05523139954517513,Presidential & Judicial Trust
rho,public_ministry,3,5,0.012929032803663275,0.009183988701967977,FALSE,0.0031430353099288957,0.0516068458414208,Presidential & Judicial Trust
rho,public_ministry,4,5,0.02350610149566294,0.01882348847106092,FALSE,0.004727597454904941,0.1087263223400714,Presidential & Judicial Trust
rho,public_ministry,5,5,0.025666436008494508,0.02270173669609992,FALSE,0.004350687680657922,0.1370420733515416,Presidential & Judicial Trust
rho,public_ministry,6,5,0.1674768753961551,0.029205370073941736,FALSE,0.11731136475590566,0.2334216298157563,Presidential & Judicial Trust
rho,public_ministry,7,5,0.7271176641142512,0.04624554259841582,FALSE,0.6268683731307959,0.8086543183975136,Presidential & Judicial Trust
rho,police,1,1,0.07998472663601869,0.01794076954335434,FALSE,0.050929853246219806,0.12345885629423407,Guarded System Trust
rho,police,2,1,0.177158550443782,0.01998700786480952,FALSE,0.14099439263709948,0.22022055618130582,Guarded System Trust
rho,police,3,1,0.2821996715952579,0.023128578221905328,FALSE,0.23875183037003916,0.3301253106845023,Guarded System Trust
rho,police,4,1,0.2551267470989119,0.023174548360193215,FALSE,0.21202133214064778,0.30361904543043494,Guarded System Trust
rho,police,5,1,0.14091289420960607,0.022302391715734733,FALSE,0.10226414148366743,0.1910595735816436,Guarded System Trust
rho,police,6,1,0.048119057680503015,0.010524154345742446,FALSE,0.031084635697224347,0.07377756558775565,Guarded System Trust
rho,police,7,1,0.016498352335920504,0.005989398332816729,FALSE,0.008015452035551311,0.03365428568362164,Guarded System Trust
rho,police,1,2,0.017802090953523836,0.01200051365174519,FALSE,0.00463859723218715,0.0658498570909105,Reserved Institutional Trust
rho,police,2,2,0.03211505210705095,0.014248659800019393,FALSE,0.01321705140795825,0.07595396580323488,Reserved Institutional Trust
rho,police,3,2,0.07882620251999198,0.022921733482954856,FALSE,0.043809446775254154,0.13779823220976475,Reserved Institutional Trust
rho,police,4,2,0.2241446611103348,0.029043717893662772,FALSE,0.1719054453573069,0.2867612745830827,Reserved Institutional Trust
rho,police,5,2,0.389556321703081,0.032674947808868884,FALSE,0.32715171512202856,0.455800843354433,Reserved Institutional Trust
rho,police,6,2,0.20778344008480773,0.029909282437651747,FALSE,0.15473787476448403,0.2731373842731063,Reserved Institutional Trust
rho,police,7,2,0.04977223152120963,0.017322261579793875,FALSE,0.02474530933478013,0.09757834723684279,Reserved Institutional Trust
rho,police,1,3,0.752076001583452,0.043078321300008104,FALSE,0.6575742721595916,0.8273451363321883,Widespread Distrust
rho,police,2,3,0.09676491739667137,0.03625408371674875,FALSE,0.045020396921801674,0.19578927629498669,Widespread Distrust
rho,police,3,3,0.051199791877024094,0.019305538050907543,FALSE,0.023987892612546476,0.10593054696538648,Widespread Distrust
rho,police,4,3,0.03914622047794586,0.018193850415391438,FALSE,0.015401796072538556,0.09593007071631894,Widespread Distrust
rho,police,5,3,0.0543778844181929,0.021665984988871328,FALSE,0.02437034245574557,0.1169066817328877,Widespread Distrust
rho,police,6,3,6.434922242346712e-15,7.668521472248515e-16,TRUE,4.917344386915352e-15,7.95250009777807e-15,Widespread Distrust
rho,police,7,3,0.006435184246707282,0.006486571281331034,FALSE,8.690746963061321e-4,0.04600863047246119,Widespread Distrust
rho,police,1,4,0.36819488361892183,0.0476750468560469,FALSE,0.2797822196624228,0.4664517053424647,"Cautious, Low Trust"
rho,police,2,4,0.29893185967077596,0.02710887661907384,FALSE,0.24817363849836607,0.3551672608354934,"Cautious, Low Trust"
rho,police,3,4,0.15939331813689409,0.03316783788360093,FALSE,0.1040854015475776,0.23633756914793536,"Cautious, Low Trust"
rho,police,4,4,0.10354746312853173,0.021432272970415934,FALSE,0.06815792356001203,0.1542701645877672,"Cautious, Low Trust"
rho,police,5,4,0.04848012109295364,0.01456970989892425,FALSE,0.02654660720344527,0.08691760824690446,"Cautious, Low Trust"
rho,police,6,4,0.021452354351919826,0.010446254745736905,FALSE,0.008121999985108352,0.05543850163131552,"Cautious, Low Trust"
rho,police,7,4,2.9436869911935462e-15,2.906133042499192e-16,TRUE,2.368571805535602e-15,3.5188021768514904e-15,"Cautious, Low Trust"
rho,police,1,5,0.09883257710673245,0.03072726545799563,FALSE,0.05250031660277798,0.1783568058160558,Presidential & Judicial Trust
rho,police,2,5,0.030509660581604803,0.015275298355704214,FALSE,0.011198422623376753,0.08041412989352223,Presidential & Judicial Trust
rho,police,3,5,0.04512142087720971,0.019501634240615563,FALSE,0.018928774079077795,0.1037260965017618,Presidential & Judicial Trust
rho,police,4,5,0.07303438267705084,0.023071243230543232,FALSE,0.038590699442169175,0.13393755047383488,Presidential & Judicial Trust
rho,police,5,5,0.20335772039978486,0.036737517304234586,FALSE,0.14013001788872265,0.2856373412879696,Presidential & Judicial Trust
rho,police,6,5,0.11909374174775524,0.03158149018278327,FALSE,0.06934622737793077,0.19697563731359521,Presidential & Judicial Trust
rho,police,7,5,0.4300504966098621,0.05436219152111115,FALSE,0.3272696407825432,0.5392366387793365,Presidential & Judicial Trust
rho,auditor,1,1,0.010151156152136456,0.004685100164783473,FALSE,0.004059236297598236,0.025154643058201444,Guarded System Trust
rho,auditor,2,1,0.024470394718069426,0.008083504680144446,FALSE,0.012671539713607939,0.04673548311485143,Guarded System Trust
rho,auditor,3,1,0.1406297146800641,0.03105359694340334,FALSE,0.08959639367520396,0.21390153989333685,Guarded System Trust
rho,auditor,4,1,0.409758445195022,0.023879735332686294,FALSE,0.3634646271856586,0.4577087707954812,Guarded System Trust
rho,auditor,5,1,0.2976660524241222,0.03414856138003455,FALSE,0.2347490120671581,0.36930801448062417,Guarded System Trust
rho,auditor,6,1,0.09770668443695554,0.014977887155118264,FALSE,0.071811827604824,0.13161501260368677,Guarded System Trust
rho,auditor,7,1,0.01961755239363027,0.007058892968305333,FALSE,0.009585701830488005,0.03972704577589356,Guarded System Trust
rho,auditor,1,2,3.3232808211690146e-15,3.248821896296652e-16,TRUE,2.680348518781567e-15,3.966213123556462e-15,Reserved Institutional Trust
rho,auditor,2,2,3.3232808211690146e-15,3.248821896296652e-16,TRUE,2.680348518781567e-15,3.966213123556462e-15,Reserved Institutional Trust
rho,auditor,3,2,0.01125765053695244,0.006839887417840594,FALSE,0.0033633373313242416,0.036993457466338975,Reserved Institutional Trust
rho,auditor,4,2,0.12065714837193178,0.023732947926106817,FALSE,0.08099594321444682,0.17601948369571663,Reserved Institutional Trust
rho,auditor,5,2,0.3948213902097483,0.040067303798604646,FALSE,0.3188758512845635,0.47620859109558084,Reserved Institutional Trust
rho,auditor,6,2,0.3985617214676626,0.039851611889389765,FALSE,0.3229027796111517,0.47939679499589977,Reserved Institutional Trust
rho,auditor,7,2,0.07470208941369821,0.02115127345133492,FALSE,0.04220181931566407,0.12886387669308424,Reserved Institutional Trust
rho,auditor,1,3,0.6713087544381666,0.061295321252937136,FALSE,0.5410006633062339,0.7796879646212046,Widespread Distrust
rho,auditor,2,3,0.1546173750357426,0.04884260616298525,FALSE,0.08029718452321659,0.27700723216575124,Widespread Distrust
rho,auditor,3,3,0.05426463139360565,0.02434124157444078,FALSE,0.021951525040036512,0.1279220578277954,Widespread Distrust
rho,auditor,4,3,0.07105142783421489,0.02212344030746412,FALSE,0.037906968271072025,0.12928193636724314,Widespread Distrust
rho,auditor,5,3,0.03657289740184462,0.020367959467473207,FALSE,0.011948328877374095,0.10647775251487973,Widespread Distrust
rho,auditor,6,3,0.012184913896419262,0.014607681493671596,FALSE,0.0011158552233447908,0.11987903916510868,Widespread Distrust
rho,auditor,7,3,6.434922242346699e-15,7.668521472248586e-16,TRUE,4.9173443869153254e-15,7.952500097778072e-15,Widespread Distrust
rho,auditor,1,4,0.06324735682100355,0.024858950189747087,FALSE,0.028589663306739694,0.13411806136636573,"Cautious, Low Trust"
rho,auditor,2,4,0.2492621214666567,0.04243737963201457,FALSE,0.1748925780164062,0.3421424152239533,"Cautious, Low Trust"
rho,auditor,3,4,0.38490105586762746,0.03577968117489934,FALSE,0.3169394099711107,0.45767137680753983,"Cautious, Low Trust"
rho,auditor,4,4,0.2161321615245843,0.032250070727194546,FALSE,0.1590838015048292,0.28666439792405934,"Cautious, Low Trust"
rho,auditor,5,4,0.07200640756113523,0.016224661568511413,FALSE,0.04579184691350274,0.11147487846514464,"Cautious, Low Trust"
rho,auditor,6,4,0.01295553331479492,0.010322481499849703,FALSE,0.002649695222370242,0.06089782776817536,"Cautious, Low Trust"
rho,auditor,7,4,0.0014953634441977899,0.0032941045939507787,FALSE,1.9022846817531602e-5,0.1054646862915236,"Cautious, Low Trust"
rho,auditor,1,5,0.013304972393737336,0.011693215625381566,FALSE,0.002308341494125012,0.07286225706207586,Presidential & Judicial Trust
rho,auditor,2,5,0.019509437114284427,0.011525228292878833,FALSE,0.006002871450026767,0.06152497539340904,Presidential & Judicial Trust
rho,auditor,3,5,0.016832258577301095,0.011642657299213877,FALSE,0.004236610776785556,0.06445155732341601,Presidential & Judicial Trust
rho,auditor,4,5,0.037975791940204714,0.01684739614491732,FALSE,0.015601123511181363,0.08952136037076187,Presidential & Judicial Trust
rho,auditor,5,5,0.09566666546748974,0.033519194767413815,FALSE,0.04683932399179463,0.18548847330630375,Presidential & Judicial Trust
rho,auditor,6,5,0.20536859321882994,0.03916173076492824,FALSE,0.13848013625859604,0.29355657159109044,Presidential & Judicial Trust
rho,auditor,7,5,0.6113422812881527,0.049699940492284926,FALSE,0.5097517993490108,0.7041010236789802,Presidential & Judicial Trust
rho,political_parties,1,1,0.10779914142372403,0.020213677162553418,FALSE,0.07382685489843352,0.154791468103161,Guarded System Trust
rho,political_parties,2,1,0.18859118319794124,0.02410195490735728,FALSE,0.14543219613060035,0.2409469442259915,Guarded System Trust
rho,political_parties,3,1,0.2737950305262747,0.024803249009001656,FALSE,0.22752850246193984,0.3255052101144486,Guarded System Trust
rho,political_parties,4,1,0.2878314550783436,0.031007801308138773,FALSE,0.23053435290373042,0.35283914218214274,Guarded System Trust
rho,political_parties,5,1,0.10802259523360391,0.016842026344784693,FALSE,0.07892728064994797,0.14614168175694464,Guarded System Trust
rho,political_parties,6,1,0.02860158008066878,0.00915489237991152,FALSE,0.015107202605100963,0.05349498780267722,Guarded System Trust
rho,political_parties,7,1,0.005359014459443749,0.004141286323340764,FALSE,0.001156579852394695,0.024457119741987395,Guarded System Trust
rho,political_parties,1,2,0.024649003686482873,0.010405725543867431,FALSE,0.010617175336932462,0.056172637603313896,Reserved Institutional Trust
rho,political_parties,2,2,0.02190101099150876,0.012094794932977292,FALSE,0.007271949738197973,0.0640604425039849,Reserved Institutional Trust
rho,political_parties,3,2,0.07988330233900869,0.019346156284963847,FALSE,0.0490411720933546,0.12752108761137604,Reserved Institutional Trust
rho,political_parties,4,2,0.2986745365455431,0.028960044248889903,FALSE,0.24467440717317393,0.3589292224864703,Reserved Institutional Trust
rho,political_parties,5,2,0.37630728592666735,0.03181547808081697,FALSE,0.31571879117979235,0.4410291274776612,Reserved Institutional Trust
rho,political_parties,6,2,0.16049858605871067,0.025609655834213086,FALSE,0.11602082269641459,0.2178257297477292,Reserved Institutional Trust
rho,political_parties,7,2,0.03808627445207858,0.01442090273939358,FALSE,0.017844534226384434,0.07943202351486812,Reserved Institutional Trust
rho,political_parties,1,3,0.8600898685428611,0.038692685186975384,FALSE,0.7648969351735719,0.9207335742794903,Widespread Distrust
rho,political_parties,2,3,0.0895962810793165,0.035194188308115826,FALSE,0.040216376106964415,0.18774722492766938,Widespread Distrust
rho,political_parties,3,3,0.012130720313567317,0.012149885821434097,FALSE,0.0016484895129941003,0.08367947105058429,Widespread Distrust
rho,political_parties,4,3,0.006547669055812327,0.006589635571546775,FALSE,8.869290999996083e-4,0.04665059741496274,Widespread Distrust
rho,political_parties,5,3,0.019145066848251496,0.011451864813979985,FALSE,0.0058048996172143695,0.061253306561151,Widespread Distrust
rho,political_parties,6,3,0.012490394160184888,0.009757885070353184,FALSE,0.0026361013075121786,0.05707405914822813,Widespread Distrust
rho,political_parties,7,3,6.434922242346695e-15,7.668521472248638e-16,TRUE,4.917344386915311e-15,7.95250009777808e-15,Widespread Distrust
rho,political_parties,1,4,0.4259040262300914,0.04400795885120987,FALSE,0.3419162263325158,0.5143963638839618,"Cautious, Low Trust"
rho,political_parties,2,4,0.2764984055884689,0.027226600934102577,FALSE,0.22596489642076448,0.3334643138374964,"Cautious, Low Trust"
rho,political_parties,3,4,0.2128589791600042,0.03227387627424929,FALSE,0.15591115211614265,0.2836183345970155,"Cautious, Low Trust"
rho,political_parties,4,4,0.0647477620466076,0.013966919328103886,FALSE,0.04201682740419972,0.09851147844821585,"Cautious, Low Trust"
rho,political_parties,5,4,0.01727243640070282,0.0136297233493235,FALSE,0.003574754597790572,0.0792805637680621,"Cautious, Low Trust"
rho,political_parties,6,4,2.9436869911935454e-15,2.9061330424992014e-16,TRUE,2.3685718055355993e-15,3.5188021768514916e-15,"Cautious, Low Trust"
rho,political_parties,7,4,0.002718390574122089,0.0027766059198744146,FALSE,3.5899107480239e-4,0.020270053099534172,"Cautious, Low Trust"
rho,political_parties,1,5,0.09123438298133056,0.031299345280715804,FALSE,0.04540216598831069,0.17485812069482787,Presidential & Judicial Trust
rho,political_parties,2,5,0.031388673499831696,0.013779600447907598,FALSE,0.013043503044881555,0.07361120053496129,Presidential & Judicial Trust
rho,political_parties,3,5,0.05593034361923766,0.01966975500309554,FALSE,0.02756395566545979,0.11018130867841254,Presidential & Judicial Trust
rho,political_parties,4,5,0.09527752921201872,0.026559112026350494,FALSE,0.054137119580528206,0.16231667133002764,Presidential & Judicial Trust
rho,political_parties,5,5,0.1871204693953936,0.03380385544060898,FALSE,0.12913448367959846,0.2632727093414962,Presidential & Judicial Trust
rho,political_parties,6,5,0.21912741060959814,0.03267761909684661,FALSE,0.16128608429213367,0.29052670594678276,Presidential & Judicial Trust
rho,political_parties,7,5,0.31992119068258956,0.04558869593223743,FALSE,0.23707267756913059,0.4159377454987295,Presidential & Judicial Trust
rho,president,1,1,0.04170087962951943,0.01209126839768281,FALSE,0.023352666364942015,0.07338211511086383,Guarded System Trust
rho,president,2,1,0.05639803006255968,0.01131909790979866,FALSE,0.03775362361497049,0.08345134815192576,Guarded System Trust
rho,president,3,1,0.0701689663844396,0.015075651612349618,FALSE,0.04559195529220739,0.10651597562618659,Guarded System Trust
rho,president,4,1,0.1669707446535714,0.02078197891932603,FALSE,0.12977691783224035,0.21222463645133868,Guarded System Trust
rho,president,5,1,0.18691300296157373,0.020327131773966618,FALSE,0.14996371539842818,0.23049753541931084,Guarded System Trust
rho,president,6,1,0.2091520175147629,0.021116747716862793,FALSE,0.1704148824372822,0.2539985332729099,Guarded System Trust
rho,president,7,1,0.26869635879357323,0.02859426339531324,FALSE,0.21598411680762855,0.328876876749001,Guarded System Trust
rho,president,1,2,0.009759465507630658,0.005767746573851056,FALSE,0.003016043561153491,0.031109700848511532,Reserved Institutional Trust
rho,president,2,2,0.006951335836877553,0.005047992212063526,FALSE,0.0016439391447959624,0.028897500030442103,Reserved Institutional Trust
rho,president,3,2,0.020423007124421796,0.00870989905723092,FALSE,0.008731606317198114,0.047026242493485644,Reserved Institutional Trust
rho,president,4,2,0.028373654621960884,0.011773213959404599,FALSE,0.01238712639058624,0.06366207357437483,Reserved Institutional Trust
rho,president,5,2,0.22911271837176408,0.028435129039977348,FALSE,0.17771083007640026,0.29013639964765653,Reserved Institutional Trust
rho,president,6,2,0.30628433540667815,0.03253177501497738,FALSE,0.24590982819584453,0.3741276083930252,Reserved Institutional Trust
rho,president,7,2,0.39909548313066684,0.03896497431109608,FALSE,0.3250251812899053,0.4780895450454757,Reserved Institutional Trust
rho,president,1,3,0.5091122191644086,0.05358489790097633,FALSE,0.4042326247169698,0.6131957797361476,Widespread Distrust
rho,president,2,3,0.042000918811462014,0.02074150315845657,FALSE,0.015561282424042235,0.10841590752243457,Widespread Distrust
rho,president,3,3,0.027054177765059435,0.014216328194595713,FALSE,0.009458808500977705,0.07490547804769686,Widespread Distrust
rho,president,4,3,0.08755688776523154,0.024548424951493487,FALSE,0.04964558056128463,0.14985377076045261,Widespread Distrust
rho,president,5,3,0.11039677831484265,0.03009302707719376,FALSE,0.06338261715807174,0.18538150968653772,Widespread Distrust
rho,president,6,3,0.04379690572294992,0.021876804885020428,FALSE,0.016029094972713105,0.11409042963930364,Widespread Distrust
rho,president,7,3,0.18008211245604586,0.032532392351288006,FALSE,0.12435511766188252,0.2535508232924257,Widespread Distrust
rho,president,1,4,0.10243441185027355,0.026825997763546834,FALSE,0.060206946277252954,0.1689545123255537,"Cautious, Low Trust"
rho,president,2,4,0.09255577103194546,0.020184912834581095,FALSE,0.05961278072549527,0.14097448619376318,"Cautious, Low Trust"
rho,president,3,4,0.10822042778847045,0.022204403976444367,FALSE,0.07146743466929896,0.16060491174826366,"Cautious, Low Trust"
rho,president,4,4,0.1381854254397638,0.026613441526392577,FALSE,0.09341015329536503,0.19969570522669217,"Cautious, Low Trust"
rho,president,5,4,0.22746905594909314,0.026992385092667874,FALSE,0.17848640910366328,0.28522699398122886,"Cautious, Low Trust"
rho,president,6,4,0.14254458497206932,0.02313176229809558,FALSE,0.10258343818873705,0.1946952813930937,"Cautious, Low Trust"
rho,president,7,4,0.18859032296838427,0.028680903570017385,FALSE,0.13822523263481518,0.25194182045824476,"Cautious, Low Trust"
rho,president,1,5,0.03375750653416742,0.025329937526935208,FALSE,0.0074577881683990516,0.13974453628266115,Presidential & Judicial Trust
rho,president,2,5,0.006097210346864616,0.00612319264005517,FALSE,8.298762994143886e-4,0.04334661871024809,Presidential & Judicial Trust
rho,president,3,5,0.025326837344074087,0.012283145993385427,FALSE,0.0096132892327125009,0.06503848780310252,Presidential & Judicial Trust
rho,president,4,5,0.013347881673002068,0.009688834180516127,FALSE,0.0031447549352572883,0.054834005321961365,Presidential & Judicial Trust
rho,president,5,5,0.04926509950930582,0.0189436869024197,FALSE,0.022744703663040333,0.10343539875009883,Presidential & Judicial Trust
rho,president,6,5,0.055157813728048906,0.019056813891698794,FALSE,0.02753273513695552,0.10743836392998198,Presidential & Judicial Trust
rho,president,7,5,0.8170476508645371,0.03840474754097107,FALSE,0.7286991599523338,0.8813117082168781,Presidential & Judicial Trust
rho,supreme_court,1,1,0.006928272718496862,0.007140161752915258,FALSE,8.939958341160873e-4,0.05158947996747763,Guarded System Trust
rho,supreme_court,2,1,0.03898178515052179,0.01083672303153657,FALSE,0.02237116288437739,0.0670795679733591,Guarded System Trust
rho,supreme_court,3,1,0.11585341734963665,0.02063966094287197,FALSE,0.08083507942506994,0.16334603524685376,Guarded System Trust
rho,supreme_court,4,1,0.3095603509276937,0.031520636564582545,FALSE,0.25086055782280814,0.3751177865569011,Guarded System Trust
rho,supreme_court,5,1,0.3559293498486456,0.035533562539519226,FALSE,0.28908677070391875,0.4289028632118885,Guarded System Trust
rho,supreme_court,6,1,0.13537594054737448,0.017428103777597126,FALSE,0.1044341707879886,0.17370699566664433,Guarded System Trust
rho,supreme_court,7,1,0.03737088345763092,0.011547605771557754,FALSE,0.02015350064501017,0.06827241240952646,Guarded System Trust
rho,supreme_court,1,2,0.0032153411368444425,0.0032364291663634255,FALSE,4.370715109382162e-4,0.02324317850210192,Reserved Institutional Trust
rho,supreme_court,2,2,0.0065812328240154785,0.005063860220606344,FALSE,0.0014284784888448762,0.029766749664521856,Reserved Institutional Trust
rho,supreme_court,3,2,0.004394267984316947,0.007867015899273367,FALSE,1.2568327740886085e-4,0.13418161651702623,Reserved Institutional Trust
rho,supreme_court,4,2,0.05774361542425868,0.015883279620906344,FALSE,0.03324727089036112,0.09845066808613502,Reserved Institutional Trust
rho,supreme_court,5,2,0.32697214057700513,0.04057119679648668,FALSE,0.25222870694723726,0.41167081831870045,Reserved Institutional Trust
rho,supreme_court,6,2,0.48055674259566744,0.039676190062721,FALSE,0.4031493156032112,0.5589089923244939,Reserved Institutional Trust
rho,supreme_court,7,2,0.12053665945789181,0.024479090698368972,FALSE,0.07985354977401947,0.17793847729194023,Reserved Institutional Trust
rho,supreme_court,1,3,0.6185054501473265,0.05375991883606579,FALSE,0.508080330750495,0.7179052807757197,Widespread Distrust
rho,supreme_court,2,3,0.189573059595073,0.049274637474271944,FALSE,0.11031846530491597,0.3061711274559566,Widespread Distrust
rho,supreme_court,3,3,0.09713457628995081,0.02935159857733717,FALSE,0.052560120870559494,0.17262357442955878,Widespread Distrust
rho,supreme_court,4,3,0.00682820960098102,0.0077030573047638445,FALSE,7.256538988445727e-4,0.06111298204126346,Widespread Distrust
rho,supreme_court,5,3,0.0496324661200015,0.018110716758810135,FALSE,0.023845263098048436,0.10043760866968444,Widespread Distrust
rho,supreme_court,6,3,0.013548366928785579,0.01653855632754637,FALSE,0.0011850719732183347,0.1371778224745367,Widespread Distrust
rho,supreme_court,7,3,0.024777871317881547,0.015063609437953566,FALSE,0.007344809120180972,0.08024380566244367,Widespread Distrust
rho,supreme_court,1,4,0.13031742112339978,0.027304163071406456,FALSE,0.08510521345471113,0.19444385236173867,"Cautious, Low Trust"
rho,supreme_court,2,4,0.18910726651538082,0.03540844148149481,FALSE,0.12866913244161382,0.26916458972838236,"Cautious, Low Trust"
rho,supreme_court,3,4,0.33504942455963277,0.02866391172707183,FALSE,0.28089119152547853,0.39392958208425666,"Cautious, Low Trust"
rho,supreme_court,4,4,0.22325707278529153,0.04436989358263711,FALSE,0.14765297513779238,0.3229074778583586,"Cautious, Low Trust"
rho,supreme_court,5,4,0.092144645175946,0.020801738361853013,FALSE,0.05842422654128715,0.1423842458580503,"Cautious, Low Trust"
rho,supreme_court,6,4,0.030124169840346132,0.014408487191192958,FALSE,0.011569021781780847,0.07614662527063046,"Cautious, Low Trust"
rho,supreme_court,7,4,2.9436869911935442e-15,2.9061330424991836e-16,TRUE,2.3685718055356017e-15,3.518802176851487e-15,"Cautious, Low Trust"
rho,supreme_court,1,5,0.05056108766121703,0.01795109783256805,FALSE,0.024777858447390184,0.1004112893036701,Presidential & Judicial Trust
rho,supreme_court,2,5,6.157024771487296e-15,5.738291059352818e-16,TRUE,5.0214338402748156e-15,7.292615702699778e-15,Presidential & Judicial Trust
rho,supreme_court,3,5,0.0083141115311914,0.009304423353788024,FALSE,8.977598551325e-4,0.07254787215325242,Presidential & Judicial Trust
rho,supreme_court,4,5,0.032716285110310765,0.018486763662292884,FALSE,0.010532677267159082,0.09704012499693555,Presidential & Judicial Trust
rho,supreme_court,5,5,0.08133610855214038,0.02106447375183227,FALSE,0.04823551725148984,0.13395435122959456,Presidential & Judicial Trust
rho,supreme_court,6,5,0.11680166258532541,0.030952991473270686,FALSE,0.06806087428347496,0.19321089420646143,Presidential & Judicial Trust
rho,supreme_court,7,5,0.7102707445598089,0.04293178393053804,FALSE,0.6186542500232487,0.7874392801070643,Presidential & Judicial Trust
rho,municipality,1,1,0.014008857499843482,0.006621553386123869,FALSE,0.005471881986212758,0.03539086068700789,Guarded System Trust
rho,municipality,2,1,0.04257386362385314,0.011847772507476994,FALSE,0.024405947114578525,0.07325062766447345,Guarded System Trust
rho,municipality,3,1,0.14413492886227963,0.022064786960672787,FALSE,0.1057099341011434,0.19350498677568861,Guarded System Trust
rho,municipality,4,1,0.3625975698758891,0.026878811805009877,FALSE,0.3112552278900017,0.41727796400823564,Guarded System Trust
rho,municipality,5,1,0.328534361167911,0.03616531102572229,FALSE,0.2612936027179142,0.40362414963227217,Guarded System Trust
rho,municipality,6,1,0.08556416558141963,0.013378762750366507,FALSE,0.06253664405856355,0.11602157582703221,Guarded System Trust
rho,municipality,7,1,0.022586253388804056,0.006908704330943724,FALSE,0.012286567366398066,0.04116024332504326,Guarded System Trust
rho,municipality,1,2,3.323280821169007e-15,3.2488218962966147e-16,TRUE,2.680348518781567e-15,3.966213123556447e-15,Reserved Institutional Trust
rho,municipality,2,2,3.323280821169007e-15,3.2488218962966147e-16,TRUE,2.680348518781567e-15,3.966213123556447e-15,Reserved Institutional Trust
rho,municipality,3,2,3.323280821169007e-15,3.2488218962966147e-16,TRUE,2.680348518781567e-15,3.966213123556447e-15,Reserved Institutional Trust
rho,municipality,4,2,0.09628180089683136,0.024532406143349082,FALSE,0.05747582051955246,0.15692614168766444,Reserved Institutional Trust
rho,municipality,5,2,0.4056042438570796,0.03632924323772195,FALSE,0.33617778755458316,0.4790221557510437,Reserved Institutional Trust
rho,municipality,6,2,0.32014741585352097,0.03625500719809548,FALSE,0.25298851710030695,0.3956909197526961,Reserved Institutional Trust
rho,municipality,7,2,0.17796653939255802,0.02927682076249842,FALSE,0.12716931274934062,0.24339625381671437,Reserved Institutional Trust
rho,municipality,1,3,0.5187487285528061,0.049801287812729404,FALSE,0.4207376206565184,0.6153379115059345,Widespread Distrust
rho,municipality,2,3,0.16903487613608636,0.038171689858370786,FALSE,0.10618805513876019,0.2583270893948717,Widespread Distrust
rho,municipality,3,3,0.1462377446068004,0.03221308211785545,FALSE,0.09321366871733731,0.2220385966881483,Widespread Distrust
rho,municipality,4,3,0.01435399105772848,0.010222553404820681,FALSE,0.003473311860985484,0.05735816787535174,Widespread Distrust
rho,municipality,5,3,0.07881452018294804,0.02528955758006751,FALSE,0.04117432970931719,0.14563760938793013,Widespread Distrust
rho,municipality,6,3,0.009545190348363592,0.01080111911638024,FALSE,0.0010036920692456125,0.08461850989568542,Widespread Distrust
rho,municipality,7,3,0.06326494911526709,0.02320467305912926,FALSE,0.030179451831872737,0.1278405702471184,Widespread Distrust
rho,municipality,1,4,0.10667579248942231,0.027632381166445393,FALSE,0.06303330206198779,0.1748948245464563,"Cautious, Low Trust"
rho,municipality,2,4,0.2049793661151748,0.031155683142034474,FALSE,0.1501016766362112,0.27346486754641586,"Cautious, Low Trust"
rho,municipality,3,4,0.2913689520010545,0.02714732540271247,FALSE,0.24068237293693412,0.34784001219886984,"Cautious, Low Trust"
rho,municipality,4,4,0.22660072539669524,0.035245610884542845,FALSE,0.1644336708906409,0.30372768334709516,"Cautious, Low Trust"
rho,municipality,5,4,0.13033452685148209,0.024538784132080358,FALSE,0.08895716246000268,0.18700746292901488,"Cautious, Low Trust"
rho,municipality,6,4,0.027409694317286258,0.010409096843545282,FALSE,0.01284618165901468,0.057521566305641536,"Cautious, Low Trust"
rho,municipality,7,4,0.012630942828884804,0.006549827376590671,FALSE,0.004504223431001418,0.034906119510270346,"Cautious, Low Trust"
rho,municipality,1,5,0.03204279149322914,0.01835402687293828,FALSE,0.01015895012394005,0.09647307111233679,Presidential & Judicial Trust
rho,municipality,2,5,6.157024771487292e-15,5.738291059352845e-16,TRUE,5.021433840274806e-15,7.292615702699778e-15,Presidential & Judicial Trust
rho,municipality,3,5,0.04226961829038916,0.01716072214835365,FALSE,0.01871781323105479,0.0926574233306872,Presidential & Judicial Trust
rho,municipality,4,5,0.04389019282263913,0.017261602784859935,FALSE,0.0199334579197199,0.0938809767908358,Presidential & Judicial Trust
rho,municipality,5,5,0.10231036460935854,0.026171837506911128,FALSE,0.06089668991525434,0.16688313623787412,Presidential & Judicial Trust
rho,municipality,6,5,0.23684850228951684,0.03921157512667589,FALSE,0.16807289068727496,0.3228457025475426,Presidential & Judicial Trust
rho,municipality,7,5,0.542638530494861,0.05018218463416805,FALSE,0.4429552476907335,0.63902054844355,Presidential & Judicial Trust
rho,media,1,1,0.05249713414891597,0.013008091641913883,FALSE,0.03196573619527757,0.08505702209449748,Guarded System Trust
rho,media,2,1,0.11300229212065527,0.020312389692134922,FALSE,0.07860329965434369,0.15984368453114323,Guarded System Trust
rho,media,3,1,0.21097709394270103,0.019430062702128555,FALSE,0.17508144950661575,0.25198410740983174,Guarded System Trust
rho,media,4,1,0.2617051704049122,0.024146878190598745,FALSE,0.216794691104433,0.31221048427346104,Guarded System Trust
rho,media,5,1,0.24676137951803495,0.02161292748178275,FALSE,0.20651290961256677,0.29196776753066317,Guarded System Trust
rho,media,6,1,0.0755891238187311,0.015841074898806075,FALSE,0.04961915097069512,0.11352774800898194,Guarded System Trust
rho,media,7,1,0.03946780604604947,0.008907642680792386,FALSE,0.02516053629387147,0.06139834215052875,Guarded System Trust
rho,media,1,2,0.01498937969598429,0.007601976004416799,FALSE,0.00546324971313652,0.040450389994476796,Reserved Institutional Trust
rho,media,2,2,0.03440267303731485,0.014666944852297133,FALSE,0.014652696109388972,0.07864832635632579,Reserved Institutional Trust
rho,media,3,2,0.03270418674156049,0.014094399499298964,FALSE,0.013806594323632517,0.07548771962349737,Reserved Institutional Trust
rho,media,4,2,0.2057029446417491,0.02526244469163101,FALSE,0.16016469892486182,0.2601776041889938,Reserved Institutional Trust
rho,media,5,2,0.2716325336209182,0.0287698422035491,FALSE,0.2185519661970606,0.33212576371720015,Reserved Institutional Trust
rho,media,6,2,0.30460121644795424,0.03502932151508839,FALSE,0.239986866048808,0.3779608168857381,Reserved Institutional Trust
rho,media,7,2,0.13596706581451895,0.024368678459169343,FALSE,0.0945166696107655,0.19174616285469684,Reserved Institutional Trust
rho,media,1,3,0.4719817874400087,0.04745537164027855,FALSE,0.3801233244309222,0.5657775586241004,Widespread Distrust
rho,media,2,3,0.1370642262439716,0.03301280599703204,FALSE,0.08376583132831508,0.2162704146043787,Widespread Distrust
rho,media,3,3,0.11081682514949386,0.03332469878475448,FALSE,0.059990381852524956,0.19573872808195286,Widespread Distrust
rho,media,4,3,0.10657671224958273,0.03306069038019875,FALSE,0.05660893860351088,0.19168833730690374,Widespread Distrust
rho,media,5,3,0.058132615918147695,0.018638503112673132,FALSE,0.03050757691870708,0.10798625221264087,Widespread Distrust
rho,media,6,3,0.025798259830509897,0.012800031956267187,FALSE,0.009572932926607122,0.06764588739840087,Widespread Distrust
rho,media,7,3,0.08962957316828546,0.02928869004869853,FALSE,0.04615428786767246,0.16689143550318658,Widespread Distrust
rho,media,1,4,0.16498898102110662,0.033117271048784154,FALSE,0.10936136353950857,0.24124766679586263,"Cautious, Low Trust"
rho,media,2,4,0.261325364905075,0.027593728201130797,FALSE,0.2104891283909384,0.31947119975703103,"Cautious, Low Trust"
rho,media,3,4,0.26122973275710876,0.027775120146067325,FALSE,0.21008683878488754,0.31978250333185837,"Cautious, Low Trust"
rho,media,4,4,0.17199963425971684,0.032417728259959616,FALSE,0.11691346350587807,0.24581595471890016,"Cautious, Low Trust"
rho,media,5,4,0.11475003975146138,0.027236063000599033,FALSE,0.07084961974605014,0.1805661175610618,"Cautious, Low Trust"
rho,media,6,4,0.02570624730552836,0.009324774793337046,FALSE,0.012471270889908334,0.05224362091808671,"Cautious, Low Trust"
rho,media,7,4,2.943686991193547e-15,2.9061330424991945e-16,TRUE,2.3685718055356025e-15,3.5188021768514916e-15,"Cautious, Low Trust"
rho,media,1,5,0.11746700358215094,0.02940528122316767,FALSE,0.07056988217294854,0.18918581303519466,Presidential & Judicial Trust
rho,media,2,5,0.02815707479105396,0.014612885797234557,FALSE,0.009969622499200742,0.07694498290816915,Presidential & Judicial Trust
rho,media,3,5,0.05937105681622775,0.023421279969349222,FALSE,0.026786608358713757,0.12644292073476268,Presidential & Judicial Trust
rho,media,4,5,0.10108882433002832,0.02567337926745698,FALSE,0.060409297430594214,0.16436972348962647,Presidential & Judicial Trust
rho,media,5,5,0.09827800402845688,0.025795503158843155,FALSE,0.05772818264633852,0.16240196946842517,Presidential & Judicial Trust
rho,media,6,5,0.12401585543804922,0.031943370839629955,FALSE,0.07331583065588443,0.20212898998923742,Presidential & Judicial Trust
rho,media,7,5,0.47162218101403297,0.051527050926701394,FALSE,0.37218988567784433,0.5733584281428908,Presidential & Judicial Trust
rho,elections,1,1,0.021236562425438175,0.00780089288058799,FALSE,0.01021854668963637,0.04361116012625006,Guarded System Trust
rho,elections,2,1,0.05272734056345478,0.014609011577453805,FALSE,0.03025767403590767,0.09032894094578042,Guarded System Trust
rho,elections,3,1,0.2108921507411544,0.029492615657319258,FALSE,0.15838787008079125,0.2751117928769906,Guarded System Trust
rho,elections,4,1,0.2986314165325776,0.02465922077262407,FALSE,0.25221884046038423,0.3495918713521573,Guarded System Trust
rho,elections,5,1,0.25952395136639017,0.027203239598151706,FALSE,0.2093940224204577,0.3168455313178114,Guarded System Trust
rho,elections,6,1,0.12999313965217962,0.018966255803196122,FALSE,0.09683498442471217,0.17233875509012045,Guarded System Trust
rho,elections,7,1,0.026995438718805376,0.00928350725826664,FALSE,0.013597830174604406,0.0528856504206449,Guarded System Trust
rho,elections,1,2,0.003027768468224742,0.003080210837395663,FALSE,4.0296471573460593e-4,0.022367264514372587,Reserved Institutional Trust
rho,elections,2,2,0.0014405094701097812,0.0028611145717231347,FALSE,2.8159891720725715e-5,0.06881411398781699,Reserved Institutional Trust
rho,elections,3,2,0.006427453414922474,0.008124644033363274,FALSE,5.214187536161897e-4,0.0742599427426322,Reserved Institutional Trust
rho,elections,4,2,0.11706026629209422,0.025020533676303882,FALSE,0.07588383914489691,0.17631702619901404,Reserved Institutional Trust
rho,elections,5,2,0.42190407758995174,0.03220509964629145,FALSE,0.3597916823521659,0.48658940775259774,Reserved Institutional Trust
rho,elections,6,2,0.3958211209661245,0.03396183285977178,FALSE,0.3309378177225224,0.4645920363468837,Reserved Institutional Trust
rho,elections,7,2,0.054318803798572575,0.01619044105049257,FALSE,0.029864238468401885,0.09680010635138217,Reserved Institutional Trust
rho,elections,1,3,0.6458063198959397,0.046614955977338474,FALSE,0.549180958961706,0.7318343964712487,Widespread Distrust
rho,elections,2,3,0.1443387452233417,0.03515687876725654,FALSE,0.08762024658560945,0.22857429589099953,Widespread Distrust
rho,elections,3,3,0.08120689583069017,0.025446404781756266,FALSE,0.0430666342551065,0.14790392396284494,Widespread Distrust
rho,elections,4,3,0.05143661537798089,0.023288291390386035,FALSE,0.020649930380044458,0.12238679700501887,Widespread Distrust
rho,elections,5,3,0.04606935485638646,0.02103665632404921,FALSE,0.01838359181315067,0.11074597248786036,Widespread Distrust
rho,elections,6,3,0.006170812763465378,0.006373526339587846,FALSE,7.933862525210321e-4,0.04630637175694884,Widespread Distrust
rho,elections,7,3,0.024971256052195582,0.01395132113236232,FALSE,0.008173108364421271,0.07372810111665469,Widespread Distrust
rho,elections,1,4,0.11943681339792554,0.03493422343427778,FALSE,0.06567434385684709,0.2074390701055749,"Cautious, Low Trust"
rho,elections,2,4,0.24437318734168825,0.03176512323131633,FALSE,0.18705176977826068,0.3125079823625595,"Cautious, Low Trust"
rho,elections,3,4,0.2864616306327327,0.037089436332916705,FALSE,0.21896233367596402,0.3650435937070294,"Cautious, Low Trust"
rho,elections,4,4,0.24135109573610153,0.026947928287052326,FALSE,0.19208137772511819,0.2985880377596099,"Cautious, Low Trust"
rho,elections,5,4,0.08412622302502254,0.02001545848473421,FALSE,0.0520721216891625,0.13314052253608258,"Cautious, Low Trust"
rho,elections,6,4,0.024251049866526497,0.011828628601329948,FALSE,0.009157401431527091,0.06264973351838582,"Cautious, Low Trust"
rho,elections,7,4,2.943686991193547e-15,2.9061330424991807e-16,TRUE,2.3685718055356052e-15,3.5188021768514888e-15,"Cautious, Low Trust"
rho,elections,1,5,0.04082932165012283,0.021087130989505005,FALSE,0.014453564018767528,0.10996664267694951,Presidential & Judicial Trust
rho,elections,2,5,0.0060966324497041275,0.006122387636064888,FALSE,8.298590218697413e-4,0.04333957405782992,Presidential & Judicial Trust
rho,elections,3,5,0.016141812454148318,0.014578950995372176,FALSE,0.0026600181178521687,0.09167280841247515,Presidential & Judicial Trust
rho,elections,4,5,0.041879227608460225,0.020145633897385946,FALSE,0.015925805589581253,0.10558937034898995,Presidential & Judicial Trust
rho,elections,5,5,0.08433460994861032,0.02883321050602941,FALSE,0.042137525083329866,0.16165682711150983,Presidential & Judicial Trust
rho,elections,6,5,0.2233597504662302,0.03673305878834369,FALSE,0.15905862282257946,0.30425057277632594,Presidential & Judicial Trust
rho,elections,7,5,0.5873586454227239,0.05036479581427979,FALSE,0.48545949282198225,0.6822848495183056,Presidential & Judicial Trust
