region,commune
Bamako,Commune I
Bamako,Commune II
Bamako,Commune III
Bamako,Commune IV
Bamako,Commune V
Bamako,Coommune VI
Gao,Anchawadi
Gao,Andéramboukane
Gao,Annsongo
Gao,Bamba
Gao,Bourem
Gao,Gabéro
Gao,Gounzoureye
Gao,Innékar
Gao,Ménaka
Gao,Ouattagouna
Gao,Sony Aliber
Gao,Taboye
Gao,Tessit
Gao,Tin Hama
Gao,Téméra
Kayes,Bafoulabe
Kayes,Baye
Kayes,Bendougouba
Kayes,Benkadi Founia
Kayes,Boudofo
Kayes,Diabigué
Kayes,Diaye Coura
Kayes,Diiakon
Kayes,Diinlin Oualia
Kayes,Diokeli
Kayes,Diéoura
Kayes,Faaléa
Kayes,Faatao
Kayes,Fassoudebé
Kayes,Gadwgou I
Kayes,Gavinané
Kayes,Gory
Kayes,Guuidimakan Keri Kaff
Kayes,Guuémoukouraba
Kayes,Hawa Dembaya
Kayes,Kasaro
Kayes,Kirané Kaniaga
Kayes,Kokofata
Kayes,Koulou
Kayes,Liberté Dembaya
Kayes,Logo
Kayes,Madiga Sacko
Kayes,Naamala Guimba
Kayes,Niantanso
Kayes,Niioro
Kayes,Sandaré
Kayes,Sansankidé
Kayes,Siidibela
Kayes,Souransan Tomoto
Kayes,Sébékoro
Kayes,Séféto Nord
Kayes,Ségala
Kayes,Sér Siamanou
Kayes,Tomora
Koulikoro,Alllahina
Koulikoro,Baancoumana
Koulikoro,Banco
Koulikoro,Ben Kadi
Koulikoro,Benkadi
Koulikoro,Binko
Koulikoro,Boossofala
Koulikoro,Boron
Koulikoro,Bwgoula
Koulikoro,Dialakoroba
Koulikoro,Didiéni
Koulikoro,Dogodwman
Koulikoro,Dogofry
Koulikoro,Dombila
Koulikoro,Doumba
Koulikoro,Fallou
Koulikoro,Guégnéka
Koulikoro,Kaaran
Koulikoro,Kambila
Koulikoro,Kerela
Koulikoro,Kilidougou
Koulikoro,Koula
Koulikoro,Maramandougou
Koulikoro,Mountougoula
Koulikoro,N'gbacoro Droit
Koulikoro,Nossombougou
Koulikoro,Ouolodo
Koulikoro,Saanankoroba
Koulikoro,Sanankoro Djitoumou
Koulikoro,Sebete
Koulikoro,Tiélé
Koulikoro,Toubacoro
Koulikoro,Ténindougou
Koulikoro,Zan Coulibaly
Mopti,Bamba
Mopti,Basirou
Mopti,Daandoli
Mopti,Dandougou Fakala
Mopti,Dangol Boré
Mopti,Diafarabé
Mopti,Diallassagou
Mopti,Dialloube
Mopti,Dinangourou
Mopti,Diougani
Mopti,Dongo
Mopti,Doucoumbo
Mopti,Dougouténé I
Mopti,Déboye
Mopti,Farimaké
Mopti,Femaye
Mopti,Haairé
Mopti,Kani Bozon
Mopti,Kareri
Mopti,Kendé
Mopti,Koporokendie Na
Mopti,Korrou
Mopti,Koubaye
Mopti,Kwnari
Mopti,Lessagou Habé
Mopti,Madougou
Mopti,Niiansanari
Mopti,Ondougou
Mopti,Ouonkoro
Mopti,Sangha
Mopti,Sasalbe
Mopti,Socoura
Mopti,Sooroly
Mopti,Sougoulbe
Mopti,Ségué
Mopti,Tedie
Mopti,Timiri
Mopti,Togué Mourari
Mopti,Toori
Segou,Baaguindabougou
Segou,Baraouéli
Segou,Beguene
Segou,Cinzana
Segou,Dah
Segou,Diabaly
Segou,Diora
Segou,Diouna
Segou,Diéli
Segou,Djéguena
Segou,Dougabougou
Segou,Dougouolo
Segou,Fani
Segou,Fatine
Segou,Gouendo
Segou,Kassorola
Segou,Katéna
Segou,Kemeni
Segou,Kokry Centre
Segou,Konodimini
Segou,Laanfiala
Segou,Massala
Segou,Matomo
Segou,Monimpébougou
Segou,Moribila
Segou,N'gara
Segou,N'gassola
Segou,N'goa
Segou,N'koumandougou
Segou,Nampalari
Segou,Niala
Segou,Niamana
Segou,Niono
Segou,Ouolon
Segou,Poogo
Segou,Saansanding
Segou,Sakoiba
Segou,Saloba
Segou,Saminé
Segou,Sanékuy
Segou,Siiadougou
Segou,Sokolo
Segou,Souba
Segou,Tamani
Segou,Teneni
Segou,Tiemena
Segou,Timissa
Segou,Togou
Segou,Tongué
Segou,Toridaga Ko
Segou,Touna
Segou,Waki
Sikasso,Benkadi
Sikasso,Boura
Sikasso,Danou
Sikasso,Deembela
Sikasso,Djiguiya De Koloni
Sikasso,Dogoni
Sikasso,Déblin
Sikasso,Faama
Sikasso,Fakola
Sikasso,Fakolo
Sikasso,Farédiélé
Sikasso,Finkolo
Sikasso,Gongasso
Sikasso,Gouadji Kao
Sikasso,Kadiolo
Sikasso,Kapala
Sikasso,Kignan
Sikasso,Kofan
Sikasso,Kolonigué
Sikasso,Konina
Sikasso,Koumantou
Sikasso,Kouniana
Sikasso,Koury
Sikasso,Koussan
Sikasso,Kébila
Sikasso,Lobougoula
Sikasso,Loulouni
Sikasso,M'pessoba
Sikasso,Miiena
Sikasso,Méridiéla
Sikasso,N'golodiana
Sikasso,N'tjikouna
Sikasso,Nafanga
Sikasso,Natien
Sikasso,Nongo-Souala
Sikasso,Ouroun
Sikasso,Sibrila
Sikasso,Sikasso
Sikasso,Sincina
Sikasso,Songoua
Sikasso,Tagandougou
Sikasso,Tiankadi
Sikasso,Tiiémala Banimonitié
Sikasso,Tousseguela
Sikasso,Waténi
Sikasso,Yinindwgou
Sikasso,Yognogo
Sikasso,Yorosso
Sikasso,Zaniena
Sikasso,Zanina
Sikasso,Zantiébougou
Sikasso,Zégoua
Tombouctou,Adarmalane
Tombouctou,Alzounoub
Tombouctou,Arham
Tombouctou,Bambara Maoudé
Tombouctou,Banikane Narhawa
Tombouctou,Ber
Tombouctou,Bintagoungou
Tombouctou,Bourem Inaly
Tombouctou,Bourem Sidi Amar
Tombouctou,Dianké
Tombouctou,Diré
Tombouctou,Douékire
Tombouctou,Essakane
Tombouctou,Fittouga
Tombouctou,Garbakoira
Tombouctou,Gargando
Tombouctou,Haamzakoma
Tombouctou,Inadiatafane
Tombouctou,Iss Béry
Tombouctou,Kaneye
Tombouctou,Kirchamba
Tombouctou,Léré
Tombouctou,N'grkou
Tombouctou,Ouinerden
Tombouctou,Razelma
Tombouctou,Rharous
Tombouctou,Salam
Tombouctou,Sareyamou
Tombouctou,Soouboundou
Tombouctou,Soumpi
Tombouctou,Tienkour
Tombouctou,Tiin Aicha
Tombouctou,Tilemsi
Tombouctou,Tindirma
Tombouctou,Tombouctou
Tombouctou,Toonka
Tombouctou,Télé
