demographic,level,segment,segment_label,prevalence,se,lo,hi
age_cat,18-29,1,Guarded Political Distrust,0.36608863198458574,0.02306306305977169,0.32044750819744183,0.41172975577172966
age_cat,30-44,1,Guarded Political Distrust,0.3316582914572864,0.02402806760408105,0.28410745204616694,0.3792091308684059
age_cat,45-59,1,Guarded Political Distrust,0.3503480278422274,0.023910853160637915,0.3030291523688106,0.3976669033156442
age_cat,60+,1,Guarded Political Distrust,0.32592592592592595,0.029046183738681966,0.2684443822070565,0.3834074696447954
age_cat,18-29,2,"Moderate, Reserved Trust",0.21001926782273603,0.018139967765101357,0.17412080489454307,0.245917730750929
age_cat,30-44,2,"Moderate, Reserved Trust",0.20603015075376885,0.022257290595246677,0.16198362698581348,0.2500766745217242
age_cat,45-59,2,"Moderate, Reserved Trust",0.1716937354988399,0.021354127483031535,0.12943454497876067,0.21395292601891913
age_cat,60+,2,"Moderate, Reserved Trust",0.24444444444444444,0.024555628151463334,0.19584957821928536,0.29303931066960354
age_cat,18-29,3,Widespread Institutional Distrust,0.09826589595375723,0.01259275711884211,0.07334519981756067,0.12318659208995379
age_cat,30-44,3,Widespread Institutional Distrust,0.10552763819095477,0.015405781480234854,0.07504004954087855,0.136015226841031
age_cat,45-59,3,Widespread Institutional Distrust,0.13225058004640372,0.017665810994225997,0.09729045942850789,0.16721070066429955
age_cat,60+,3,Widespread Institutional Distrust,0.11851851851851852,0.01865299637874196,0.0816047870459508,0.15543224999108624
age_cat,18-29,4,"Cautious, Moderate Trust",0.24277456647398843,0.019111382956124058,0.20495370144043443,0.2805954315075424
age_cat,30-44,4,"Cautious, Moderate Trust",0.2537688442211055,0.02328982492460068,0.2076789653698125,0.2998587230723985
age_cat,45-59,4,"Cautious, Moderate Trust",0.2273781902552204,0.02138070667671428,0.1850664002922184,0.26968998021822244
age_cat,60+,4,"Cautious, Moderate Trust",0.15555555555555556,0.025929937831766548,0.1042409708750453,0.2068701402360658
age_cat,18-29,5,High Presidential Trust,0.08285163776493257,0.012162237874776587,0.058782926556332896,0.10692034897353224
age_cat,30-44,5,High Presidential Trust,0.10301507537688442,0.014552448672830738,0.07421620726637507,0.13181394348739378
age_cat,45-59,5,High Presidential Trust,0.11832946635730858,0.01581761346548849,0.08702687431545597,0.1496320583991612
age_cat,60+,5,High Presidential Trust,0.15555555555555556,0.02058654561711783,0.11481538698274064,0.19629572412837049
sex,Male,1,Guarded Political Distrust,0.3384223918575064,0.016903608895291838,0.3049706467861768,0.371874136928836
sex,Female,1,Guarded Political Distrust,0.3555018137847642,0.016410697088291334,0.3230255266888627,0.3879781008806657
sex,Male,2,"Moderate, Reserved Trust",0.22391857506361323,0.016480511612356242,0.1913041270769953,0.2565330230502312
sex,Female,2,"Moderate, Reserved Trust",0.1837968561064087,0.01391339863063424,0.15626264924260708,0.21133106297021031
sex,Male,3,Widespread Institutional Distrust,0.10814249363867684,0.012155970613756874,0.08408618515539018,0.1321988021219635
sex,Female,3,Widespread Institutional Distrust,0.11729141475211609,0.010801671209806506,0.09591522497554061,0.13866760452869156
sex,Male,4,"Cautious, Moderate Trust",0.22264631043256997,0.01648102213152615,0.19003085214352303,0.2552617687216169
sex,Female,4,"Cautious, Moderate Trust",0.23216444981862153,0.016024489358703837,0.2004524564658352,0.26387644317140785
sex,Male,5,High Presidential Trust,0.10687022900763359,0.010145884044415604,0.08679182275252947,0.1269486352627377
sex,Female,5,High Presidential Trust,0.11124546553808948,0.011301425514017045,0.08888027668526308,0.13361065439091588
education,Secondary,1,Guarded Political Distrust,0.3553191489361702,0.01517377182689244,0.32529070056943665,0.3853475973029038
education,None,1,Guarded Political Distrust,0.23684210526315788,0.07147301947147462,0.09539910089360684,0.3782851096327089
education,Primary,1,Guarded Political Distrust,0.35276073619631904,0.030052216349104297,0.29328828351677994,0.41223318887585814
education,Tertiary,1,Guarded Political Distrust,0.3301282051282051,0.029361357449846585,0.27202294190042065,0.3882334683559896
education,Secondary,2,"Moderate, Reserved Trust",0.21808510638297873,0.014647958680611818,0.18909722677487473,0.24707298599108274
education,None,2,"Moderate, Reserved Trust",0.18421052631578946,0.06251214489526903,0.060500829300674394,0.3079202233309045
education,Primary,2,"Moderate, Reserved Trust",0.2116564417177914,0.02695350500605076,0.1583162476902101,0.26499663574537274
education,Tertiary,2,"Moderate, Reserved Trust",0.15705128205128205,0.02193583161956677,0.11364091614594324,0.20046164795662086
education,Secondary,3,Widespread Institutional Distrust,0.1148936170212766,0.010758563849113691,0.09360273544424161,0.13618449859831158
education,None,3,Widespread Institutional Distrust,0.18421052631578946,0.06445523165530227,0.05665551772545141,0.3117655349061275
education,Primary,3,Widespread Institutional Distrust,0.0950920245398773,0.01710354177378026,0.06124461817964777,0.12893943090010684
education,Tertiary,3,Widespread Institutional Distrust,0.11538461538461539,0.01805528379561713,0.07965373954249158,0.1511154912267392
education,Secondary,4,"Cautious, Moderate Trust",0.22127659574468084,0.013533608233468627,0.1944939829117883,0.24805920857757338
education,None,4,"Cautious, Moderate Trust",0.13157894736842105,0.053911861856048786,0.024888957656721333,0.23826893708012076
education,Primary,4,"Cautious, Moderate Trust",0.15950920245398773,0.021192253412095272,0.1175703559615159,0.20144804894645957
education,Tertiary,4,"Cautious, Moderate Trust",0.3269230769230769,0.030940547967519456,0.26569264208587545,0.3881535117602784
education,Secondary,5,High Presidential Trust,0.09042553191489362,0.008782500055697627,0.07304522249268708,0.10780584133710017
education,None,5,High Presidential Trust,0.2631578947368421,0.07489932714908705,0.11493432819992133,0.41138146127376285
education,Primary,5,High Presidential Trust,0.18098159509202455,0.021591129129636486,0.13825338528069075,0.22370980490335834
education,Tertiary,5,High Presidential Trust,0.07051282051282051,0.01593891440182623,0.03897017748396158,0.10205546354167944
urban,Urban,1,Guarded Political Distrust,0.34210526315789475,0.014245040564950615,0.3139147466556937,0.3702957796600958
urban,Rural,1,Guarded Political Distrust,0.36503067484662577,0.026366593815421734,0.31285196081127864,0.4172093888819729
urban,Urban,2,"Moderate, Reserved Trust",0.19195046439628483,0.012741590201447836,0.1667352319650079,0.21716569682756176
urban,Rural,2,"Moderate, Reserved Trust",0.254601226993865,0.030228566791666214,0.19477978197284782,0.31442267201488217
urban,Urban,3,Widespread Institutional Distrust,0.11609907120743033,0.009775359922672705,0.0967539212965838,0.13544422111827686
urban,Rural,3,Widespread Institutional Distrust,0.09815950920245399,0.016111901020304076,0.06627453074108963,0.13004448766381835
urban,Urban,4,"Cautious, Moderate Trust",0.23993808049535603,0.014268756717122421,0.21170063042521464,0.2681755305654974
urban,Rural,4,"Cautious, Moderate Trust",0.17484662576687116,0.019591114776998056,0.13607638556296808,0.21361686597077423
urban,Urban,5,High Presidential Trust,0.10990712074303406,0.008928795081185596,0.09223729776616937,0.12757694371989875
urban,Rural,5,High Presidential Trust,0.10736196319018405,0.015722766402751404,0.0762470706971733,0.13847685568319482
employment,Employed,1,Guarded Political Distrust,0.34813084112149534,0.015542430925310114,0.31737282723683685,0.3788888550061538
employment,Unemployed,1,Guarded Political Distrust,0.3013698630136986,0.05985192520436843,0.1829246625617124,0.41981506346568487
employment,Not in labor force,1,Guarded Political Distrust,0.36,0.06704333101301033,0.22732321886572693,0.49267678113427305
employment,Student,1,Guarded Political Distrust,0.3894736842105263,0.05115430753120422,0.2882408134410861,0.4907065549799665
employment,Homemaker,1,Guarded Political Distrust,0.3348314606741573,0.022233620319911628,0.29083177968523105,0.37883114166308357
employment,Retired,1,Guarded Political Distrust,0.3723404255319149,0.0511160067315535,0.27118335091901613,0.4734975001448136
employment,Employed,2,"Moderate, Reserved Trust",0.20210280373831777,0.015381762313556297,0.17166274831298273,0.2325428591636528
employment,Unemployed,2,"Moderate, Reserved Trust",0.1917808219178082,0.043799847801372194,0.10510221074722939,0.27845943308838705
employment,Not in labor force,2,"Moderate, Reserved Trust",0.18,0.060745830359296704,0.05978578752544286,0.30021421247455715
employment,Student,2,"Moderate, Reserved Trust",0.25263157894736843,0.04444565605813453,0.16467493222213414,0.3405882256726027
employment,Homemaker,2,"Moderate, Reserved Trust",0.21123595505617979,0.020201295181472657,0.17125818576991075,0.2512137243424488
employment,Retired,2,"Moderate, Reserved Trust",0.1702127659574468,0.037366759179081194,0.09626504805038218,0.24416048386451145
employment,Employed,3,Widespread Institutional Distrust,0.1261682242990654,0.01177930178446689,0.10285733235562985,0.14947911624250096
employment,Unemployed,3,Widespread Institutional Distrust,0.1232876712328767,0.04149424181699476,0.041171786525154463,0.20540355594059895
employment,Not in labor force,3,Widespread Institutional Distrust,0.08,0.03840606468137459,0.003995527057409645,0.15600447294259034
employment,Student,3,Widespread Institutional Distrust,0.08421052631578947,0.03164361566552235,0.02158874117303107,0.14683231145854786
employment,Homemaker,3,Widespread Institutional Distrust,0.09887640449438202,0.012722950596472047,0.07369805929338488,0.12405474969537916
employment,Retired,3,Widespread Institutional Distrust,0.09574468085106383,0.029866055506901835,0.0366406350054852,0.15484872669664246
employment,Employed,4,"Cautious, Moderate Trust",0.2266355140186916,0.014888999050542012,0.19717062260460277,0.2561004054327804
employment,Unemployed,4,"Cautious, Moderate Trust",0.2876712328767123,0.057389161173924265,0.174099770040615,0.4012426957128096
employment,Not in labor force,4,"Cautious, Moderate Trust",0.3,0.06572530295688543,0.16993155764139692,0.4300684423586031
employment,Student,4,"Cautious, Moderate Trust",0.18947368421052632,0.04099122267305082,0.10835325960090762,0.270594108820145
employment,Homemaker,4,"Cautious, Moderate Trust",0.22247191011235956,0.01953798203428371,0.18380681804429133,0.2611370021804278
employment,Retired,4,"Cautious, Moderate Trust",0.19148936170212766,0.03977653258093339,0.11277277307533863,0.2702059503289167
employment,Employed,5,High Presidential Trust,0.0969626168224299,0.009851281633004123,0.07746722007878465,0.11645801356607516
employment,Unemployed,5,High Presidential Trust,0.0958904109589041,0.034185273650792984,0.028238759382980427,0.16354206253482778
employment,Not in labor force,5,High Presidential Trust,0.08,0.03854169752543034,0.0037271136463589566,0.15627288635364106
employment,Student,5,High Presidential Trust,0.08421052631578947,0.027213275919552336,0.030356253287136294,0.13806479934444266
employment,Homemaker,5,High Presidential Trust,0.13258426966292136,0.0160399032868346,0.10084177259950305,0.16432676672633967
employment,Retired,5,High Presidential Trust,0.1702127659574468,0.0434269979111174,0.08427201375863766,0.256153518156256
satis_demo,Satisfied,1,Guarded Political Distrust,0.372502937720329,0.0168482730858845,0.3391607005890539,0.4058451748516041
satis_demo,Very satisfied,1,Guarded Political Distrust,0.22330097087378642,0.04255150632320448,0.139092790789747,0.3075091509578258
satis_demo,Dissatisfied,1,Guarded Political Distrust,0.3510436432637571,0.021202959191084884,0.3090836103493934,0.39300367617812076
satis_demo,Very dissatisfied,1,Guarded Political Distrust,0.21818181818181817,0.046001033432148834,0.12714712535840822,0.3092165110052281
satis_demo,Satisfied,2,"Moderate, Reserved Trust",0.2608695652173913,0.016137048853959664,0.2289348199325188,0.2928043105022638
satis_demo,Very satisfied,2,"Moderate, Reserved Trust",0.20388349514563106,0.03930124607733607,0.126107484536984,0.2816595057542781
satis_demo,Dissatisfied,2,"Moderate, Reserved Trust",0.13851992409867173,0.016268737659315132,0.10632457053938948,0.17071527765795397
satis_demo,Very dissatisfied,2,"Moderate, Reserved Trust",0.11818181818181818,0.033958853000500736,0.05097824641650646,0.18538538994712989
satis_demo,Satisfied,3,Widespread Institutional Distrust,0.05992949471210341,0.008732889425790733,0.04264736326802886,0.07721162615617796
satis_demo,Very satisfied,3,Widespread Institutional Distrust,0.07766990291262135,0.025921014109669877,0.026372978015800748,0.12896682780944196
satis_demo,Dissatisfied,3,Widespread Institutional Distrust,0.15749525616698293,0.01488696387995952,0.1280343922956469,0.18695612003831896
satis_demo,Very dissatisfied,3,Widespread Institutional Distrust,0.3181818181818182,0.04520083158510513,0.2287307012893663,0.40763293507427006
satis_demo,Satisfied,4,"Cautious, Moderate Trust",0.172737955346651,0.014925304112453873,0.14320121728233517,0.20227469341096685
satis_demo,Very satisfied,4,"Cautious, Moderate Trust",0.1650485436893204,0.037554910282453176,0.09072848027995052,0.2393686070986903
satis_demo,Dissatisfied,4,"Cautious, Moderate Trust",0.3092979127134725,0.02134280878084069,0.2670611215722816,0.3515347038546634
satis_demo,Very dissatisfied,4,"Cautious, Moderate Trust",0.2909090909090909,0.0486883015351518,0.19455637351017097,0.3872618083080108
satis_demo,Satisfied,5,High Presidential Trust,0.13396004700352526,0.012052300440288035,0.11010889874583671,0.15781119526121382
satis_demo,Very satisfied,5,High Presidential Trust,0.3300970873786408,0.042574830458691086,0.24584274951615653,0.41435142524112506
satis_demo,Dissatisfied,5,High Presidential Trust,0.04364326375711575,0.008911181731356538,0.026008297081765334,0.06127823043246616
satis_demo,Very dissatisfied,5,High Presidential Trust,0.05454545454545454,0.020795701881209955,0.013391371874779123,0.09569953721612996
prez_rating,Good,1,Guarded Political Distrust,0.3487773487773488,0.01827398878111837,0.31261366219840925,0.3849410353562883
prez_rating,Very good,1,Guarded Political Distrust,0.32741116751269034,0.023572509868492363,0.2807618634678103,0.3740604715575704
prez_rating,Neither,1,Guarded Political Distrust,0.38738738738738737,0.030635358239297843,0.326760914050366,0.44801386072440874
prez_rating,Bad,1,Guarded Political Distrust,0.2878787878787879,0.05751955518322693,0.17404927913160495,0.40170829662597085
prez_rating,Very bad,1,Guarded Political Distrust,0.2558139534883721,0.06530546659206679,0.12657635495339173,0.3850515520233525
prez_rating,Good,2,"Moderate, Reserved Trust",0.24967824967824967,0.017626481765804176,0.2147959604471996,0.2845605389092998
prez_rating,Very good,2,"Moderate, Reserved Trust",0.2131979695431472,0.022677688907687673,0.16831948987374465,0.25807644921254974
prez_rating,Neither,2,"Moderate, Reserved Trust",0.13513513513513514,0.020853450644277856,0.09386676936004704,0.17640350091022325
prez_rating,Bad,2,"Moderate, Reserved Trust",0.07575757575757576,0.03224795351408926,0.011939823778833195,0.1395753277363183
prez_rating,Very bad,2,"Moderate, Reserved Trust",0.06976744186046512,0.03989955666083953,0,0.14872749152472536
prez_rating,Good,3,Widespread Institutional Distrust,0.0682110682110682,0.010646193800351055,0.04714256365707873,0.08927957276505769
prez_rating,Very good,3,Widespread Institutional Distrust,0.08375634517766498,0.013538019454603017,0.0569650026678286,0.11054768768750135
prez_rating,Neither,3,Widespread Institutional Distrust,0.16216216216216217,0.02185783335553483,0.11890615252834888,0.20541817179597546
prez_rating,Bad,3,Widespread Institutional Distrust,0.2878787878787879,0.05518027057240381,0.17867865460611296,0.3970789211514628
prez_rating,Very bad,3,Widespread Institutional Distrust,0.46511627906976744,0.07929962157374293,0.3081846592263495,0.6220478989131853
prez_rating,Good,4,"Cautious, Moderate Trust",0.22651222651222652,0.01716231855497674,0.1925485026299295,0.26047595039452354
prez_rating,Very good,4,"Cautious, Moderate Trust",0.19289340101522842,0.019763613011152238,0.15378179187703894,0.2320050101534179
prez_rating,Neither,4,"Cautious, Moderate Trust",0.25825825825825827,0.02349133609867798,0.21176959471749365,0.30474692179902285
prez_rating,Bad,4,"Cautious, Moderate Trust",0.3484848484848485,0.0632847499205493,0.22324618883775357,0.4737235081319434
prez_rating,Very bad,4,"Cautious, Moderate Trust",0.13953488372093023,0.05036283537893395,0.039868313073127104,0.23920145436873336
prez_rating,Good,5,High Presidential Trust,0.10682110682110682,0.012012871168102382,0.08304798793393156,0.13059422570828208
prez_rating,Very good,5,High Presidential Trust,0.18274111675126903,0.017815691309535173,0.14748438739555925,0.2179978461069788
prez_rating,Neither,5,High Presidential Trust,0.057057057057057055,0.011990393919839233,0.03332841998340821,0.08078569413070591
prez_rating,Bad,5,High Presidential Trust,0,0,0,0
prez_rating,Very bad,5,High Presidential Trust,0.06976744186046512,0.05102419868012226,0,0.17074283103855536
