demographic,level,estimator,segment,segment_label,prevalence,se,lo,hi
age_cat,18-29,Design-based,1,Guarded Political Distrust,0.36608863198458574,0.02306306305977169,0.32044750819744183,0.41172975577172966
age_cat,30-44,Design-based,1,Guarded Political Distrust,0.3316582914572864,0.02402806760408105,0.28410745204616694,0.3792091308684059
age_cat,45-59,Design-based,1,Guarded Political Distrust,0.3503480278422274,0.023910853160637915,0.3030291523688106,0.3976669033156442
age_cat,60+,Design-based,1,Guarded Political Distrust,0.32592592592592595,0.029046183738681966,0.2684443822070565,0.3834074696447954
age_cat,18-29,Design-based,2,"Moderate, Reserved Trust",0.21001926782273603,0.018139967765101357,0.17412080489454307,0.245917730750929
age_cat,30-44,Design-based,2,"Moderate, Reserved Trust",0.20603015075376885,0.022257290595246677,0.16198362698581348,0.2500766745217242
age_cat,45-59,Design-based,2,"Moderate, Reserved Trust",0.1716937354988399,0.021354127483031535,0.12943454497876067,0.21395292601891913
age_cat,60+,Design-based,2,"Moderate, Reserved Trust",0.24444444444444444,0.024555628151463334,0.19584957821928536,0.29303931066960354
age_cat,18-29,Design-based,3,Widespread Institutional Distrust,0.09826589595375723,0.01259275711884211,0.07334519981756067,0.12318659208995379
age_cat,30-44,Design-based,3,Widespread Institutional Distrust,0.10552763819095477,0.015405781480234854,0.07504004954087855,0.136015226841031
age_cat,45-59,Design-based,3,Widespread Institutional Distrust,0.13225058004640372,0.017665810994225997,0.09729045942850789,0.16721070066429955
age_cat,60+,Design-based,3,Widespread Institutional Distrust,0.11851851851851852,0.01865299637874196,0.0816047870459508,0.15543224999108624
age_cat,18-29,Design-based,4,"Cautious, Moderate Trust",0.24277456647398843,0.019111382956124058,0.20495370144043443,0.2805954315075424
age_cat,30-44,Design-based,4,"Cautious, Moderate Trust",0.2537688442211055,0.02328982492460068,0.2076789653698125,0.2998587230723985
age_cat,45-59,Design-based,4,"Cautious, Moderate Trust",0.2273781902552204,0.02138070667671428,0.1850664002922184,0.26968998021822244
age_cat,60+,Design-based,4,"Cautious, Moderate Trust",0.15555555555555556,0.025929937831766548,0.1042409708750453,0.2068701402360658
age_cat,18-29,Design-based,5,High Presidential Trust,0.08285163776493257,0.012162237874776587,0.058782926556332896,0.10692034897353224
age_cat,30-44,Design-based,5,High Presidential Trust,0.10301507537688442,0.014552448672830738,0.07421620726637507,0.13181394348739378
age_cat,45-59,Design-based,5,High Presidential Trust,0.11832946635730858,0.01581761346548849,0.08702687431545597,0.1496320583991612
age_cat,60+,Design-based,5,High Presidential Trust,0.15555555555555556,0.02058654561711783,0.11481538698274064,0.19629572412837049
sex,Male,Design-based,1,Guarded Political Distrust,0.3384223918575064,0.016903608895291838,0.3049706467861768,0.371874136928836
sex,Female,Design-based,1,Guarded Political Distrust,0.3555018137847642,0.016410697088291334,0.3230255266888627,0.3879781008806657
sex,Male,Design-based,2,"Moderate, Reserved Trust",0.22391857506361323,0.016480511612356242,0.1913041270769953,0.2565330230502312
sex,Female,Design-based,2,"Moderate, Reserved Trust",0.1837968561064087,0.01391339863063424,0.15626264924260708,0.21133106297021031
sex,Male,Design-based,3,Widespread Institutional Distrust,0.10814249363867684,0.012155970613756874,0.08408618515539018,0.1321988021219635
sex,Female,Design-based,3,Widespread Institutional Distrust,0.11729141475211609,0.010801671209806506,0.09591522497554061,0.13866760452869156
sex,Male,Design-based,4,"Cautious, Moderate Trust",0.22264631043256997,0.01648102213152615,0.19003085214352303,0.2552617687216169
sex,Female,Design-based,4,"Cautious, Moderate Trust",0.23216444981862153,0.016024489358703837,0.2004524564658352,0.26387644317140785
sex,Male,Design-based,5,High Presidential Trust,0.10687022900763359,0.010145884044415604,0.08679182275252947,0.1269486352627377
sex,Female,Design-based,5,High Presidential Trust,0.11124546553808948,0.011301425514017045,0.08888027668526308,0.13361065439091588
education,Secondary,Design-based,1,Guarded Political Distrust,0.3553191489361702,0.01517377182689244,0.32529070056943665,0.3853475973029038
education,None,Design-based,1,Guarded Political Distrust,0.23684210526315788,0.07147301947147462,0.09539910089360684,0.3782851096327089
education,Primary,Design-based,1,Guarded Political Distrust,0.35276073619631904,0.030052216349104297,0.29328828351677994,0.41223318887585814
education,Tertiary,Design-based,1,Guarded Political Distrust,0.3301282051282051,0.029361357449846585,0.27202294190042065,0.3882334683559896
education,Secondary,Design-based,2,"Moderate, Reserved Trust",0.21808510638297873,0.014647958680611818,0.18909722677487473,0.24707298599108274
education,None,Design-based,2,"Moderate, Reserved Trust",0.18421052631578946,0.06251214489526903,0.060500829300674394,0.3079202233309045
education,Primary,Design-based,2,"Moderate, Reserved Trust",0.2116564417177914,0.02695350500605076,0.1583162476902101,0.26499663574537274
education,Tertiary,Design-based,2,"Moderate, Reserved Trust",0.15705128205128205,0.02193583161956677,0.11364091614594324,0.20046164795662086
education,Secondary,Design-based,3,Widespread Institutional Distrust,0.1148936170212766,0.010758563849113691,0.09360273544424161,0.13618449859831158
education,None,Design-based,3,Widespread Institutional Distrust,0.18421052631578946,0.06445523165530227,0.05665551772545141,0.3117655349061275
education,Primary,Design-based,3,Widespread Institutional Distrust,0.0950920245398773,0.01710354177378026,0.06124461817964777,0.12893943090010684
education,Tertiary,Design-based,3,Widespread Institutional Distrust,0.11538461538461539,0.01805528379561713,0.07965373954249158,0.1511154912267392
education,Secondary,Design-based,4,"Cautious, Moderate Trust",0.22127659574468084,0.013533608233468627,0.1944939829117883,0.24805920857757338
education,None,Design-based,4,"Cautious, Moderate Trust",0.13157894736842105,0.053911861856048786,0.024888957656721333,0.23826893708012076
education,Primary,Design-based,4,"Cautious, Moderate Trust",0.15950920245398773,0.021192253412095272,0.1175703559615159,0.20144804894645957
education,Tertiary,Design-based,4,"Cautious, Moderate Trust",0.3269230769230769,0.030940547967519456,0.26569264208587545,0.3881535117602784
education,Secondary,Design-based,5,High Presidential Trust,0.09042553191489362,0.008782500055697627,0.07304522249268708,0.10780584133710017
education,None,Design-based,5,High Presidential Trust,0.2631578947368421,0.07489932714908705,0.11493432819992133,0.41138146127376285
education,Primary,Design-based,5,High Presidential Trust,0.18098159509202455,0.021591129129636486,0.13825338528069075,0.22370980490335834
education,Tertiary,Design-based,5,High Presidential Trust,0.07051282051282051,0.01593891440182623,0.03897017748396158,0.10205546354167944
urban,Urban,Design-based,1,Guarded Political Distrust,0.34210526315789475,0.014245040564950615,0.3139147466556937,0.3702957796600958
urban,Rural,Design-based,1,Guarded Political Distrust,0.36503067484662577,0.026366593815421734,0.31285196081127864,0.4172093888819729
urban,Urban,Design-based,2,"Moderate, Reserved Trust",0.19195046439628483,0.012741590201447836,0.1667352319650079,0.21716569682756176
urban,Rural,Design-based,2,"Moderate, Reserved Trust",0.254601226993865,0.030228566791666214,0.19477978197284782,0.31442267201488217
urban,Urban,Design-based,3,Widespread Institutional Distrust,0.11609907120743033,0.009775359922672705,0.0967539212965838,0.13544422111827686
urban,Rural,Design-based,3,Widespread Institutional Distrust,0.09815950920245399,0.016111901020304076,0.06627453074108963,0.13004448766381835
urban,Urban,Design-based,4,"Cautious, Moderate Trust",0.23993808049535603,0.014268756717122421,0.21170063042521464,0.2681755305654974
urban,Rural,Design-based,4,"Cautious, Moderate Trust",0.17484662576687116,0.019591114776998056,0.13607638556296808,0.21361686597077423
urban,Urban,Design-based,5,High Presidential Trust,0.10990712074303406,0.008928795081185596,0.09223729776616937,0.12757694371989875
urban,Rural,Design-based,5,High Presidential Trust,0.10736196319018405,0.015722766402751404,0.0762470706971733,0.13847685568319482
employment,Employed,Design-based,1,Guarded Political Distrust,0.34813084112149534,0.015542430925310114,0.31737282723683685,0.3788888550061538
employment,Unemployed,Design-based,1,Guarded Political Distrust,0.3013698630136986,0.05985192520436843,0.1829246625617124,0.41981506346568487
employment,Not in labor force,Design-based,1,Guarded Political Distrust,0.36,0.06704333101301033,0.22732321886572693,0.49267678113427305
employment,Student,Design-based,1,Guarded Political Distrust,0.3894736842105263,0.05115430753120422,0.2882408134410861,0.4907065549799665
employment,Homemaker,Design-based,1,Guarded Political Distrust,0.3348314606741573,0.022233620319911628,0.29083177968523105,0.37883114166308357
employment,Retired,Design-based,1,Guarded Political Distrust,0.3723404255319149,0.0511160067315535,0.27118335091901613,0.4734975001448136
employment,Employed,Design-based,2,"Moderate, Reserved Trust",0.20210280373831777,0.015381762313556297,0.17166274831298273,0.2325428591636528
employment,Unemployed,Design-based,2,"Moderate, Reserved Trust",0.1917808219178082,0.043799847801372194,0.10510221074722939,0.27845943308838705
employment,Not in labor force,Design-based,2,"Moderate, Reserved Trust",0.18,0.060745830359296704,0.05978578752544286,0.30021421247455715
employment,Student,Design-based,2,"Moderate, Reserved Trust",0.25263157894736843,0.04444565605813453,0.16467493222213414,0.3405882256726027
employment,Homemaker,Design-based,2,"Moderate, Reserved Trust",0.21123595505617979,0.020201295181472657,0.17125818576991075,0.2512137243424488
employment,Retired,Design-based,2,"Moderate, Reserved Trust",0.1702127659574468,0.037366759179081194,0.09626504805038218,0.24416048386451145
employment,Employed,Design-based,3,Widespread Institutional Distrust,0.1261682242990654,0.01177930178446689,0.10285733235562985,0.14947911624250096
employment,Unemployed,Design-based,3,Widespread Institutional Distrust,0.1232876712328767,0.04149424181699476,0.041171786525154463,0.20540355594059895
employment,Not in labor force,Design-based,3,Widespread Institutional Distrust,0.08,0.03840606468137459,0.003995527057409645,0.15600447294259034
employment,Student,Design-based,3,Widespread Institutional Distrust,0.08421052631578947,0.03164361566552235,0.02158874117303107,0.14683231145854786
employment,Homemaker,Design-based,3,Widespread Institutional Distrust,0.09887640449438202,0.012722950596472047,0.07369805929338488,0.12405474969537916
employment,Retired,Design-based,3,Widespread Institutional Distrust,0.09574468085106383,0.029866055506901835,0.0366406350054852,0.15484872669664246
employment,Employed,Design-based,4,"Cautious, Moderate Trust",0.2266355140186916,0.014888999050542012,0.19717062260460277,0.2561004054327804
employment,Unemployed,Design-based,4,"Cautious, Moderate Trust",0.2876712328767123,0.057389161173924265,0.174099770040615,0.4012426957128096
employment,Not in labor force,Design-based,4,"Cautious, Moderate Trust",0.3,0.06572530295688543,0.16993155764139692,0.4300684423586031
employment,Student,Design-based,4,"Cautious, Moderate Trust",0.18947368421052632,0.04099122267305082,0.10835325960090762,0.270594108820145
employment,Homemaker,Design-based,4,"Cautious, Moderate Trust",0.22247191011235956,0.01953798203428371,0.18380681804429133,0.2611370021804278
employment,Retired,Design-based,4,"Cautious, Moderate Trust",0.19148936170212766,0.03977653258093339,0.11277277307533863,0.2702059503289167
employment,Employed,Design-based,5,High Presidential Trust,0.0969626168224299,0.009851281633004123,0.07746722007878465,0.11645801356607516
employment,Unemployed,Design-based,5,High Presidential Trust,0.0958904109589041,0.034185273650792984,0.028238759382980427,0.16354206253482778
employment,Not in labor force,Design-based,5,High Presidential Trust,0.08,0.03854169752543034,0.0037271136463589566,0.15627288635364106
employment,Student,Design-based,5,High Presidential Trust,0.08421052631578947,0.027213275919552336,0.030356253287136294,0.13806479934444266
employment,Homemaker,Design-based,5,High Presidential Trust,0.13258426966292136,0.0160399032868346,0.10084177259950305,0.16432676672633967
employment,Retired,Design-based,5,High Presidential Trust,0.1702127659574468,0.0434269979111174,0.08427201375863766,0.256153518156256
age_cat,18-29,BCH-corrected,1,Guarded Political Distrust,0.363286477610754,0.024606055543501145,0.31612325339883707,0.41323433852682007
age_cat,18-29,BCH-corrected,2,"Moderate, Reserved Trust",0.21179122316784083,0.018974293726543374,0.17666667969452296,0.25176373911865824
age_cat,18-29,BCH-corrected,3,Widespread Institutional Distrust,0.09767059312903321,0.012885524326843674,0.07497113230619148,0.12630447931797067
age_cat,18-29,BCH-corrected,4,"Cautious, Moderate Trust",0.24568191614013837,0.019643237219724788,0.20890516816671978,0.2865875827655079
age_cat,18-29,BCH-corrected,5,High Presidential Trust,0.08156978995223509,0.012595523940209795,0.05986520332191683,0.11022096315649726
age_cat,30-44,BCH-corrected,1,Guarded Political Distrust,0.32559664725134724,0.026148673282624338,0.2761118345991005,0.37930312503906394
age_cat,30-44,BCH-corrected,2,"Moderate, Reserved Trust",0.20778113448123248,0.023356986372426537,0.16532110445476664,0.2577784289636532
age_cat,30-44,BCH-corrected,3,Widespread Institutional Distrust,0.10502169543259579,0.015992982838733103,0.07731791762096632,0.14113364652370128
age_cat,30-44,BCH-corrected,4,"Cautious, Moderate Trust",0.2587654421633961,0.025513180577983977,0.21154641460918636,0.31234883055820095
age_cat,30-44,BCH-corrected,5,High Presidential Trust,0.10283508067142816,0.014975140148993841,0.07675126753049578,0.1364730991458126
age_cat,45-59,BCH-corrected,1,Guarded Political Distrust,0.34968955563127985,0.025853196700827683,0.30040136308145704,0.40241303259976624
age_cat,45-59,BCH-corrected,2,"Moderate, Reserved Trust",0.16969394125986118,0.022815212927556464,0.12917789728920473,0.2197114640490134
age_cat,45-59,BCH-corrected,3,Widespread Institutional Distrust,0.13361833054030764,0.018345634053316164,0.10129179049343683,0.1742612081682157
age_cat,45-59,BCH-corrected,4,"Cautious, Moderate Trust",0.22767333387607983,0.02263339980533192,0.1859985437311264,0.2755251399880942
age_cat,45-59,BCH-corrected,5,High Presidential Trust,0.11932483869247272,0.016455184737613857,0.0904032850263287,0.15591293075910087
age_cat,60+,BCH-corrected,1,Guarded Political Distrust,0.3242814804766637,0.03131421242901421,0.2656173531677916,0.3890384308266252
age_cat,60+,BCH-corrected,2,"Moderate, Reserved Trust",0.24695547352538297,0.02566539057243884,0.19972199678971997,0.3011558552906475
age_cat,60+,BCH-corrected,3,Widespread Institutional Distrust,0.12068485086738555,0.019459283480458882,0.08715757118515434,0.1647811062226848
age_cat,60+,BCH-corrected,4,"Cautious, Moderate Trust",0.15102292904732528,0.02800935307235474,0.10350073519638539,0.21512887686395768
age_cat,60+,BCH-corrected,5,High Presidential Trust,0.15705526608324338,0.02138229711969282,0.11921030967222429,0.20413018982474568
sex,Male,BCH-corrected,1,Guarded Political Distrust,0.3341189575161014,0.01724715091576201,0.30089789623428603,0.36907151458431015
sex,Male,BCH-corrected,2,"Moderate, Reserved Trust",0.2265725624243299,0.016737652570849297,0.1951658898859366,0.26139184742374455
sex,Male,BCH-corrected,3,Widespread Institutional Distrust,0.10843416725399975,0.0124214033850991,0.08618725966742134,0.13557157435296005
sex,Male,BCH-corrected,4,"Cautious, Moderate Trust",0.22435258640352185,0.01684967579177401,0.1927721854052483,0.2594437718713128
sex,Male,BCH-corrected,5,High Presidential Trust,0.10652172640204824,0.010506954956280248,0.08744453482720453,0.12917174083353253
sex,Female,BCH-corrected,1,Guarded Political Distrust,0.35416346454458475,0.01669736009686457,0.32185669206313783,0.38785835903807514
sex,Female,BCH-corrected,2,"Moderate, Reserved Trust",0.18282223953537638,0.014047690292276706,0.15664288307960514,0.21227561503507897
sex,Female,BCH-corrected,3,Widespread Institutional Distrust,0.11781993076154208,0.010892543508985619,0.09791305169599056,0.14114087064271716
sex,Female,BCH-corrected,4,"Cautious, Moderate Trust",0.23348787891674375,0.01608761622669544,0.2031683041079167,0.2668170726493585
sex,Female,BCH-corrected,5,High Presidential Trust,0.11170648624175146,0.011437395448578549,0.09099626308309063,0.13642283259572785
education,Secondary,BCH-corrected,1,Guarded Political Distrust,0.35281917403665536,0.01515921038292164,0.3234301017181142,0.3833655545977437
education,Secondary,BCH-corrected,2,"Moderate, Reserved Trust",0.22043689911924144,0.01456482358685545,0.19296604840811116,0.2506041348299634
education,Secondary,BCH-corrected,3,Widespread Institutional Distrust,0.11558515560133999,0.01073801700700524,0.0959727529429829,0.13859100588305404
education,Secondary,BCH-corrected,4,"Cautious, Moderate Trust",0.2217852975144517,0.013505810844117743,0.19621062074838383,0.2496580705642127
education,Secondary,BCH-corrected,5,High Presidential Trust,0.08937347372831071,0.00882226720526152,0.07338420308233642,0.10843885719770527
education,None,BCH-corrected,1,Guarded Political Distrust,0.23348991134941563,0.0784986223251995,0.11337710104988737,0.42050085594442305
education,None,BCH-corrected,2,"Moderate, Reserved Trust",0.18071167444378483,0.06744038875640605,0.08218881640300196,0.3520377365797268
education,None,BCH-corrected,3,Widespread Institutional Distrust,0.1899751274094956,0.06799088241739588,0.08911076634232544,0.35989901907392574
education,None,BCH-corrected,4,"Cautious, Moderate Trust",0.12502778961746505,0.05997651387193548,0.04606108715204712,0.29719707363233444
education,None,BCH-corrected,5,High Presidential Trust,0.270795497179839,0.07890945446045268,0.14412908655203885,0.45022283829809095
education,Primary,BCH-corrected,1,Guarded Political Distrust,0.35466866205713365,0.03255538087362404,0.29316416052442346,0.4213841151792742
education,Primary,BCH-corrected,2,"Moderate, Reserved Trust",0.20995688950776892,0.0289220138611298,0.15839228960194168,0.27286571514492325
education,Primary,BCH-corrected,3,Widespread Institutional Distrust,0.09593484738609932,0.01785393730030097,0.0659514335001248,0.13754231609833997
education,Primary,BCH-corrected,4,"Cautious, Moderate Trust",0.15536062580608873,0.022843853195377843,0.11530456428295656,0.2060903461764834
education,Primary,BCH-corrected,5,High Presidential Trust,0.18407897524291014,0.022377717243708815,0.14383407349411742,0.23252618000582345
education,Tertiary,BCH-corrected,1,Guarded Political Distrust,0.3215501064186963,0.031681452577114966,0.26229940241024685,0.38716066366622964
education,Tertiary,BCH-corrected,2,"Moderate, Reserved Trust",0.15664741793499998,0.023406829861196212,0.11567726697131528,0.20870365442336825
education,Tertiary,BCH-corrected,3,Widespread Institutional Distrust,0.11385367174233571,0.01873335662299532,0.0817036404216403,0.15649860103785515
education,Tertiary,BCH-corrected,4,"Cautious, Moderate Trust",0.33821042137043084,0.03276494274270099,0.2766830334711773,0.4057449526505279
education,Tertiary,BCH-corrected,5,High Presidential Trust,0.0697383825335383,0.01666431957482019,0.043146460984585876,0.11082121711944021
urban,Urban,BCH-corrected,1,Guarded Political Distrust,0.33869141248993667,0.01376237400637577,0.3120122478601797,0.3664367850902463
urban,Urban,BCH-corrected,2,"Moderate, Reserved Trust",0.1920495975805346,0.01273669552103547,0.16809500866643348,0.21852117487162692
urban,Urban,BCH-corrected,3,Widespread Institutional Distrust,0.1164054185570451,0.009682879418699568,0.09856947889941112,0.13697831291304355
urban,Urban,BCH-corrected,4,"Cautious, Moderate Trust",0.24262873365760576,0.013556341035424939,0.21681682706092298,0.27045238665149984
urban,Urban,BCH-corrected,5,High Presidential Trust,0.11022483771487758,0.008935096908493275,0.09374524203063994,0.12918843378329706
urban,Rural,BCH-corrected,1,Guarded Political Distrust,0.36446638268342585,0.028667348786465867,0.3098214001004721,0.422844571014829
urban,Rural,BCH-corrected,2,"Moderate, Reserved Trust",0.25860283070075873,0.03183089622535712,0.20072087254196588,0.32636079990387656
urban,Rural,BCH-corrected,3,Widespread Institutional Distrust,0.09898246023774297,0.016652566541253744,0.07056159831589119,0.13716136090617997
urban,Rural,BCH-corrected,4,"Cautious, Moderate Trust",0.17154795802301906,0.02106548131306127,0.13377018293754492,0.21731792743619185
urban,Rural,BCH-corrected,5,High Presidential Trust,0.10640036835505423,0.016366397972760603,0.07808196701036782,0.14339173674113015
employment,Employed,BCH-corrected,1,Guarded Political Distrust,0.34562754686891267,0.01585493325814085,0.31495711534104065,0.3776382136930211
employment,Employed,BCH-corrected,2,"Moderate, Reserved Trust",0.2032465812987317,0.015584818672594064,0.1741378005043042,0.23583169892961925
employment,Employed,BCH-corrected,3,Widespread Institutional Distrust,0.1272954847933131,0.011946692858846614,0.1054670423152068,0.1528696804790209
employment,Employed,BCH-corrected,4,"Cautious, Moderate Trust",0.22733156682539277,0.015056354157823838,0.19891781041913612,0.25849433518032344
employment,Employed,BCH-corrected,5,High Presidential Trust,0.09649882021364842,0.010198855725325596,0.07811482580225464,0.11865254942858154
employment,Unemployed,BCH-corrected,1,Guarded Political Distrust,0.29138720949153285,0.06645969264132148,0.17863468770798324,0.4374082197345135
employment,Unemployed,BCH-corrected,2,"Moderate, Reserved Trust",0.1937379859585495,0.047268286710304516,0.11662848165734813,0.30426879609644525
employment,Unemployed,BCH-corrected,3,Widespread Institutional Distrust,0.12295813818368115,0.04373752735423655,0.05911468763241151,0.23828959914124642
employment,Unemployed,BCH-corrected,4,"Cautious, Moderate Trust",0.29616122873297435,0.06353674397169853,0.18711785119591745,0.4347632287568785
employment,Unemployed,BCH-corrected,5,High Presidential Trust,0.0957554376332618,0.035675084680835766,0.04475892150850951,0.19310929157396226
employment,Not in labor force,BCH-corrected,1,Guarded Political Distrust,0.3542387628135969,0.07512918834487502,0.22262939340590532,0.5123703197895186
employment,Not in labor force,BCH-corrected,2,"Moderate, Reserved Trust",0.1799681829724301,0.06603605866408652,0.08301466095192306,0.3472720655950292
employment,Not in labor force,BCH-corrected,3,Widespread Institutional Distrust,0.07725273240903664,0.04031713479474555,0.026608990585898253,0.20407628452050613
employment,Not in labor force,BCH-corrected,4,"Cautious, Moderate Trust",0.30939139384914094,0.07229002647522066,0.18656176411247477,0.4666932441576269
employment,Not in labor force,BCH-corrected,5,High Presidential Trust,0.07914892795579558,0.04054250401020993,0.0277929889851669,0.2053559936829415
employment,Student,BCH-corrected,1,Guarded Political Distrust,0.3898582008692212,0.05670580069471178,0.28502365577398936,0.5059648852799716
employment,Student,BCH-corrected,2,"Moderate, Reserved Trust",0.2566843207362977,0.048287409328874153,0.173056867808203,0.36298493645034274
employment,Student,BCH-corrected,3,Widespread Institutional Distrust,0.08406112329496453,0.03334475932343051,0.03749059836302389,0.1777951921442612
employment,Student,BCH-corrected,4,"Cautious, Moderate Trust",0.18723220138381264,0.04531391599266271,0.113308906834712,0.2934238350805029
employment,Student,BCH-corrected,5,High Presidential Trust,0.08216415371570383,0.028688976059129845,0.04045973889630971,0.15970133365428862
employment,Homemaker,BCH-corrected,1,Guarded Political Distrust,0.33090799656568415,0.02379250950506298,0.28562229536149114,0.3795589066746417
employment,Homemaker,BCH-corrected,2,"Moderate, Reserved Trust",0.2120599199861803,0.021124710474069046,0.17325268115161693,0.25685902989196024
employment,Homemaker,BCH-corrected,3,Widespread Institutional Distrust,0.09865154627319479,0.013096641210851807,0.0755940372401339,0.12776991805248625
employment,Homemaker,BCH-corrected,4,"Cautious, Moderate Trust",0.22476428735086804,0.020595960624200972,0.1866340936350759,0.2681167124371602
employment,Homemaker,BCH-corrected,5,High Presidential Trust,0.13361624982407352,0.016323961133769604,0.10447946606896383,0.16934204271712186
employment,Retired,BCH-corrected,1,Guarded Political Distrust,0.3758538687642604,0.05579097567384576,0.2733217713919183,0.49086747018939614
employment,Retired,BCH-corrected,2,"Moderate, Reserved Trust",0.16534827691672868,0.04100193448173955,0.09913183841375872,0.26288780171543374
employment,Retired,BCH-corrected,3,Widespread Institutional Distrust,0.09594299840477753,0.03129925383361021,0.04939512753114954,0.1781357074422848
employment,Retired,BCH-corrected,4,"Cautious, Moderate Trust",0.1893881189421252,0.0437574713063535,0.11732060466140563,0.2911242331822563
employment,Retired,BCH-corrected,5,High Presidential Trust,0.17346673697210813,0.045723967779447976,0.10043806016179642,0.28289592553066406
