demographic,level,reference,segment,difference,se,p_adj
age_cat,30-44,18-29,1,-0.03768983035940676,0.03781491701460424,1
age_cat,30-44,18-29,2,-0.0040100886866083485,0.030073367907879543,1
age_cat,30-44,18-29,3,0.007351102303562576,0.02053761351243864,1
age_cat,30-44,18-29,4,0.013083526023257713,0.03356128805534033,1
age_cat,30-44,18-29,5,0.021265290719193072,0.019757089735492516,1
age_cat,45-59,18-29,1,-0.013596921979474152,0.03811895196302355,1
age_cat,45-59,18-29,2,-0.04209728190797965,0.03018283801411652,1
age_cat,45-59,18-29,3,0.035947737411274425,0.021545864198611143,1
age_cat,45-59,18-29,4,-0.018008582264058548,0.029017341085152738,1
age_cat,45-59,18-29,5,0.037755048740237634,0.021101223147259398,0.9877314215279053
age_cat,60+,18-29,1,-0.03900499713409028,0.04092760514245924,1
age_cat,60+,18-29,2,0.03516425035754214,0.028327567829741586,1
age_cat,60+,18-29,3,0.023014257738352334,0.023708317305962876,1
age_cat,60+,18-29,4,-0.09465898709281309,0.03545017612102651,0.12012279057658908
age_cat,60+,18-29,5,0.0754854761310083,0.02490376875881477,0.04437347059648916
sex,Female,Male,1,0.02004450702848337,0.024267727869566488,1
sex,Female,Male,2,-0.04375032288895353,0.021564612701884082,0.2229288971718838
sex,Female,Male,3,0.009385763507542333,0.01664676480162149,1
sex,Female,Male,4,0.009135292513221899,0.02416521190389074,1
sex,Female,Male,5,0.005184759839703221,0.01571334632796796,1
education,None,Secondary,1,-0.11932926268723973,0.07954919753004103,1
education,None,Secondary,2,-0.03972522467545661,0.06711039997225689,1
education,None,Secondary,3,0.07438997180815561,0.06945873535492694,1
education,None,Secondary,4,-0.09675750789698664,0.06293284163654674,1
education,None,Secondary,5,0.18142202345152825,0.07976216487666567,0.27086699063738445
education,Primary,Secondary,1,0.001849488020478296,0.03735796230744266,1
education,Primary,Secondary,2,-0.010480009611472524,0.0334797261923598,1
education,Primary,Secondary,3,-0.019650308215240664,0.02084267330214706,1
education,Primary,Secondary,4,-0.06642467170836297,0.02579974044762892,0.14548224239804872
education,Primary,Secondary,5,0.09470550151459943,0.024622045656036925,0.002840703283478931
education,Tertiary,Secondary,1,-0.03126906761795906,0.03602675148534253,1
education,Tertiary,Secondary,2,-0.06378948118424146,0.02762633673744039,0.270855080919301
education,Tertiary,Secondary,3,-0.0017314838590042764,0.021497329810595087,1
education,Tertiary,Secondary,4,0.11642512385597914,0.03676091404456429,0.027045220742326185
education,Tertiary,Secondary,5,-0.019635091194772414,0.019232081151139797,1
urban,Rural,Urban,1,0.025774970193489177,0.03316735297151175,1
urban,Rural,Urban,2,0.06655323312022413,0.03613305214592636,0.27136842109275244
urban,Rural,Urban,3,-0.01742295831930213,0.01986462891449532,1
urban,Rural,Urban,4,-0.0710807756345867,0.02657760957264444,0.04238882865858028
urban,Rural,Urban,5,-0.0038244693598233487,0.019022795415038964,1
employment,Unemployed,Employed,1,-0.05424033737737982,0.07030816148747233,1
employment,Unemployed,Employed,2,-0.009508595340182197,0.04996647535590463,1
employment,Unemployed,Employed,3,-0.004337346609631948,0.044874487354078486,1
employment,Unemployed,Employed,4,0.06882966190758158,0.06614342914975253,1
employment,Unemployed,Employed,5,-7.433825803866145e-4,0.0373110694323874,1
employment,Not in labor force,Employed,1,0.008611215944684225,0.07729088058667073,1
employment,Not in labor force,Employed,2,-0.023278398326301575,0.0660443423666138,1
employment,Not in labor force,Employed,3,-0.050042752384276454,0.04261696774004123,1
employment,Not in labor force,Employed,4,0.08205982702374817,0.07094150170220685,1
employment,Not in labor force,Employed,5,-0.017349892257852842,0.04027055587684436,1
employment,Student,Employed,1,0.04423065400030851,0.05689617165755988,1
employment,Student,Employed,2,0.05343773943756602,0.05224582023206473,1
employment,Student,Employed,3,-0.04323436149834857,0.03456159644231865,1
employment,Student,Employed,4,-0.04009936544158013,0.04771319439706946,1
employment,Student,Employed,5,-0.014334666497944584,0.031821827641034466,1
employment,Homemaker,Employed,1,-0.014719550303228524,0.029257485211960293,1
employment,Homemaker,Employed,2,0.008813338687448602,0.025806060023909796,1
employment,Homemaker,Employed,3,-0.028643938520118303,0.017695197109371532,1
employment,Homemaker,Employed,4,-0.0025672794745247307,0.026077805128479202,1
employment,Homemaker,Employed,5,0.03711742961042511,0.019016528535960225,1
employment,Retired,Employed,1,0.03022632189534774,0.05705045339892071,1
employment,Retired,Employed,2,-0.037898304382003006,0.04336941964776153,1
employment,Retired,Employed,3,-0.031352486388535564,0.03400440327391988,1
employment,Retired,Employed,4,-0.03794344788326756,0.04702798387086735,1
employment,Retired,Employed,5,0.07696791675845971,0.047009933242792006,1
