kind,item,category,class,estimate,se,lo,hi,segment_label
pi,NA,NA,1,0.33122102221145194,0.020058196341748213,0.2919069573816254,0.37053508704127847,Moderate Institutional Trust
pi,NA,NA,2,0.11141623652337695,0.010330506535765763,0.091168443713276065,0.13166402933347784,Very High Institutional Trust
pi,NA,NA,3,0.20866484160225282,0.019116642216813057,0.17119622285729924,0.2461334603472064,High Institutional Trust
pi,NA,NA,4,0.10667892183374733,0.011432868006339896,0.08427050054132114,0.12908734312617354,Generalized Institutional Distrust
pi,NA,NA,5,0.24201897782917095,0.020474967946323128,0.20188804065437763,0.2821499150039643,Presidential and Military Trust
rho,justice_system,1,1,2.1112811458394202e-15,1.30666489081047e-16,1.855174827240568e-15,2.3673874644382723e-15,Moderate Institutional Trust
rho,justice_system,2,1,0.043534089476013046,0.01097172493139458,0.02202950861047967,0.06503867034154642,Moderate Institutional Trust
rho,justice_system,3,1,0.1462167218239574,0.034297953778945414,0.07899273241722439,0.21344071123069042,Moderate Institutional Trust
rho,justice_system,4,1,0.4559703902396442,0.028714409783660893,0.39969014706366884,0.5122506334156195,Moderate Institutional Trust
rho,justice_system,5,1,0.2851660418329611,0.03721226745633909,0.2122299976185365,0.35810208604738575,Moderate Institutional Trust
rho,justice_system,6,1,0.05396109688156952,0.014649882009809288,0.025247328142343314,0.08267486562079572,Moderate Institutional Trust
rho,justice_system,7,1,0.015151659745852602,0.006563093084173436,0.002287997300872667,0.028015322190832536,Moderate Institutional Trust
rho,justice_system,1,2,0.03766221217394631,0.014938147312006482,0.008383443442413607,0.06694098090547901,Very High Institutional Trust
rho,justice_system,2,2,6.276470298419845e-15,5.833842949986092e-16,5.1330370802225716e-15,7.41990351661712e-15,Very High Institutional Trust
rho,justice_system,3,2,0.02238055015176161,0.023342290842387602,0,0.06813144020284131,Very High Institutional Trust
rho,justice_system,4,2,0.026507410730683623,0.013498881335675107,4.960331276041355e-5,0.05296521814860683,Very High Institutional Trust
rho,justice_system,5,2,0.07560073529356773,0.024952317464511795,0.026694193063124608,0.12450727752401085,Very High Institutional Trust
rho,justice_system,6,2,0.17429433767152816,0.04283980891480621,0.090328312198508,0.2582603631445483,Very High Institutional Trust
rho,justice_system,7,2,0.6635547539785063,0.060162727484053734,0.545635808109761,0.7814736998472516,Very High Institutional Trust
rho,justice_system,1,3,3.3513106181714684e-15,3.19773158731716e-16,2.724555227057305e-15,3.9780660092856315e-15,High Institutional Trust
rho,justice_system,2,3,0.003435237038657607,0.003451746345655455,0,0.010200659876142298,High Institutional Trust
rho,justice_system,3,3,0.00843427078531758,0.011181982817942625,0,0.03035095710848513,High Institutional Trust
rho,justice_system,4,3,0.06855945034447918,0.02342754832800838,0.02264145562158275,0.1144774450673756,High Institutional Trust
rho,justice_system,5,3,0.45940227536472855,0.03392373978347814,0.3929117453891114,0.5258928053403457,High Institutional Trust
rho,justice_system,6,3,0.3890713917592437,0.041966428891271855,0.3068171911323509,0.4713255923861365,High Institutional Trust
rho,justice_system,7,3,0.07109737470757001,0.016891046391015716,0.03799092378117921,0.1042038256339608,High Institutional Trust
rho,justice_system,1,4,0.65200469068989,0.061198534737525165,0.5320555626043406,0.7719538187754393,Generalized Institutional Distrust
rho,justice_system,2,4,0.1852417599395082,0.05235213830129522,0.08263156886896958,0.2878519510100468,Generalized Institutional Distrust
rho,justice_system,3,4,0.09497175846442756,0.034573227115317975,0.02720823331840433,0.16273528361045078,Generalized Institutional Distrust
rho,justice_system,4,4,0.01068177544552713,0.012727797975769539,0,0.035628259478035426,Generalized Institutional Distrust
rho,justice_system,5,4,0.044725958750929114,0.018992397937446,0.007500858793534952,0.08195105870832328,Generalized Institutional Distrust
rho,justice_system,6,4,6.555190915694789e-15,7.005529075119099e-16,5.182107216971445e-15,7.928274614418133e-15,Generalized Institutional Distrust
rho,justice_system,7,4,0.012374056709711513,0.013757684858911328,0,0.039339119033177716,Generalized Institutional Distrust
rho,justice_system,1,5,0.10267814305880114,0.019959353375084348,0.06355781044363581,0.14179847567396647,Presidential and Military Trust
rho,justice_system,2,5,0.2776653825328312,0.042523779755258145,0.19431877421252522,0.3610119908531372,Presidential and Military Trust
rho,justice_system,3,5,0.41947386083112276,0.03113793573655033,0.3584435067874841,0.4805042148747614,Presidential and Military Trust
rho,justice_system,4,5,0.16100310359926792,0.03370635637795785,0.09493864509847053,0.22706756210006532,Presidential and Military Trust
rho,justice_system,5,5,0.031734097461108585,0.014795634538443308,0.0027346537657597023,0.06073354115645747,Presidential and Military Trust
rho,justice_system,6,5,0.007445412516865558,0.006664198191818414,0,0.02050724097282965,Presidential and Military Trust
rho,justice_system,7,5,2.8894457185679816e-15,2.532805702108904e-16,2.3930158009546364e-15,3.3858756361813268e-15,Presidential and Military Trust
rho,electoral_tribunal,1,1,0.026187347983689113,0.007608050032158085,0.011275569920659267,0.04109912604671896,Moderate Institutional Trust
rho,electoral_tribunal,2,1,0.04851062304010721,0.01596635578787447,0.01721656569587325,0.07980468038434117,Moderate Institutional Trust
rho,electoral_tribunal,3,1,0.11537576161925167,0.02030221611448195,0.07558341803486705,0.15516810520363628,Moderate Institutional Trust
rho,electoral_tribunal,4,1,0.26664220443312653,0.025183838022886817,0.21728188190826836,0.3160025269579847,Moderate Institutional Trust
rho,electoral_tribunal,5,1,0.28617387691988977,0.024183203787630933,0.23877479749613315,0.3335729563436464,Moderate Institutional Trust
rho,electoral_tribunal,6,1,0.17477006256610034,0.025020325153983933,0.12573022526429184,0.22380989986790883,Moderate Institutional Trust
rho,electoral_tribunal,7,1,0.08234012343783537,0.016487873160373662,0.050023892043502986,0.11465635483216774,Moderate Institutional Trust
rho,electoral_tribunal,1,2,0.038607102286169745,0.016854053007844486,0.005573158390794551,0.07164104618154493,Very High Institutional Trust
rho,electoral_tribunal,2,2,0.01991766933366835,0.011467404666728177,0,0.042393782480455576,Very High Institutional Trust
rho,electoral_tribunal,3,2,0.0067177656560360784,0.0067768374571694516,0,0.0200003670720882,Very High Institutional Trust
rho,electoral_tribunal,4,2,0.04664707996110869,0.02011587251183014,0.007219969837921614,0.08607419008429576,Very High Institutional Trust
rho,electoral_tribunal,5,2,0.015996372828726634,0.011895056461519815,0,0.03931068349330547,Very High Institutional Trust
rho,electoral_tribunal,6,2,0.16893862240145688,0.035556409046691266,0.099248060669942,0.23862918413297174,Very High Institutional Trust
rho,electoral_tribunal,7,2,0.7031753875328336,0.045583452180990046,0.6138318212580931,0.7925189538075741,Very High Institutional Trust
rho,electoral_tribunal,1,3,3.3513106181714684e-15,3.1977315873171893e-16,2.7245552270572995e-15,3.978066009285638e-15,High Institutional Trust
rho,electoral_tribunal,2,3,5.04469497777436e-8,1.242788954340695e-8,2.608828627266598e-8,7.480561328282122e-8,High Institutional Trust
rho,electoral_tribunal,3,3,0.006703447984842335,0.007987502980573496,0,0.022358953826766385,High Institutional Trust
rho,electoral_tribunal,4,3,0.0630269786231299,0.016595552706349725,0.030499695318684447,0.09555426192757537,High Institutional Trust
rho,electoral_tribunal,5,3,0.27102728394939923,0.03275923296221112,0.20681918734346544,0.33523538055533303,High Institutional Trust
rho,electoral_tribunal,6,3,0.4069988748818547,0.03118745294380389,0.34587146711199906,0.46812628265171036,High Institutional Trust
rho,electoral_tribunal,7,3,0.25224336411382065,0.035245722353177245,0.18316174830159326,0.321324979926048,High Institutional Trust
rho,electoral_tribunal,1,4,0.5366457650579838,0.05721718637763447,0.4245000797578202,0.6487914503581473,Generalized Institutional Distrust
rho,electoral_tribunal,2,4,0.13460142675182674,0.049075164937313086,0.038414103474693095,0.23078875002896038,Generalized Institutional Distrust
rho,electoral_tribunal,3,4,0.12622553280843227,0.029794156716013417,0.06782898564504597,0.18462207997181856,Generalized Institutional Distrust
rho,electoral_tribunal,4,4,0.03146119519545383,0.016177158100819378,0,0.06316842507305981,Generalized Institutional Distrust
rho,electoral_tribunal,5,4,0.07158617293220264,0.020715043583026515,0.03098468750947067,0.1121876583549346,Generalized Institutional Distrust
rho,electoral_tribunal,6,4,0.03844566415485588,0.016325770814451097,0.006447153358531736,0.07044417495118002,Generalized Institutional Distrust
rho,electoral_tribunal,7,4,0.06103424309924489,0.024818374136405634,0.012390229791889848,0.10967825640659994,Generalized Institutional Distrust
rho,electoral_tribunal,1,5,0.11147368530266742,0.02192183900389713,0.06850688085502904,0.1544404897503058,Presidential and Military Trust
rho,electoral_tribunal,2,5,0.22340087409526682,0.03654504836264127,0.15177257930448995,0.2950291688860437,Presidential and Military Trust
rho,electoral_tribunal,3,5,0.239900147004418,0.02525212716916881,0.19040597775284712,0.2893943162559889,Presidential and Military Trust
rho,electoral_tribunal,4,5,0.24464305756765237,0.030895819924517544,0.184087250515598,0.30519886461970674,Presidential and Military Trust
rho,electoral_tribunal,5,5,0.13902188160351556,0.023843912045996202,0.092287813993363,0.18575594921366811,Presidential and Military Trust
rho,electoral_tribunal,6,5,0.023101284583395162,0.01219594642523935,0,0.047005339576864286,Presidential and Military Trust
rho,electoral_tribunal,7,5,0.018459069843084687,0.013819315397120701,0,0.045544928021441264,Presidential and Military Trust
rho,armed_forces,1,1,0.0209029661045386,0.007783360133296071,0.0056475802432782995,0.0361583519657989,Moderate Institutional Trust
rho,armed_forces,2,1,0.0212347799413674,0.007842032934804219,0.005864395389151131,0.03660516449358367,Moderate Institutional Trust
rho,armed_forces,3,1,0.07452807597976348,0.01449207579679866,0.0461236074180381,0.10293254454148885,Moderate Institutional Trust
rho,armed_forces,4,1,0.16502899514835434,0.026672530217987187,0.11275083592109945,0.2173071543756092,Moderate Institutional Trust
rho,armed_forces,5,1,0.27668269808157714,0.025807929362683224,0.22609915653071802,0.3272662396324363,Moderate Institutional Trust
rho,armed_forces,6,1,0.24373014090188666,0.026904463609680206,0.19099739222691345,0.29646288957685984,Moderate Institutional Trust
rho,armed_forces,7,1,0.19789234384251234,0.02394662483021406,0.15095695917529278,0.2448277285097319,Moderate Institutional Trust
rho,armed_forces,1,2,0.06265509879319761,0.019602317610975105,0.02423455627568641,0.10107564131070881,Very High Institutional Trust
rho,armed_forces,2,2,0.0063630579618303,0.006395899173038182,0,0.018899020340985135,Very High Institutional Trust
rho,armed_forces,3,2,0.0475221048164522,0.01896528061761037,0.010350154805935874,0.08469405482696853,Very High Institutional Trust
rho,armed_forces,4,2,0.019609999113466167,0.01262748867624293,0,0.04435987691890231,Very High Institutional Trust
rho,armed_forces,5,2,0.06461340862110504,0.022841843237601814,0.019843395875405484,0.1093834213668046,Very High Institutional Trust
rho,armed_forces,6,2,0.07841172866069518,0.02841709915944723,0.022714214308178604,0.13410924301321175,Very High Institutional Trust
rho,armed_forces,7,2,0.7208246020332534,0.046722863698797766,0.6292477891836098,0.812401414882897,Very High Institutional Trust
rho,armed_forces,1,3,0.002245776354361583,0.002971548607620858,0,0.008070011625298464,High Institutional Trust
rho,armed_forces,2,3,0.006470964740724743,0.007136195505184667,0,0.02045790793088669,High Institutional Trust
rho,armed_forces,3,3,0.003447618090392143,0.003488385156748286,0,0.010284852997618783,High Institutional Trust
rho,armed_forces,4,3,0.04430399615078726,0.013737925238609573,0.0173776626831125,0.07123032961846203,High Institutional Trust
rho,armed_forces,5,3,0.24508696011753967,0.02896258780413539,0.1883202880214343,0.30185363221364503,High Institutional Trust
rho,armed_forces,6,3,0.3589736359426953,0.029999422502061435,0.30017476783865493,0.4177725040467357,High Institutional Trust
rho,armed_forces,7,3,0.3394710486034993,0.03639852934773125,0.26812993108194605,0.41081216612505256,High Institutional Trust
rho,armed_forces,1,4,0.4202670680780206,0.05033366516948743,0.32161308434582525,0.518921051810216,Generalized Institutional Distrust
rho,armed_forces,2,4,0.06884903357113045,0.028786222783577287,0.01242803691531897,0.12527003022694194,Generalized Institutional Distrust
rho,armed_forces,3,4,0.12205673888173407,0.02961376113053907,0.0640137670658775,0.18009971069759065,Generalized Institutional Distrust
rho,armed_forces,4,4,0.12266320348006626,0.02870976092673004,0.06639207206367538,0.17893433489645716,Generalized Institutional Distrust
rho,armed_forces,5,4,0.09159942538903286,0.02462286975446507,0.04333860067028133,0.13986025010778438,Generalized Institutional Distrust
rho,armed_forces,6,4,0.08102179936369146,0.02438750771432956,0.03322228424360552,0.1288213144837774,Generalized Institutional Distrust
rho,armed_forces,7,4,0.09354273123632423,0.02802705769770003,0.03860969814883217,0.1484757643238163,Generalized Institutional Distrust
rho,armed_forces,1,5,0.05875582227119925,0.017851803552063245,0.02376628730915529,0.0937453572332432,Presidential and Military Trust
rho,armed_forces,2,5,0.12278578079946517,0.023613661182896494,0.07650300488098805,0.1690685567179423,Presidential and Military Trust
rho,armed_forces,3,5,0.18920091454083657,0.026447878864688294,0.13736307196604752,0.2410387571156256,Presidential and Military Trust
rho,armed_forces,4,5,0.18717257414997124,0.026856138614596382,0.13453454246536234,0.23981060583458014,Presidential and Military Trust
rho,armed_forces,5,5,0.17784693839370808,0.026116526279973577,0.12665854688495987,0.22903532990245629,Presidential and Military Trust
rho,armed_forces,6,5,0.1375112207636465,0.025256001764146233,0.08800945730591989,0.1870129842213731,Presidential and Military Trust
rho,armed_forces,7,5,0.1267267490811732,0.018339238725868887,0.09078184117847019,0.16267165698387623,Presidential and Military Trust
rho,legislature,1,1,0.016900531190911706,0.006158300914686745,0.004830261398125686,0.028970800983697725,Moderate Institutional Trust
rho,legislature,2,1,0.0338297390844611,0.0117494849633137,0.01080074855636625,0.056858729612555954,Moderate Institutional Trust
rho,legislature,3,1,0.10265894659827778,0.0213265041675111,0.06085899842995603,0.1444588947665995,Moderate Institutional Trust
rho,legislature,4,1,0.38177330219578104,0.027998398035045946,0.326896442047091,0.43665016234447107,Moderate Institutional Trust
rho,legislature,5,1,0.2998842874846498,0.029163772885594342,0.24272329262888487,0.3570452823404147,Moderate Institutional Trust
rho,legislature,6,1,0.12780371548698377,0.023278738186547604,0.08217738864135046,0.17343004233261708,Moderate Institutional Trust
rho,legislature,7,1,0.037149477958934814,0.009166522154805025,0.019183094535516965,0.055115861382352666,Moderate Institutional Trust
rho,legislature,1,2,0.03779636849992064,0.015019249864556054,0.00835863876539078,0.0672340982344505,Very High Institutional Trust
rho,legislature,2,2,0.006286624851360395,0.0063159812476496656,0,0.01866594809675374,Very High Institutional Trust
rho,legislature,3,2,0.03672345752110106,0.017666155827570224,0.0020977920990634183,0.0713491229431387,Very High Institutional Trust
rho,legislature,4,2,0.035878328967574924,0.01841699074419756,0,0.07197563082620215,Very High Institutional Trust
rho,legislature,5,2,0.07068380389094699,0.030056105974458357,0.011773836181008607,0.12959377160088537,Very High Institutional Trust
rho,legislature,6,2,0.20157087361350975,0.036133694895858104,0.13074883161762788,0.2723929156093916,Very High Institutional Trust
rho,legislature,7,2,0.6110605426555863,0.055970873854788133,0.5013576299002016,0.720763455410971,Very High Institutional Trust
rho,legislature,1,3,3.351310618171469e-15,3.197731587317188e-16,2.7245552270573e-15,3.978066009285638e-15,High Institutional Trust
rho,legislature,2,3,0.003619813673572842,0.0036741514169076474,0,0.01082115045071183,High Institutional Trust
rho,legislature,3,3,0.006312690351827297,0.006967066438923353,0,0.019968140572117068,High Institutional Trust
rho,legislature,4,3,0.05000593586448238,0.015950630296222002,0.018742700483887258,0.081269171245077515,High Institutional Trust
rho,legislature,5,3,0.4676785028291186,0.03939889418656943,0.39045667022344255,0.5449003354347947,High Institutional Trust
rho,legislature,6,3,0.38770860536886537,0.034574709944695435,0.3199421738772623,0.4554750368604684,High Institutional Trust
rho,legislature,7,3,0.08467445191213015,0.020220766107122062,0.04504175034217091,0.12430715348208939,High Institutional Trust
rho,legislature,1,4,0.5976125920410493,0.05246156081842952,0.49478793283692746,0.7004372512451712,Generalized Institutional Distrust
rho,legislature,2,4,0.16382283441109274,0.033028724979799265,0.09908653345068619,0.2285591353714993,Generalized Institutional Distrust
rho,legislature,3,4,0.11841436388940298,0.030815672932954907,0.05801564494081136,0.1788130828379946,Generalized Institutional Distrust
rho,legislature,4,4,0.05553607479028319,0.026471788316080082,0.0036513696907662305,0.10742077988980014,Generalized Institutional Distrust
rho,legislature,5,4,0.03327461408624952,0.020648844272462417,0,0.07374634886027587,Generalized Institutional Distrust
rho,legislature,6,4,6.555190915694789e-15,7.005529075119077e-16,5.18210721697145e-15,7.928274614418128e-15,Generalized Institutional Distrust
rho,legislature,7,4,0.03133952078191566,0.020278562266279804,0,0.07108550282382407,Generalized Institutional Distrust
rho,legislature,1,5,0.0976832067970771,0.022896295868816523,0.05280646689419671,0.14255994669995747,Presidential and Military Trust
rho,legislature,2,5,0.1875355060828632,0.024673166697097702,0.1391760993565517,0.2358949128091747,Presidential and Military Trust
rho,legislature,3,5,0.2819439079923143,0.024252885640082027,0.23440825213775351,0.32947956384687505,Presidential and Military Trust
rho,legislature,4,5,0.23134310473883277,0.030617973658778674,0.17133187636762656,0.29135433311003894,Presidential and Military Trust
rho,legislature,5,5,0.1504600207578392,0.02420483681473271,0.1030185406009631,0.1979015009147153,Presidential and Military Trust
rho,legislature,6,5,0.05103425363107046,0.017593960400253954,0.01655009124657271,0.08551841601556821,Presidential and Military Trust
rho,legislature,7,5,2.8894457185679816e-15,2.532805702108906e-16,2.393015800954636e-15,3.3858756361813272e-15,Presidential and Military Trust
rho,public_ministry,1,1,0.009037286018305004,0.005186346603440442,0,0.019202525361048273,Moderate Institutional Trust
rho,public_ministry,2,1,0.0192061568741408,0.011436117603822505,0,0.04162094737763291,Moderate Institutional Trust
rho,public_ministry,3,1,0.09741109934767106,0.0259610132608696,0.04652751335636665,0.14829468533897547,Moderate Institutional Trust
rho,public_ministry,4,1,0.3655502257053453,0.026743760000698766,0.3131324561039757,0.41796799530671486,Moderate Institutional Trust
rho,public_ministry,5,1,0.3536747679536158,0.03332702892902657,0.2883537912527237,0.4189957446545079,Moderate Institutional Trust
rho,public_ministry,6,1,0.10962933061697833,0.017815608243040695,0.07471073846061857,0.14454792277333808,Moderate Institutional Trust
rho,public_ministry,7,1,0.045491133483943694,0.01186552067708314,0.02223471295686074,0.06874755401102664,Moderate Institutional Trust
rho,public_ministry,1,2,0.03125319489639186,0.018711011124081228,0,0.06792677669959107,Very High Institutional Trust
rho,public_ministry,2,2,0.012800508468644185,0.009010362038633169,0,0.030460818064365194,Very High Institutional Trust
rho,public_ministry,3,2,0.01370755097052231,0.0099792839444782,0,0.03326694750169958,Very High Institutional Trust
rho,public_ministry,4,2,0.01585494603195885,0.013022400667976945,0,0.041378851341193665,Very High Institutional Trust
rho,public_ministry,5,2,0.022241852197636046,0.028504010165456766,0,0.0781097121219313,Very High Institutional Trust
rho,public_ministry,6,2,0.16377688780176153,0.02931361309549265,0.10632220613459593,0.22123156946892714,Very High Institutional Trust
rho,public_ministry,7,2,0.7403650596330852,0.04749714379864323,0.6472706577877445,0.8334594614784259,Very High Institutional Trust
rho,public_ministry,1,3,3.3513106181714562e-15,3.197731587317156e-16,2.7245552270572935e-15,3.978066009285619e-15,High Institutional Trust
rho,public_ministry,2,3,0.004908356652476972,0.0053726888532463005,0,0.015438826804839722,High Institutional Trust
rho,public_ministry,3,3,3.3513106181714562e-15,3.197731587317156e-16,2.7245552270572935e-15,3.978066009285619e-15,High Institutional Trust
rho,public_ministry,4,3,0.09567106455376942,0.021914425929966258,0.052718789731035554,0.13862333937650329,High Institutional Trust
rho,public_ministry,5,3,0.35494436215792424,0.034405545359660505,0.28750949325298963,0.42237923106285885,High Institutional Trust
rho,public_ministry,6,3,0.43906819742475517,0.036418101453434853,0.36768871857602287,0.5104476762734875,High Institutional Trust
rho,public_ministry,7,3,0.10540801921106743,0.0300104814397789,0.04658747558910079,0.16422856283303408,High Institutional Trust
rho,public_ministry,1,4,0.6224396569966243,0.055098732918377046,0.5144461404766053,0.7304331735166433,Generalized Institutional Distrust
rho,public_ministry,2,4,0.15151972422897358,0.04136232783837527,0.07044956166575805,0.23258988679218912,Generalized Institutional Distrust
rho,public_ministry,3,4,0.09255046181843361,0.026916433330970133,0.03979425248973215,0.14530667114713508,Generalized Institutional Distrust
rho,public_ministry,4,4,0.05424925932603148,0.022279251472886872,0.01058192643917321,0.09791659221288976,Generalized Institutional Distrust
rho,public_ministry,5,4,0.045526720622665225,0.02258205015183718,0.0012659023250643497,0.0897875389202661,Generalized Institutional Distrust
rho,public_ministry,6,4,0.007220035850607429,0.007328767850485039,0,0.021584420837558106,Generalized Institutional Distrust
rho,public_ministry,7,4,0.02649414115666449,0.014988357019369613,0,0.05587132091462893,Generalized Institutional Distrust
rho,public_ministry,1,5,0.1062923033949062,0.024559375657769632,0.05815592710567772,0.15442867968413468,Presidential and Military Trust
rho,public_ministry,2,5,0.2406462256253887,0.03285777674316549,0.17624498320878434,0.30504746804199306,Presidential and Military Trust
rho,public_ministry,3,5,0.34256981081944887,0.03121260834821403,0.2813930984569494,0.40374652318194837,Presidential and Military Trust
rho,public_ministry,4,5,0.1921751659764419,0.03367321706938908,0.12617566052043933,0.2581746714324445,Presidential and Military Trust
rho,public_ministry,5,5,0.08403203272910675,0.01760640421250144,0.04952348047260394,0.11854058498560957,Presidential and Military Trust
rho,public_ministry,6,5,0.03428446145470468,0.012525925556879196,0.009733647363221454,0.05883527554618791,Presidential and Military Trust
rho,public_ministry,7,5,2.8894457185679844e-15,2.5328057021088973e-16,2.3930158009546404e-15,3.3858756361813284e-15,Presidential and Military Trust
rho,police,1,1,0.0779901263827624,0.017583281002537702,0.043526895617788504,0.1124533571477363,Moderate Institutional Trust
rho,police,2,1,0.17406245395659928,0.019436263544648565,0.1359673774090881,0.21215753050411046,Moderate Institutional Trust
rho,police,3,1,0.28533435495931264,0.02280661282103946,0.24063339383007532,0.33003531608854997,Moderate Institutional Trust
rho,police,4,1,0.2580581251267319,0.02245053768176884,0.21405507127046494,0.3020611789829988,Moderate Institutional Trust
rho,police,5,1,0.14473674605324954,0.02170835625172525,0.10218836779986806,0.18728512430663102,Moderate Institutional Trust
rho,police,6,1,0.04356311072169577,0.011385335578187996,0.021247852988447297,0.06587836845494424,Moderate Institutional Trust
rho,police,7,1,0.016255082799648473,0.005996391623380838,0.004502155217822032,0.028008010381474914,Moderate Institutional Trust
rho,police,1,2,0.09421642322563298,0.02989511943768768,0.03562198912776513,0.15281085732350083,Very High Institutional Trust
rho,police,2,2,0.030804826652417388,0.013832519494217791,0.003693088443750516,0.05791656486108426,Very High Institutional Trust
rho,police,3,2,0.037950425821706546,0.01947543911361031,0,0.07612228648438275,Very High Institutional Trust
rho,police,4,2,0.07441235448277711,0.023943977163913815,0.027482159241506036,0.12134254972404818,Very High Institutional Trust
rho,police,5,2,0.20635402966598276,0.03730501518393622,0.13323619990546778,0.27947185942649777,Very High Institutional Trust
rho,police,6,2,0.12053063592580808,0.032059180636657386,0.0576946418779596,0.18336662997365655,Very High Institutional Trust
rho,police,7,2,0.4357313042256752,0.05457494050248856,0.3287644208407976,0.5426981876105528,Very High Institutional Trust
rho,police,1,3,0.01833005339396204,0.012623956069457334,0,0.043073007290098414,High Institutional Trust
rho,police,2,3,0.0334178636129357,0.01455449934618417,0.004891044894414727,0.061944682331456676,High Institutional Trust
rho,police,3,3,0.07615321421250942,0.023123359534180325,0.030831429525515985,0.12147499889950286,High Institutional Trust
rho,police,4,3,0.22186140879036687,0.029166958251563718,0.164694170617302,0.27902864696343177,High Institutional Trust
rho,police,5,3,0.38970729663374515,0.032957749914633655,0.32511010680106317,0.4543044864664271,High Institutional Trust
rho,police,6,3,0.20731858847416532,0.028627856836258396,0.15120798907509886,0.2634291878732318,High Institutional Trust
rho,police,7,3,0.05321157488231542,0.01851612039683211,0.016919978904524485,0.08950317086010635,High Institutional Trust
rho,police,1,4,0.75671851613755,0.042267768493118425,0.6738736898910379,0.8395633423840622,Generalized Institutional Distrust
rho,police,2,4,0.09457116872127781,0.03650421521598394,0.023022906897949294,0.16611943054460632,Generalized Institutional Distrust
rho,police,3,4,0.046934966188332046,0.01792338707709386,0.011805127517228078,0.08206480485943601,Generalized Institutional Distrust
rho,police,4,4,0.039984904770414095,0.018563044627042526,0.0036013373014107466,0.07636847223941745,Generalized Institutional Distrust
rho,police,5,4,0.0552351314295234,0.022105849172921372,0.011907667050597516,0.09856259580844928,Generalized Institutional Distrust
rho,police,6,4,6.555190915694806e-15,7.005529075119031e-16,5.182107216971476e-15,7.928274614418136e-15,Generalized Institutional Distrust
rho,police,7,4,0.0065553127528959875,0.006588854824335473,0,0.019469468208593514,Generalized Institutional Distrust
rho,police,1,5,0.35870057246085957,0.042800978134786935,0.27481065531667714,0.442590489605042,Presidential and Military Trust
rho,police,2,5,0.2983338979593826,0.026849403408324483,0.2457090672790666,0.35095872863969857,Presidential and Military Trust
rho,police,3,5,0.16158550366760446,0.029852140425157922,0.10307530843429494,0.220095698900914,Presidential and Military Trust
rho,police,4,5,0.10290732866891117,0.01999241063132873,0.06372220383150685,0.1420924535063155,Presidential and Military Trust
rho,police,5,5,0.051597989519986585,0.015140587708929489,0.021922437610484787,0.08127354142948838,Presidential and Military Trust
rho,police,6,5,0.0268747077232528,0.011590231447476406,0.0041578540861990435,0.049591561360306555,Presidential and Military Trust
rho,police,7,5,2.8894457185679867e-15,2.5328057021088933e-16,2.3930158009546435e-15,3.38587563618133e-15,Presidential and Military Trust
rho,auditor,1,1,0.0070240909411679155,0.005528862538224544,0,0.01786066151608802,Moderate Institutional Trust
rho,auditor,2,1,0.021827740474471512,0.007134643330349219,0.007843839546987044,0.03581164140195598,Moderate Institutional Trust
rho,auditor,3,1,0.134953143333489,0.030496763010084464,0.07517948783372347,0.19472679883325456,Moderate Institutional Trust
rho,auditor,4,1,0.4128426208871608,0.02521096094266782,0.36342913743953187,0.4622561043347897,Moderate Institutional Trust
rho,auditor,5,1,0.3045240300943028,0.0337047577023078,0.2384627049977795,0.3705853551908261,Moderate Institutional Trust
rho,auditor,6,1,0.0985438615412894,0.015163180300776295,0.06882402815176786,0.12826369493081094,Moderate Institutional Trust
rho,auditor,7,1,0.020284512728118525,0.007383160961584217,0.0058135172434134585,0.03475550821282359,Moderate Institutional Trust
rho,auditor,1,2,0.014041441452788137,0.012109592512834668,0,0.037776242777944086,Very High Institutional Trust
rho,auditor,2,2,0.01890697099406828,0.010703102213119878,0,0.039885051331783244,Very High Institutional Trust
rho,auditor,3,2,0.01724167710742558,0.012428265483855673,0,0.0416010774557827,Very High Institutional Trust
rho,auditor,4,2,0.0388875277143034,0.01743424094857358,0.004716415455099182,0.07305863997350762,Very High Institutional Trust
rho,auditor,5,2,0.08022127041567503,0.028232256973503473,0.024886046747608227,0.13555649408374185,Very High Institutional Trust
rho,auditor,6,2,0.20708109045048023,0.03910687562952613,0.130431614216609,0.2837305666843515,Very High Institutional Trust
rho,auditor,7,2,0.6236200218652593,0.04839533626029892,0.5287651627950735,0.7184748809354452,Very High Institutional Trust
rho,auditor,1,3,3.3513106181714562e-15,3.1977315873171523e-16,2.7245552270572943e-15,3.978066009285618e-15,High Institutional Trust
rho,auditor,2,3,3.3513106181714562e-15,3.1977315873171523e-16,2.7245552270572943e-15,3.978066009285618e-15,High Institutional Trust
rho,auditor,3,3,0.011536010931399589,0.00699242441557272,0,0.02524116278592212,High Institutional Trust
rho,auditor,4,3,0.11929448662190141,0.022782420655283884,0.07464094213754499,0.16394803110625783,High Institutional Trust
rho,auditor,5,3,0.4012423381297394,0.03958936618717593,0.3236471804028746,0.47883749585660423,High Institutional Trust
rho,auditor,6,3,0.396498081691275,0.038727560069218334,0.320592063955607,0.47240409942694295,High Institutional Trust
rho,auditor,7,3,0.07142908262567794,0.019853698976500224,0.032515832631737504,0.11034233261961839,High Institutional Trust
rho,auditor,1,4,0.6527501757676663,0.05421509085097504,0.5464885976997552,0.7590117538355773,Generalized Institutional Distrust
rho,auditor,2,4,0.16586234006185127,0.04558787240112896,0.07651011015563851,0.255214569968064,Generalized Institutional Distrust
rho,auditor,3,4,0.05999870942190997,0.024522097584746237,0.011935398155807346,0.1080620206880126,Generalized Institutional Distrust
rho,auditor,4,4,0.07318630486015007,0.02246034828161394,0.029164022228186752,0.11720858749211338,Generalized Institutional Distrust
rho,auditor,5,4,0.03875931304574471,0.019603709511224657,3.360424037443868e-4,0.07718258368774503,Generalized Institutional Distrust
rho,auditor,6,4,0.009443156842671139,0.012836062311082109,0,0.03460183897239207,Generalized Institutional Distrust
rho,auditor,7,4,6.555190915694789e-15,7.005529075119088e-16,5.182107216971448e-15,7.92827461441813e-15,Generalized Institutional Distrust
rho,auditor,1,5,0.06604785100949968,0.024330873265161004,0.01835933940978412,0.11373636260921524,Presidential and Military Trust
rho,auditor,2,5,0.24371485603191936,0.035813579432385646,0.1735202403444435,0.3139094717193952,Presidential and Military Trust
rho,auditor,3,5,0.374870469172006,0.03678783273694983,0.30276631700758433,0.4469746213364277,Presidential and Military Trust
rho,auditor,4,5,0.22104824015786098,0.028023408443629168,0.1661223596083478,0.27597412070737415,Presidential and Military Trust
rho,auditor,5,5,0.07322538220867512,0.01543117786382611,0.04298027359557595,0.1034704908217743,Presidential and Military Trust
rho,auditor,6,5,0.019012370803756375,0.0116036670773634,0,0.04175555827538864,Presidential and Military Trust
rho,auditor,7,5,0.0020808306162824843,0.002428129935042798,0,0.006839965288966368,Presidential and Military Trust
rho,political_parties,1,1,0.10494778394601316,0.020301319226247654,0.06515719826256776,0.14473836962945857,Moderate Institutional Trust
rho,political_parties,2,1,0.18802794114262683,0.023882399618142657,0.14121843789106722,0.23483744439418644,Moderate Institutional Trust
rho,political_parties,3,1,0.2795185288573834,0.025336740605627357,0.22985851727035375,0.32917854044441297,Moderate Institutional Trust
rho,political_parties,4,1,0.2949962607510207,0.031099103813847485,0.23404201727587964,0.35595050422616176,Moderate Institutional Trust
rho,political_parties,5,1,0.10330561982472321,0.015881435648225556,0.07217800595420112,0.1344332336952453,Moderate Institutional Trust
rho,political_parties,6,1,0.029203865477506058,0.009123240609118828,0.011322313883633157,0.04708541707137896,Moderate Institutional Trust
rho,political_parties,7,1,7.266296396271045e-13,0.0056905511348552765,0,0.01115348022504297,Moderate Institutional Trust
rho,political_parties,1,2,0.08912300033670917,0.030793427379489837,0.02876788267290909,0.14947811800050925,Very High Institutional Trust
rho,political_parties,2,2,0.03216239259067458,0.01415884950790658,0.004411047555177679,0.05991373762617147,Very High Institutional Trust
rho,political_parties,3,2,0.05700228331741255,0.01992418661186578,0.017950877558155623,0.09605368907666947,Very High Institutional Trust
rho,political_parties,4,2,0.09760343729504017,0.027470585083327833,0.043761090531717624,0.15144578405836273,Very High Institutional Trust
rho,political_parties,5,2,0.1850697593591998,0.034005708423012565,0.11841857085009519,0.25172094786830446,Very High Institutional Trust
rho,political_parties,6,2,0.22182429580523186,0.03323648148527022,0.15668079209410224,0.2869677995163615,Very High Institutional Trust
rho,political_parties,7,2,0.3172148312957318,0.04670496731483051,0.225673095358664,0.40875656723279963,Very High Institutional Trust
rho,political_parties,1,3,0.02520788891727768,0.010521350581622237,0.004586041777298093,0.045829736057257264,High Institutional Trust
rho,political_parties,2,3,0.022587042732484387,0.01286394521880176,0,0.047800375361335835,High Institutional Trust
rho,political_parties,3,3,0.08037474607516065,0.019201605064985718,0.042739600147788645,0.11800989200253266,High Institutional Trust
rho,political_parties,4,3,0.29576497550589914,0.02928852569818728,0.23835946513745207,0.3531704858743462,High Institutional Trust
rho,political_parties,5,3,0.3770112213735711,0.031755325984242896,0.31477078244445506,0.4392516603026872,High Institutional Trust
rho,political_parties,6,3,0.15707000815899388,0.025004843531947468,0.10806051483637685,0.20607950148161092,High Institutional Trust
rho,political_parties,7,3,0.04198411723661318,0.015649584404341034,0.011310931804104755,0.07265730266912161,High Institutional Trust
rho,political_parties,1,4,0.8530630602487669,0.03868380110960755,0.7772428100739361,0.9288833104235976,Generalized Institutional Distrust
rho,political_parties,2,4,0.09378127459035271,0.03558168677699969,0.02404116850743332,0.1635213806732721,Generalized Institutional Distrust
rho,political_parties,3,4,0.014244702008945034,0.011853390110386745,0,0.037477346625303054,Generalized Institutional Distrust
rho,political_parties,4,4,0.006648337482536942,0.006678945233693974,0,0.01973907014057713,Generalized Institutional Distrust
rho,political_parties,5,4,0.019432370629997104,0.011607423547876944,0,0.04218292078383591,Generalized Institutional Distrust
rho,political_parties,6,4,0.012830255039394913,0.009697941057677762,0,0.031838219512443325,Generalized Institutional Distrust
rho,political_parties,7,4,6.555190915694785e-15,7.005529075119139e-16,5.182107216971434e-15,7.928274614418136e-15,Generalized Institutional Distrust
rho,political_parties,1,5,0.41444779630191225,0.03925397368270757,0.3375100078838054,0.4913855847200191,Presidential and Military Trust
rho,political_parties,2,5,0.2767246667514375,0.02536854012963692,0.2270023280973491,0.32644700540552585,Presidential and Military Trust
rho,political_parties,3,5,0.2091066677485439,0.030055766360026468,0.15019736568289202,0.2680159698141958,Presidential and Military Trust
rho,political_parties,4,5,0.0677799221780106,0.013722886998969763,0.04088306366002986,0.09467678069599134,Presidential and Military Trust
rho,political_parties,5,5,0.023469072927243605,0.011599008332660858,7.35016595228323e-4,0.04620312925925889,Presidential and Military Trust
rho,political_parties,6,5,2.889445718567985e-15,2.5328057021088997e-16,2.3930158009546408e-15,3.3858756361813296e-15,Presidential and Military Trust
rho,political_parties,7,5,0.008471874092849267,0.007522140449513659,0,0.02321526937389604,Presidential and Military Trust
rho,president,1,1,0.04290619009880016,0.013397129225301157,0.016647816817209893,0.06916456338039043,Moderate Institutional Trust
rho,president,2,1,0.05608538388380142,0.011336983825208986,0.0338648955863918,0.07830587218121103,Moderate Institutional Trust
rho,president,3,1,0.07151161375986169,0.01486108469589576,0.042383887755906,0.10063933976381738,Moderate Institutional Trust
rho,president,4,1,0.17066499333531127,0.020624194560326936,0.13024157199707048,0.21108841467355205,Moderate Institutional Trust
rho,president,5,1,0.1915316263934603,0.02221879252496679,0.14798279304452538,0.23508045974239522,Moderate Institutional Trust
rho,president,6,1,0.2114387917494547,0.02190885626865374,0.16849743346289336,0.25438015003601605,Moderate Institutional Trust
rho,president,7,1,0.2558614007793105,0.029701849458822576,0.19764577584001827,0.31407702571860274,Moderate Institutional Trust
rho,president,1,2,0.03220505904121081,0.023768952621509874,0,0.07879220617937016,Very High Institutional Trust
rho,president,2,2,0.006208112205791425,0.0062348458463959405,0,0.01842841006472747,Very High Institutional Trust
rho,president,3,2,0.02568625392689443,0.012480649299124076,0.0012241813006112386,0.05014832655317762,Very High Institutional Trust
rho,president,4,2,0.013433329047333012,0.009705046350516706,0,0.03245521989434576,Very High Institutional Trust
rho,president,5,2,0.05077629968343585,0.01945025248350915,0.01265380481575791,0.08889879455111378,Very High Institutional Trust
rho,president,6,2,0.05643110261983526,0.01940251856790925,0.01840216622673313,0.0944600390129374,Very High Institutional Trust
rho,president,7,2,0.8152598434754993,0.03877344273308281,0.739263895718657,0.8912557912323416,Very High Institutional Trust
rho,president,1,3,0.009840185282282239,0.005831255022213648,0,0.02126944512582099,High Institutional Trust
rho,president,2,3,0.00702611848561398,0.005115052089667299,0,0.017051620581361886,High Institutional Trust
rho,president,3,3,0.02053203497042238,0.008817810634259411,0.0032491261272739325,0.037814943813570825,High Institutional Trust
rho,president,4,3,0.0288999054889684,0.011223528714436116,0.0069017892086736116,0.05089802176926319,High Institutional Trust
rho,president,5,3,0.22906171066343106,0.028123496694647254,0.17393965714192244,0.2841837641849397,High Institutional Trust
rho,president,6,3,0.301333151252563,0.032605911413879134,0.2374255648813599,0.3652407376237661,High Institutional Trust
rho,president,7,3,0.40330689385671903,0.03934890230294869,0.3261830453429396,0.48043074237049843,High Institutional Trust
rho,president,1,4,0.511636548497668,0.05423211137969996,0.40534161019345616,0.6179314868018799,Generalized Institutional Distrust
rho,president,2,4,0.04420323182836413,0.020422934799751432,0.004174279620851325,0.08423218403587693,Generalized Institutional Distrust
rho,president,3,4,0.02222305542782597,0.013678353482726712,0,0.049032628253970326,Generalized Institutional Distrust
rho,president,4,4,0.09015361864796201,0.024959180294832205,0.04123362527009089,0.13907361202583313,Generalized Institutional Distrust
rho,president,5,4,0.10931551805166477,0.03180647397269571,0.046974829065181176,0.17165620703814838,Generalized Institutional Distrust
rho,president,6,4,0.04728941336390665,0.02221248095673976,0.0037529506886967226,0.09082587603911657,Generalized Institutional Distrust
rho,president,7,4,0.1751786141826084,0.03057821125132089,0.11524532013001948,0.23511190823519734,Generalized Institutional Distrust
rho,president,1,5,0.09696910310818463,0.02382604899853171,0.050270047071062474,0.14366815914530678,Presidential and Military Trust
rho,president,2,5,0.09421471309141702,0.019265733168200745,0.056453876081743556,0.13197555010109047,Presidential and Military Trust
rho,president,3,5,0.09685313062384919,0.02014754574879561,0.057363940956209794,0.13634232029148857,Presidential and Military Trust
rho,president,4,5,0.13478817666982518,0.023823260702496553,0.08809458569293194,0.18148176764671842,Presidential and Military Trust
rho,president,5,5,0.22585580368005478,0.02698986332434547,0.17295567156433767,0.2787559357957719,Presidential and Military Trust
rho,president,6,5,0.1379216051533273,0.022892370105760264,0.09305255974603718,0.1827906505606174,Presidential and Military Trust
rho,president,7,5,0.21339746767334195,0.030759569883484186,0.15310871070171295,0.27368622464497094,Presidential and Military Trust
rho,supreme_court,1,1,0.004813169425198989,0.005744089063260044,0,0.016071583989188676,Moderate Institutional Trust
rho,supreme_court,2,1,0.037329516079783256,0.010071427163173429,0.017589518839963337,0.05706951331960318,Moderate Institutional Trust
rho,supreme_court,3,1,0.11320735313428786,0.01866549648051922,0.07662298003247019,0.14979172623610554,Moderate Institutional Trust
rho,supreme_court,4,1,0.31124144559242684,0.031116705290798397,0.25025270322246196,0.3722301879623917,Moderate Institutional Trust
rho,supreme_court,5,1,0.366151634070266,0.03503547236843015,0.2974821082281429,0.4348211599123891,Moderate Institutional Trust
rho,supreme_court,6,1,0.1282469471375475,0.018007607410615616,0.0929520366127409,0.1635418576623541,Moderate Institutional Trust
rho,supreme_court,7,1,0.039009934560489484,0.011557234817802978,0.01635775431759565,0.06166211480338332,Moderate Institutional Trust
rho,supreme_court,1,2,0.05086139509271156,0.017535548296710664,0.01649172043115866,0.08523106975426445,Very High Institutional Trust
rho,supreme_court,2,2,6.2764702984198406e-15,5.833842949986097e-16,5.133037080222566e-15,7.419903516617115e-15,Very High Institutional Trust
rho,supreme_court,3,2,0.0076694516983626965,0.008294428995641288,0,0.02392653252981962,Very High Institutional Trust
rho,supreme_court,4,2,0.03442145812263896,0.01791909430603085,0,0.06954288296245942,Very High Institutional Trust
rho,supreme_court,5,2,0.0823946484164136,0.021797007378989822,0.03967251395359355,0.12511678287923364,Very High Institutional Trust
rho,supreme_court,6,2,0.11851830529893638,0.031368077697461055,0.057036873011912716,0.17999973758596005,Very High Institutional Trust
rho,supreme_court,7,2,0.7061347413709306,0.0425059397745763,0.622823099412761,0.7894463833291001,Very High Institutional Trust
rho,supreme_court,1,3,0.0032981420076080045,0.003317432996038309,0,0.00980031067984309,High Institutional Trust
rho,supreme_court,2,3,0.006597914189125425,0.0051079452460079874,0,0.01660948687130108,High Institutional Trust
rho,supreme_court,3,3,0.006032665707606013,0.008323683534400333,0,0.022347085435030667,High Institutional Trust
rho,supreme_court,4,3,0.05876453783700282,0.01634000918718448,0.02673811983012124,0.0907909558438844,High Institutional Trust
rho,supreme_court,5,3,0.3241577590025273,0.04002694456873698,0.24570494764780282,0.4026105703572518,High Institutional Trust
rho,supreme_court,6,3,0.47988088328470097,0.03880030218247937,0.40383229100704143,0.5559294755623605,High Institutional Trust
rho,supreme_court,7,3,0.12126809797142948,0.024973407527781696,0.07232021921697736,0.17021597672588162,High Institutional Trust
rho,supreme_court,1,4,0.6081421068935793,0.049716132146757526,0.5106984878859345,0.705585725901224,Generalized Institutional Distrust
rho,supreme_court,2,4,0.19858867738509633,0.0466141158459974,0.10722501032694143,0.28995234444325124,Generalized Institutional Distrust
rho,supreme_court,3,4,0.10625720884907931,0.02972945471369958,0.04798747761022813,0.1645269400879305,Generalized Institutional Distrust
rho,supreme_court,4,4,6.555190915694806e-15,6.994512162280203e-16,5.184266531887887e-15,7.926115299501727e-15,Generalized Institutional Distrust
rho,supreme_court,5,4,0.05127982252331146,0.018407769726166034,0.015200593860026035,0.08735905118659688,Generalized Institutional Distrust
rho,supreme_court,6,4,0.010607770676125037,0.015195068679703019,0,0.040390105288342956,Generalized Institutional Distrust
rho,supreme_court,7,4,0.02512441367280191,0.015206955391808453,0,0.054930046240746475,Generalized Institutional Distrust
rho,supreme_court,1,5,0.12673115589634848,0.024460411033291315,0.0787887502710975,0.17467356152159946,Presidential and Military Trust
rho,supreme_court,2,5,0.18508457864110836,0.03121962571512693,0.12389411223945958,0.24627504504275716,Presidential and Military Trust
rho,supreme_court,3,5,0.31537758557009393,0.029323897720620367,0.25790274603767804,0.3728524251025098,Presidential and Military Trust
rho,supreme_court,4,5,0.23278159409998053,0.03882561532520742,0.15668338806257398,0.3088798001373871,Presidential and Military Trust
rho,supreme_court,5,5,0.09505619355717537,0.01987095247792333,0.05610912670044565,0.1340032604139051,Presidential and Military Trust
rho,supreme_court,6,5,0.04496889223529051,0.022298928908869427,0.0012629915739064343,0.0886747928966746,Presidential and Military Trust
rho,supreme_court,7,5,2.8894457185679856e-15,2.5328057021088874e-16,2.3930158009546435e-15,3.3858756361813276e-15,Presidential and Military Trust
rho,municipality,1,1,0.013350580035789062,0.006389537613222293,8.270863138733677e-4,0.025874073757704757,Moderate Institutional Trust
rho,municipality,2,1,0.042538705881928936,0.011115036758293945,0.020753233835672805,0.06432417792818507,Moderate Institutional Trust
rho,municipality,3,1,0.14177084486869831,0.021333309549455497,0.09995755815176555,0.18358413158563108,Moderate Institutional Trust
rho,municipality,4,1,0.3688267925435907,0.02878532504018192,0.3124075554648341,0.42524602962234725,Moderate Institutional Trust
rho,municipality,5,1,0.3352130592812399,0.0346361287883001,0.2673262468561717,0.4030998717063081,Moderate Institutional Trust
rho,municipality,6,1,0.07699891165135608,0.013806047690469826,0.04993905817803523,0.10405876512467693,Moderate Institutional Trust
rho,municipality,7,1,0.021301105737397023,0.007154823848865904,0.007277650993619851,0.035324560481174196,Moderate Institutional Trust
rho,municipality,1,2,0.03202475505889503,0.01752133111964843,0,0.06636656405340596,Very High Institutional Trust
rho,municipality,2,2,6.276470298419839e-15,5.833842949986114e-16,5.1330370802225606e-15,7.419903516617118e-15,Very High Institutional Trust
rho,municipality,3,2,0.04278574759405645,0.018719053407073666,0.006096402916192067,0.07947509227192083,Very High Institutional Trust
rho,municipality,4,2,0.04467196992337622,0.0176183386077171,0.01014002625225071,0.07920391359450174,Very High Institutional Trust
rho,municipality,5,2,0.10260332060853723,0.0269188466086182,0.04984238125564556,0.1553642599614289,Very High Institutional Trust
rho,municipality,6,2,0.23911508427592318,0.03903422130794375,0.16260801051235343,0.3156221580394929,Very High Institutional Trust
rho,municipality,7,2,0.5387991225392056,0.04870563129987897,0.4433360851914428,0.6342621598869683,Very High Institutional Trust
rho,municipality,1,3,3.351310618171455e-15,3.197731587317095e-16,2.7245552270573046e-15,3.9780660092856055e-15,High Institutional Trust
rho,municipality,2,3,3.351310618171455e-15,3.197731587317095e-16,2.7245552270573046e-15,3.9780660092856055e-15,High Institutional Trust
rho,municipality,3,3,3.464479412328213e-12,4.298247545407336e-14,3.380233760438229e-12,3.5487250642181967e-12,High Institutional Trust
rho,municipality,4,3,0.0966843982285369,0.024123818490147587,0.04940171398784763,0.14396708246922618,High Institutional Trust
rho,municipality,5,3,0.40717057857853084,0.03546196894669082,0.3376651194430168,0.4766760377140449,High Institutional Trust
rho,municipality,6,3,0.3152813741036317,0.035153798838919816,0.24637992837934888,0.3841828198279146,High Institutional Trust
rho,municipality,7,3,0.18086364908582941,0.029518335880519005,0.12300771076001216,0.23871958741164667,High Institutional Trust
rho,municipality,1,4,0.518158654624479,0.0528070464465446,0.41465684358925153,0.6216604656597063,Generalized Institutional Distrust
rho,municipality,2,4,0.17141049836803035,0.03894474726284338,0.09507879373285733,0.24774220300320338,Generalized Institutional Distrust
rho,municipality,3,4,0.15344367974639805,0.034357700218121616,0.0861025873188797,0.2207847721739164,Generalized Institutional Distrust
rho,municipality,4,4,0.014640065037004072,0.01045150894267886,0,0.03512502256465464,Generalized Institutional Distrust
rho,municipality,5,4,0.07531454386912453,0.0246583315954638,0.026984213942015493,0.12364487379623357,Generalized Institutional Distrust
rho,municipality,6,4,0.008741978644631965,0.009771139261710166,0,0.027893411597583892,Generalized Institutional Distrust
rho,municipality,7,4,0.05829057971033219,0.022421615659006175,0.014344213018680087,0.1022369464019843,Generalized Institutional Distrust
rho,municipality,1,5,0.10554755654013204,0.02464655610166211,0.057240306580874305,0.15385480649938976,Presidential and Military Trust
rho,municipality,2,5,0.19851327382615708,0.029701685336214628,0.1402979705671764,0.25672857708513774,Presidential and Military Trust
rho,municipality,3,5,0.28497442734588824,0.027215749310954666,0.2316315586964171,0.33831729599535937,Presidential and Military Trust
rho,municipality,4,5,0.22857303871084572,0.03200608433634443,0.16584111341161065,0.29130496401008077,Presidential and Military Trust
rho,municipality,5,5,0.13550095092784306,0.022514529818627338,0.09137247248333348,0.17962942937235266,Presidential and Military Trust
rho,municipality,6,5,0.03762657043429161,0.014644876100179328,0.008922613277940125,0.06633052759064309,Presidential and Military Trust
rho,municipality,7,5,0.009264182214842329,0.005925977861463337,0,0.020879098823310467,Presidential and Military Trust
rho,media,1,1,0.05076833457674244,0.012701211583397026,0.025873959873284266,0.07566270928020061,Moderate Institutional Trust
rho,media,2,1,0.10226665984752979,0.01751681568750363,0.06793370110002268,0.1365996185950369,Moderate Institutional Trust
rho,media,3,1,0.210518059086873,0.020146798006505127,0.17103033499412296,0.250005783179623,Moderate Institutional Trust
rho,media,4,1,0.27436707166474894,0.024236675714445516,0.22686318726443572,0.32187095606506216,Moderate Institutional Trust
rho,media,5,1,0.2461069187322557,0.022132116775171802,0.20272796985291897,0.28948586761159245,Moderate Institutional Trust
rho,media,6,1,0.07974545799128432,0.016330383739312667,0.0477379058622315,0.11175301012033714,Moderate Institutional Trust
rho,media,7,1,0.03622749810056577,0.009351660128206117,0.01789824424928178,0.05455675195184975,Moderate Institutional Trust
rho,media,1,2,0.11994512847657102,0.02973690761685928,0.06166078954752683,0.1782294674056152,Very High Institutional Trust
rho,media,2,2,0.029563454519708494,0.014347155326587282,0.0014430300795974238,0.057683878959819565,Very High Institutional Trust
rho,media,3,2,0.05825896078631749,0.025022912454796896,0.009214052374915571,0.1073038691977194,Very High Institutional Trust
rho,media,4,2,0.10200504713338326,0.025761029541426093,0.05151342923218812,0.1524966650345784,Very High Institutional Trust
rho,media,5,2,0.09196157029050102,0.02746881041998523,0.03812270186732997,0.14580043871367207,Very High Institutional Trust
rho,media,6,2,0.11901287522880172,0.032048716763038464,0.056197390373246336,0.1818283600843571,Very High Institutional Trust
rho,media,7,2,0.47925296356471697,0.05218788008285788,0.3769647186023155,0.5815412085271184,Very High Institutional Trust
rho,media,1,3,0.015933906535749547,0.007643358158246869,9.529245455856834e-4,0.03091488852591341,High Institutional Trust
rho,media,2,3,0.03485855442162772,0.014794316711832378,0.005861693666436258,0.06385541517681918,High Institutional Trust
rho,media,3,3,0.03438388809580146,0.013830918168038725,0.007275288486445559,0.06149248770515736,High Institutional Trust
rho,media,4,3,0.19952460509071604,0.024627752577749323,0.15125421003832737,0.2477950001431047,High Institutional Trust
rho,media,5,3,0.2779197389707059,0.029425363347809486,0.2202460268089993,0.33559345113241246,High Institutional Trust
rho,media,6,3,0.29973891622510584,0.03361706331591516,0.23384947212591212,0.3656283603242996,High Institutional Trust
rho,media,7,3,0.13764039066029357,0.024701961688807315,0.08922454575023123,0.18605623557035592,High Institutional Trust
rho,media,1,4,0.47172519395878654,0.046704348550451635,0.3801846707999013,0.5632657171176717,Generalized Institutional Distrust
rho,media,2,4,0.1390544625857549,0.03344603033613353,0.07350024312693318,0.20460868204457663,Generalized Institutional Distrust
rho,media,3,4,0.1039420041006108,0.033668623088664654,0.03795150284682808,0.16993250535439353,Generalized Institutional Distrust
rho,media,4,4,0.1142651429099851,0.03399388538241579,0.04763712756045016,0.18089315825952004,Generalized Institutional Distrust
rho,media,5,4,0.06110316799340858,0.019188425217066363,0.023493854567958508,0.09871248141885865,Generalized Institutional Distrust
rho,media,6,4,0.02631053328027432,0.013017673779451417,7.958926725495433e-4,0.0518251738879991,Generalized Institutional Distrust
rho,media,7,4,0.08359949517117986,0.02672729472667771,0.03121399750689155,0.13598499283546817,Generalized Institutional Distrust
rho,media,1,5,0.1650650229133751,0.030207699146363003,0.10585793258650361,0.2242721132402466,Presidential and Military Trust
rho,media,2,5,0.2665145230304819,0.027486536616904356,0.21264091126134937,0.3203881347996144,Presidential and Military Trust
rho,media,3,5,0.2568444294234707,0.027021882360249227,0.2038815399973822,0.30980731884955914,Presidential and Military Trust
rho,media,4,5,0.15842138491669328,0.03090004366046653,0.09785729934217888,0.21898547049120767,Presidential and Military Trust
rho,media,5,5,0.12000046409667874,0.02409515588132953,0.07277395856927285,0.16722696962408462,Presidential and Military Trust
rho,media,6,5,0.025467918575359502,0.009205105705576018,0.0074259113924305085,0.04350992575828849,Presidential and Military Trust
rho,media,7,5,0.007686257043940802,0.008673014642028708,0,0.024685365742317066,Presidential and Military Trust
rho,elections,1,1,0.022460989745909713,0.009488669306291208,0.0038631979055789474,0.041058781586240475,Moderate Institutional Trust
rho,elections,2,1,0.0505595005604646,0.013401153824423842,0.02429323906459387,0.07682576205633533,Moderate Institutional Trust
rho,elections,3,1,0.21364469918619516,0.028821050238492928,0.15715544071874904,0.2701339576536413,Moderate Institutional Trust
rho,elections,4,1,0.30411675421516837,0.026085697543253007,0.25298878703039246,0.3552447213999443,Moderate Institutional Trust
rho,elections,5,1,0.262955417867134,0.027055852968900812,0.2099259460480884,0.3159848896861796,Moderate Institutional Trust
rho,elections,6,1,0.1253577743434995,0.01866408432655409,0.0887761690634535,0.16193937962354554,Moderate Institutional Trust
rho,elections,7,1,0.020904864081628644,0.00890414838623127,0.0034527332446153552,0.03835699491864193,Moderate Institutional Trust
rho,elections,1,2,0.03942285666730046,0.02406512650399287,0,0.08659050461512649,Very High Institutional Trust
rho,elections,2,2,6.2764702984198374e-15,5.833842949986123e-16,5.1330370802225574e-15,7.419903516617118e-15,Very High Institutional Trust
rho,elections,3,2,0.014352743492596657,0.014209720312127997,0,0.042203795304367533,Very High Institutional Trust
rho,elections,4,2,0.04236142710847662,0.02076049362540382,0.0016708596026851277,0.0830519946142681,Very High Institutional Trust
rho,elections,5,2,0.0845126844695192,0.02842905444808691,0.028791737751268864,0.14023363118776955,Very High Institutional Trust
rho,elections,6,2,0.22715534701199244,0.037223434405487636,0.15419741557723668,0.3001132784467482,Very High Institutional Trust
rho,elections,7,2,0.5921949412501083,0.051232103934773905,0.4917800175379514,0.6926098649622652,Very High Institutional Trust
rho,elections,1,3,0.0030820224028613565,0.003144123281753256,0,0.009244504035097738,High Institutional Trust
rho,elections,2,3,0.0014567441012160243,0.0028304925936640684,0,0.007004509584797598,High Institutional Trust
rho,elections,3,3,0.009169810067021627,0.01183528030814511,0,0.03236695947098604,High Institutional Trust
rho,elections,4,3,0.11809162821418731,0.02529156656769632,0.06852015774150252,0.1676630986868721,High Institutional Trust
rho,elections,5,3,0.42159638704015906,0.03267502311792724,0.35755334172902165,0.4856394323512965,High Institutional Trust
rho,elections,6,3,0.38996781163678407,0.03369430670733157,0.3239269704904142,0.45600865278315394,High Institutional Trust
rho,elections,7,3,0.056635596537770595,0.01654061872638223,0.024215983834061428,0.08905520924147976,High Institutional Trust
rho,elections,1,4,0.6444163590426523,0.04912399915835895,0.5481333206922687,0.7406993973930358,Generalized Institutional Distrust
rho,elections,2,4,0.1523809030329536,0.035218386651340416,0.08335286519632638,0.2214089408695808,Generalized Institutional Distrust
rho,elections,3,4,0.08395042296419311,0.02510799394885099,0.034738754824445175,0.13316209110394106,Generalized Institutional Distrust
rho,elections,4,4,0.05072904488918489,0.024454579582893463,0.002798068906713705,0.09866002087165608,Generalized Institutional Distrust
rho,elections,5,4,0.043466425844116204,0.021860456846668506,6.199304246459342e-4,0.08631292126358647,Generalized Institutional Distrust
rho,elections,6,4,0.006354480306043941,0.006475960061186462,0,0.019047362025969405,Generalized Institutional Distrust
rho,elections,7,4,0.018702363920856092,0.011819293097289529,0,0.04186817839154357,Generalized Institutional Distrust
rho,elections,1,5,0.10937843598940243,0.027410427533019126,0.055653998024684945,0.16310287395411993,Presidential and Military Trust
rho,elections,2,5,0.2408993747203705,0.031636854491133584,0.1788911399177487,0.30290760952299234,Presidential and Military Trust
rho,elections,3,5,0.274434874295378,0.0354036629429241,0.20504369492724675,0.34382605366350927,Presidential and Military Trust
rho,elections,4,5,0.24049101658512967,0.025082259480016883,0.19132978800429656,0.2896522451659628,Presidential and Military Trust
rho,elections,5,5,0.09117908469756614,0.019004765298879307,0.0539297447117627,0.12842842468336957,Presidential and Military Trust
rho,elections,6,5,0.0320758806995805,0.013897367121236645,0.004837041141956676,0.05931472025720432,Presidential and Military Trust
rho,elections,7,5,0.011541333012572732,0.009415807164402505,0,0.02999631505480164,Presidential and Military Trust
