K,heldout,dispersion,coherence,exclusivity
10,-4.4331183622326495,1.6848558502661337,-54.39615443971432,9.46208406395081
13,-4.270311811155062,1.676322599548193,-34.93380967509892,9.602696710881414
16,-4.160829565614577,1.726634653145184,-41.275037163401635,9.691815573109839
19,-3.9444231182185963,1.6854253328545865,-33.2065585939107,9.78680492564447
22,-3.819577426261207,1.7687995020562073,-18.078227014367982,9.82235832620388
25,-3.718544147899466,1.9288294873571439,-18.12359178638668,9.845008706753262
28,-3.7273987289462007,2.0628821554629786,-19.91992788935955,9.848413631080057
31,-3.7465755224287274,2.340016341319009,-19.732976892004256,9.854167146379876
34,-3.766542514195904,2.710425249530868,-19.613450219801347,9.8568886180284
37,-3.791894172556007,3.242517989954586,-19.464780871261713,9.859637643884371
40,-3.8118301789808293,3.9847679585371036,-19.36342603200185,9.861858529284138
