atom_id,true_topics
A00001,"22,18,25,19"
A00002,"11,24,22,25,1,14,8,9,18,10,8,25"
A00003,"12,11,17,17,7,21"
A00004,"6,23,9,25,9"
A00005,"14,16,11,10,25,23"
A00006,"9,8,1,3,23"
A00007,"16,21,17,23,14,23"
A00008,"21,23,4,4,25,7,17"
A00009,"17,13,15,3,19,12,8"
A00010,"3,13,24,21,9,21"
A00011,"14,2,1,23,3,3,14,20,11,16,25,11"
A00012,"24,1,2,1"
A00013,"6,6,3,12,25,11,12,8,9,11"
A00014,"25,23,21,2,2"
A00015,"18,18,23,23,22,8,19,19,4"
A00016,"19,11,8,7,1,7,3"
A00017,"13,6,2,2,4,20"
A00018,"6,6,7,7,8"
A00019,"14,2,1,17,11,3,4,2,20,20,2"
A00020,"1,3,22,14,21"
A00021,"21,2,21,16,15,16,25,4"
A00022,"2,13,22,23,7,5"
A00023,"7,13,1,1,3"
A00024,"23,15,12,24,23,5,23,25,10"
A00025,"2,11,16,4,2,14,9,24,2"
A00026,"1,15,11,12,10,22,4"
A00027,"24,23,3,23,7,16,19"
A00028,"20,19,3,22,7,20,15,4,11,23"
A00029,"25,20,16,6"
A00030,"9,3,7,6,3,2,9,4"
A00031,"7,25,18,22,3,5"
A00032,"25,22,20,19,14,22,10"
A00033,"25,6,21,11,8"
A00034,"9,24,17,19,14,3"
A00035,"10,8,25,5,11,2,5,8,9,18,1,22"
A00036,"6,17,10,4,18,1,19,7,23"
A00037,"13,7,4,5,1,6,1"
A00038,"21,9,20,12,4,14"
A00039,"12,4,19,3,18,11,19,24,13,20"
A00040,"23,25,10,7,18,1,4,2,4,23"
A00041,"1,11,12,10,9,7,3,2,8,13,6,2"
A00042,"12,24,21,24,18,21,22,18,19"
A00043,"10,6,2,12,7,1"
A00044,"8,1,25,4,11,10,7,4,10,17,3"
A00045,"1,18,4,23,12,16,2,13,7,9,1,20"
A00046,"6,21,1,16,13,13,13,21,7"
A00047,"9,19,22,15,16,14,20,23,9,18,25,12"
A00048,"5,2,21,10,4,20,7,13,14"
A00049,"22,22,11,23,20,1,15,1,15,22"
A00050,"15,9,8,7,17,5"
A00051,"1,3,5,3,2,14"
A00052,"2,9,2,6,22,9,3,1,14"
A00053,"18,15,20,11,24,15,5,5,17,15"
A00054,"10,23,8,12,12,14,14,11,1,11,16"
A00055,"16,5,22,23,14,15,8,25,6,3,8,22"
A00056,"23,17,4,10,17,4,21,1,4,12,3"
A00057,"24,5,5,23,24,12,25,21,22,12,10"
A00058,"4,2,6,9,20,6"
A00059,"12,21,23,25,6,10,21,23"
A00060,"23,18,17,22,15,21,24,16"
A00061,"9,18,20,7,18,9,4,20,7,22,17,15"
A00062,"2,1,20,12,7,15,23"
A00063,"5,10,3,12"
A00064,"2,20,14,22,12,13"
A00065,"4,16,10,1,10,3,12,3,4,9"
A00066,"4,16,23,18,12,12,2,2,6,19"
A00067,"8,18,18,14,11,5,15"
A00068,"13,5,13,11"
A00069,"8,6,3,4,1,12,21,19,21,18,11"
A00070,"12,19,15,23"
A00071,"22,18,20,16"
A00072,"22,23,19,22"
A00073,"9,9,13,19,20,25"
A00074,"12,25,22,11"
A00075,"10,2,2,16,10,10,21,12,22,19"
A00076,"20,19,7,1,24"
A00077,"7,16,8,11"
A00078,"25,8,20,5,7,11"
A00079,"13,2,20,14,4,1,15,1,8,1"
A00080,"20,21,22,16,23,25,21,23,20,25"
A00081,"23,20,19,5,17,24,23,12,22"
A00082,"25,10,9,24,12,18,25,8,7,13,15,11"
A00083,"9,13,20,21,23,1,23"
A00084,"2,4,24,23,25,12,14,7,9"
A00085,"17,21,16,16,6"
A00086,"14,3,10,8,2"
A00087,"8,6,15,7,21,1,7,2,4,12,7,14"
A00088,"24,22,22,5,4,3,16,20,19,18,15,24"
A00089,"21,9,23,20,13,5,20,23,10,8"
A00090,"24,13,6,20,25,20"
A00091,"2,3,23,13,9,7,9,6"
A00092,"17,17,11,25"
A00093,"20,21,18,11,4"
A00094,"10,2,2,14,7,20,12,7,5,17,13,19"
A00095,"20,11,7,24,20,14,10,15,25,23"
A00096,"6,4,25,13,7,9,3,11,17,6"
A00097,"19,10,25,15"
A00098,"21,23,11,15,11,14,8,5,10,5,24,2"
A00099,"11,12,23,2,9,7,8,13"
A00100,"1,7,1,3,1,1,8,4,20"
A00101,"1,13,16,9,2,9,5,8,3"
A00102,"10,11,5,9,16,6,10,5,2"
A00103,"6,21,9,4,11,18,16"
A00104,"19,24,25,25,9,8,23,24,19"
A00105,"2,10,17,25,22"
A00106,"13,13,9,15"
A00107,"16,20,8,2,12,22,24,25,21,23,21,6"
A00108,"15,2,10,7,18,25"
A00109,"6,20,20,9"
A00110,"12,10,16,16,10"
A00111,"10,4,14,24,25,16,7,9,20,22,15,15"
A00112,"6,3,11,7"
A00113,"19,17,14,24,17,25"
A00114,"5,20,1,10,2,6"
A00115,"10,2,1,4,11,24,14,1,23,15,5"
A00116,"22,7,2,6,20"
A00117,"22,7,8,20,24,7,13,21,20,23,24,6"
A00118,"1,18,10,25,22,9"
A00119,"17,15,14,19,25,13,20,25,12,16"
A00120,"9,19,9,3"
A00121,"24,25,25,22,24,22"
A00122,"8,5,7,22,21"
A00123,"18,20,22,6,16,3,19"
A00124,"2,19,19,25,19,23,23"
A00125,"1,25,22,13,7,21,3,16"
A00126,"10,19,18,17,25,24,14,3"
A00127,"1,15,8,9,19,4,8,12,1,12,7"
A00128,"17,11,25,20,17,19,20,15,21,12"
A00129,"14,10,12,23,22,25,18,7,21,12"
A00130,"5,10,14,7,6,21,3,9,20,8"
A00131,"1,22,15,25,3,16,9"
A00132,"3,25,7,22,22,21,5,9,19,9"
A00133,"19,18,15,4,14,22,10,1,22"
A00134,"3,19,13,23,19,12,2,14,16,14,11,22"
A00135,"2,14,19,4,6,18,5,21,20"
A00136,"4,12,19,23,24,4"
A00137,"7,21,16,9"
A00138,"19,16,12,21,24,19,19,13,25"
A00139,"8,18,1,25,1,16,1,21,3,9"
A00140,"2,12,3,13,16,4,18,9,21,25,14"
A00141,"24,19,18,5,4"
A00142,"22,20,8,7,6,15,6,11,25,21"
A00143,"3,6,2,19,13,4,20,4,3,1,16"
A00144,"14,8,12,22,22,24,12,13,8,12,15"
A00145,"11,1,3,1,5"
A00146,"12,12,8,5"
A00147,"23,15,9,6,16,16,13,9,18,22,6"
A00148,"5,20,6,24,24,21,18,18"
A00149,"24,24,16,24,17,20,15,22,25,9,23"
A00150,"2,20,20,17,1,1,9"
A00151,"4,23,4,13,5,4,22,12,7,7,7"
A00152,"6,7,12,8,9"
A00153,"7,13,13,13,7,6,24,20,23"
A00154,"13,6,23,16,11,7"
A00155,"12,6,6,13,20,19,16,2,18,7,17,20"
A00156,"4,14,22,21,19,13,13,3,19"
A00157,"2,4,15,13,5"
A00158,"2,25,24,25,21"
A00159,"20,3,9,22,13,23,19,12,7"
A00160,"1,19,20,3,5,25,5,6,3"
A00161,"14,7,7,10,14,17,19"
A00162,"18,23,24,20,24,3,4,17,12,15"
A00163,"24,24,3,24,8,10,24,19"
A00164,"21,14,25,9,19,5,6,25,15,17,13"
A00165,"25,13,18,20,6"
A00166,"5,2,20,22,5"
A00167,"21,10,24,4,7"
A00168,"10,7,1,9,15,21,14"
A00169,"5,4,6,9,9,4,14,18,16"
A00170,"1,23,24,20,3,2,7,19,3,19,5"
A00171,"13,7,10,19,18,23,3,25,16"
A00172,"14,7,7,25,4,17,6,8,21,1,14"
A00173,"8,8,17,1,2"
A00174,"22,13,18,11,25,16"
A00175,"8,25,24,24,13,8,25,2,7,18,20"
A00176,"7,6,11,20,6,2"
A00177,"10,20,24,19,25,18,16,25,15,25"
A00178,"16,18,1,15,6,3,3,1,19,4,12"
A00179,"9,22,7,20,18"
A00180,"9,8,2,15,16,16,15"
A00181,"6,15,13,24,4,7,8,11"
A00182,"20,18,18,10,11,8,24,10,11,14,1,21"
A00183,"15,1,3,25,22,21,17,4,9,4"
A00184,"12,1,8,5,25,24"
A00185,"25,13,7,15,5,14,12,19,5,4,2"
A00186,"4,11,24,4,13,11"
A00187,"16,1,23,6,19,23,19,22,16,22"
A00188,"9,21,18,22,15,8,21,22,17,15,15,25"
A00189,"25,12,22,10,12,22,14,18,22,7,25"
A00190,"10,18,8,21,19,13,1,9,25"
A00191,"25,24,25,2,24,13"
A00192,"18,2,23,5,16,12,14,22,24"
A00193,"23,17,23,24,22,15"
A00194,"17,22,17,23,16,20,13,15,24,24"
A00195,"14,3,11,21,24,19,8,22"
A00196,"3,3,7,7,4,20,11,1,12,11"
A00197,"4,9,13,7,4,3,15,10"
A00198,"11,1,2,5,15,10,4,5,10"
A00199,"21,17,4,22,25,11,16,18,16,14,14,14"
A00200,"16,2,3,9,1,5,15,24,25,19,25,6"
A00201,"20,5,16,3"
A00202,"14,19,21,13,11,18,23,19"
A00203,"16,6,12,14,4,4"
A00204,"25,16,19,17"
A00205,"10,19,14,24,3,24,16,3,19,11,19,7"
A00206,"22,10,25,20,7,22,18,4"
A00207,"17,18,11,22,18,6,18,12,21,19,24"
A00208,"2,25,2,3,13,2,4,1"
A00209,"6,16,13,24,10,9,17,12,24"
A00210,"7,11,1,3"
A00211,"5,20,13,24,6,23,4,24,19"
A00212,"5,5,24,21,12,12,3,5,23,5"
A00213,"23,14,23,23,18,23,22,23,4"
A00214,"17,2,17,25,12,4"
A00215,"23,17,18,12,14"
A00216,"19,25,23,23,1,18,11,16,24,9"
A00217,"17,20,23,17,4,23,25,17"
A00218,"16,19,16,25,23,25,8"
A00219,"8,13,25,18,4,7,2,7,8"
A00220,"14,24,15,15,18"
A00221,"3,8,11,23,21,10,10,11,2,7,7"
A00222,"16,20,23,1,11,24,3,1,17"
A00223,"7,16,15,23,12,12,23,7,16"
A00224,"21,5,23,21,3,10,23,21,11,10,22,9"
A00225,"22,19,24,5"
A00226,"21,17,6,4,5,11,17,16,21"
A00227,"19,20,14,21,17"
A00228,"22,18,13,11,6,3"
A00229,"22,19,20,20,8,19,25,23,13,14,19"
A00230,"13,13,5,16,7"
A00231,"11,16,12,1,10,7,12,13,22,5,12,6"
A00232,"2,16,24,4,19,1,11,22,17,4,20,4"
A00233,"4,19,11,6,2,2,19,13,15,1"
A00234,"4,13,16,8,18,11,11,22,17,19,7,6"
A00235,"18,9,16,4,8"
A00236,"5,25,25,21,6,24,1,11,2,17,2"
A00237,"3,9,16,23"
A00238,"16,10,16,13,25,6,21"
A00239,"3,23,14,23"
A00240,"7,25,19,12,20,23,25,14,6,25,25,3"
A00241,"22,7,3,7,21,4,6,19,18,13,4"
A00242,"7,3,13,22,3,20,4,6,16,11,12"
A00243,"10,7,8,11,7,2,17,25,8,24,13"
A00244,"13,22,25,9,24,14"
A00245,"2,7,7,17,5,1,7"
A00246,"10,12,13,13,20,20,1,3,14,9,9,19"
A00247,"7,22,3,19,10,16"
A00248,"14,14,18,10,2,21,2,6,8,2,5"
A00249,"5,21,20,25,7,12,1"
A00250,"4,4,14,6,9,10,7,13,7,11"
A00251,"7,5,4,3,13,19,11,12,1"
A00252,"19,6,12,10,19,18,17"
A00253,"21,20,12,20,21,17,24,14,20,25,24,21"
A00254,"2,6,5,2,8,9,9,4"
A00255,"9,10,18,4,18,21,3,18,22,19,24"
A00256,"8,23,17,13"
A00257,"10,12,7,8"
A00258,"22,7,13,5,16,19,24,20,24,11,11"
A00259,"9,3,4,7,17,4"
A00260,"17,25,25,24,17"
A00261,"16,12,9,23,5,21,3,19,19,5,17,12"
A00262,"5,2,18,20,11,24,24,21,2,17,8,1"
A00263,"24,22,5,21,24"
A00264,"25,7,17,23,23,19,6,8,1"
A00265,"11,6,13,23,21,8,12,21,15"
A00266,"12,18,21,24,17,10,24,22,12"
A00267,"17,25,24,14,11,5,2,17,24,16,6,14"
A00268,"17,11,16,24,19,11,22,22,24"
A00269,"16,7,21,6,14,5,10,5,22"
A00270,"9,23,6,16,6,22,18,12,24"
A00271,"10,23,24,6,23,3,14"
A00272,"11,15,20,15,23,23,9,10,16"
A00273,"18,15,20,23,7"
A00274,"22,11,19,5"
A00275,"1,13,2,20,10,7,23,2,17,3,7"
A00276,"14,16,15,2,2,19,22,9,14,6"
A00277,"10,24,21,18,19,23,17,16,4,24,4,1"
A00278,"7,15,14,12,8,6,5,1,24,2,24"
A00279,"22,18,6,8,22,20"
A00280,"19,23,22,21,24,18"
A00281,"25,25,25,2"
A00282,"3,2,13,3,6,19,14,23,3,13,4"
A00283,"11,22,8,2"
A00284,"1,17,7,5,4,20,3"
A00285,"14,12,20,8,12,1,2"
A00286,"10,16,9,21,24,21,13,12"
A00287,"6,25,16,13,16"
A00288,"13,1,16,19,21,25,24,3,4"
A00289,"20,1,8,22"
A00290,"24,6,18,4,20"
A00291,"9,2,7,6,2,1,4,2"
A00292,"24,25,13,24,6"
A00293,"2,25,4,9,4,11,13,1,9,11"
A00294,"24,19,23,10,4"
A00295,"23,7,24,15,23,8"
A00296,"5,16,22,17,3,2"
A00297,"4,16,7,21,24,23,19"
A00298,"21,2,1,12"
A00299,"25,23,24,12,10,7,4,8,13"
A00300,"7,20,21,6,17"
A00301,"2,24,10,24,23,19,16,6,13,23,24,15"
A00302,"2,13,14,10,24,25,17,20,11,22"
A00303,"25,16,20,17,19,5,14,20,24,16"
A00304,"11,23,19,20,11"
A00305,"12,14,2,10,25,3,20,10,4,3,22"
A00306,"19,14,7,1,4,6,7,10,5,1"
A00307,"1,7,25,7,2,7,19,13"
A00308,"5,16,25,19,14,18,14,22,22,21,19"
A00309,"3,4,13,7,12,3,13,10,6,6,2,13"
A00310,"8,9,12,21,18,8,2,23"
A00311,"20,13,3,17,25"
A00312,"4,1,1,2,8,10,6,8"
A00313,"21,25,8,24,9,15,24,1,13,21,22"
A00314,"20,19,23,18,16,10,16,3,8"
A00315,"13,18,14,6,14,7,23,5,21,13,12,9"
A00316,"2,3,18,19,13,21,24,15,23"
A00317,"4,4,22,13,3,3,9,18,15"
A00318,"5,21,16,3,6"
A00319,"6,10,16,1,15,15,4"
A00320,"12,19,20,22,12"
A00321,"8,19,12,11,21,2,23,13,5,7,4,3"
A00322,"24,2,8,4"
A00323,"19,4,18,8,7"
A00324,"15,17,9,7,24,22,2,1"
A00325,"15,8,21,24,15,2"
A00326,"17,23,24,20,22"
A00327,"21,22,22,15,13,12,17,22"
A00328,"25,3,22,19,25,4,21,22,25,23,25"
A00329,"11,16,4,16,4,4,22,13,1"
A00330,"23,10,15,18,25,10,19,8"
A00331,"14,5,25,14,23,4,25,19,25,12,18,16"
A00332,"18,16,5,7,8,21,10,11,25,6"
A00333,"21,25,23,21"
A00334,"22,19,16,12,13,5,18"
A00335,"15,21,16,22,8"
A00336,"2,7,6,16,6,3"
A00337,"17,4,17,6"
A00338,"3,20,6,24,24,25,14,18,9"
A00339,"4,22,10,2,2,5,9,24"
A00340,"4,3,4,6,8"
A00341,"24,4,12,22,19,13,11"
A00342,"22,1,13,5,14,12,25,22"
A00343,"11,10,16,16,20,20,23"
A00344,"2,21,19,3,7,18,3,15,7"
A00345,"12,6,22,4,7,11,24,14,7,4"
A00346,"18,15,14,15,25,22,21,13,17,18,20"
A00347,"11,8,7,11,10,24,16,15,21"
A00348,"3,16,12,3,15,8,10,2"
A00349,"12,16,13,2,21,22"
A00350,"5,7,9,7,2,8,14,4,6"
A00351,"3,23,2,17,21,23,13,22,4,16,24,5"
A00352,"20,11,1,1,25"
A00353,"12,15,23,24,25,19,16,12,25,13,20"
A00354,"1,15,20,22,9"
A00355,"24,19,3,3,18,8,20,20,17,24,24,14"
A00356,"23,23,12,10,20,14,9"
A00357,"2,25,2,16,15,11,10,11,22,22,17"
A00358,"5,2,11,8"
A00359,"5,6,16,16,10,3,14,1,6,6,4,1"
A00360,"22,22,22,22,4"
A00361,"23,2,6,20,5,20,3"
A00362,"21,17,25,10,15,14,7"
A00363,"18,12,23,4,5,14"
A00364,"17,19,8,10,19,17,16,21"
A00365,"18,7,22,22,3,15,13,4,8,10,11,7"
A00366,"20,13,20,17,10,17"
A00367,"21,22,16,24,5,5,8,16"
A00368,"11,12,10,20,5,12,16"
A00369,"8,19,10,10,24,6,6,10,4,15,8,11"
A00370,"17,8,20,19,7,4,7"
A00371,"4,22,1,6,15,1,20"
A00372,"12,7,21,21,20,12,18,25,4"
A00373,"18,9,20,24,19,13,22"
A00374,"5,7,6,4,3,15,9"
A00375,"9,1,3,22,13,16"
A00376,"2,2,17,5,6,16"
A00377,"24,5,23,12"
A00378,"20,14,18,11,1"
A00379,"10,1,2,1,1,24,10,9,6,2,8"
A00380,"11,21,4,15,5"
A00381,"7,6,4,22,19,22,18"
A00382,"17,23,13,17,19,16"
A00383,"19,23,8,12,5,5,17,2"
A00384,"19,25,25,21,18,23,19,11"
A00385,"5,7,12,9,20,22,2,17,9"
A00386,"6,6,23,24,17,3,21,20"
A00387,"6,22,3,13,6"
A00388,"20,16,9,11,1"
A00389,"20,9,6,6,3,16,2"
A00390,"13,9,19,20,6,19,19"
A00391,"12,12,19,3,3,11,15"
A00392,"9,25,2,13,24"
A00393,"23,24,16,19,20,23,16,24,23,24"
A00394,"6,2,1,13,8,14,17"
A00395,"22,1,9,6,1,6,1,1,4,1,10,2"
A00396,"12,12,20,21,6,25,10,23,4,14,23"
A00397,"17,24,20,16,21,23,19,9,19,11,12"
A00398,"14,17,6,20,20"
A00399,"8,17,11,17,8,20,18,21,6,10,21"
A00400,"23,24,15,24,21,17,19,25,16,25,23,25"
A00401,"1,16,17,9,24,14"
A00402,"16,22,17,24,18,11,11,23"
A00403,"7,1,7,20,25,17,21,4,21"
A00404,"9,2,1,5,8,24,9"
A00405,"16,12,22,23,13,7,10,21"
A00406,"16,7,5,3,2,20,16,6,11,24,7,25"
A00407,"11,6,12,12,10,14"
A00408,"9,17,22,9,9,7"
A00409,"24,14,15,4,25,24,23,10,17,23"
A00410,"25,13,25,10,8,9,13,2"
A00411,"10,18,25,1,8,23"
A00412,"11,3,9,15,22,10,16,8,9,7,24"
A00413,"4,12,10,21,3,17"
A00414,"12,12,1,25,23,21,15"
A00415,"3,25,23,4,4,14,16,1,10,6"
A00416,"2,8,2,6,15,1,2,6"
A00417,"3,4,6,12"
A00418,"2,18,6,15,13,21"
A00419,"20,3,24,19,5,8,21,18,8,6,15,7"
A00420,"2,10,9,7,3,24,7,7"
A00421,"10,12,1,10,12,21,3"
A00422,"15,25,11,23,12,1"
A00423,"3,14,4,9,17,23,18,8,25,5"
A00424,"24,22,19,16,20,23,20"
A00425,"22,15,15,10,8,18,23,21,1"
A00426,"4,7,4,5,20,4,9,23,13,12,21,15"
A00427,"17,15,11,4,22,3,10,7,12,3,15,22"
A00428,"9,5,24,2,16,7,23,22"
A00429,"21,5,2,22"
A00430,"20,11,18,5,25,9,20,2,3,11,4"
A00431,"19,19,19,4,3"
A00432,"13,15,18,5,14,8,12,4,12"
A00433,"14,20,6,23"
A00434,"6,10,17,25,20,22,20"
A00435,"18,24,16,19,16,16"
A00436,"18,19,13,17,23"
A00437,"10,5,25,11,5,23,8"
A00438,"8,9,22,3,2,4,14"
A00439,"16,20,21,18,22,15,20,14,19,14,24"
A00440,"11,16,11,5,4,22"
A00441,"10,20,20,11,1"
A00442,"5,12,11,19,12,13,24,20,25,6"
A00443,"17,8,12,6,18,4,18,16,7,1,14,13"
A00444,"4,18,20,24,3,24,21"
A00445,"3,4,24,1,23,14"
A00446,"13,2,3,12,6,4,14,1"
A00447,"10,19,13,25,24,9,23"
A00448,"11,19,6,9,7,1,7,15,6,23,7,3"
A00449,"5,5,3,5,8,22,3,16,23,15,8,21"
A00450,"20,17,1,19,10,5,11,12,23"
A00451,"19,21,24,23,19,14,5"
A00452,"20,3,10,16,3,5"
A00453,"25,5,20,15,16,8,18,24"
A00454,"23,23,13,7,23,21,17,20"
A00455,"5,18,15,18,19"
A00456,"20,9,25,21"
A00457,"20,17,13,21,15,22,3,3,6,21,18"
A00458,"9,12,10,18,9,11,6,1,6,5,7"
A00459,"14,16,7,17,11,24,6,1,18,20,22"
A00460,"14,23,16,5,1,14,3,10,13,16,22,17"
A00461,"25,18,21,21,8,18,24"
A00462,"16,24,15,15,15,8,22,9,2,14"
A00463,"20,23,20,15"
A00464,"23,15,3,25,4,12,19,15"
A00465,"11,24,23,9,20,24,10,18"
A00466,"20,18,3,23,5,2,3,1,3"
A00467,"24,22,9,18,7,12,23,23"
A00468,"16,7,9,15,5,25"
A00469,"25,4,25,9,8,24,15,20,19,13,20,24"
A00470,"19,3,19,9"
A00471,"5,1,17,25,11,8,4,24,3,23,11"
A00472,"1,14,5,17,24"
A00473,"6,20,3,1,13,2,17,17"
A00474,"10,1,18,19,12"
A00475,"15,1,1,25,13,4,5,3,14,3"
A00476,"21,9,11,13,5,19,25,4,13,5,6,2"
A00477,"9,14,1,5,25,12"
A00478,"22,22,5,3,1,23,5,24,12,16,3,23"
A00479,"23,8,13,22,4,21"
A00480,"6,11,10,17,3"
A00481,"2,19,21,18,22,5,3,22,12"
A00482,"13,15,19,22"
A00483,"7,19,22,16,7,15,12,1,21"
A00484,"23,21,23,18,11"
A00485,"10,23,23,24,19"
A00486,"21,20,23,22,2,23,12,25,2,23"
A00487,"25,25,6,21,25,23,12,19,19,24,4"
A00488,"4,10,15,15,7,3,2,9"
A00489,"20,7,17,5,13,19"
A00490,"19,22,16,9,17,4,22"
A00491,"17,2,22,17,14,25,23,23,15"
A00492,"20,8,21,7,19,11,14,15,1,4,5,8"
A00493,"3,11,24,1,23,3"
A00494,"4,19,17,7,1,23,10"
A00495,"6,22,6,7,3"
A00496,"4,1,16,4,23,5,14,3,19,9,15,4"
A00497,"20,20,23,19,21,9,21"
A00498,"19,1,24,19,22,9,24,23,16,6,5"
A00499,"7,20,23,7,2,24,2,12"
A00500,"4,6,3,4,11,7,4"
A00501,"2,1,12,1,2,17,24,23,19"
A00502,"4,1,19,12,5,3,14,7"
A00503,"3,3,5,2,18,6,15,7,5,13,4"
A00504,"22,4,22,7,10,1,6,24,5,21,15,8"
A00505,"10,1,14,15,4,5,2,25,15,1,6,3"
A00506,"8,24,23,23,20,25,22,11"
A00507,"23,3,23,6,7,5,20,6,4,24,17,14"
A00508,"7,22,12,2,10,4"
A00509,"23,13,14,22,14"
A00510,"15,16,5,19,21,15,5,16"
A00511,"24,25,15,11"
A00512,"10,18,17,14,8,25"
A00513,"12,8,4,20,2,16,19"
A00514,"15,1,24,22,20"
A00515,"25,25,23,19,17,20,13,23,11"
A00516,"21,25,1,14,9,12,4,2,1,20"
A00517,"3,4,7,8,12,4,6"
A00518,"24,5,4,13,1,14"
A00519,"10,11,22,12,16"
A00520,"8,13,6,8,12,5"
A00521,"23,20,21,19,17,3,21"
A00522,"14,6,12,8"
A00523,"21,7,24,14,25,25,23,20"
A00524,"9,14,1,15,1,9,6"
A00525,"9,25,22,24,9,7,11,16,22,19,4,1"
A00526,"9,5,16,6,21,2"
A00527,"2,5,7,13,13,22,5"
A00528,"19,23,21,16,15,7,18,18"
A00529,"21,10,23,4,22,8,7,6,21"
A00530,"12,11,15,19,22,15,3,20,14,6,19"
A00531,"13,4,2,6,18,17,25"
A00532,"9,23,5,17,12"
A00533,"1,18,7,13,19,3,17"
A00534,"2,1,3,23,23"
A00535,"6,16,16,5,11,17"
A00536,"13,3,20,13,14,9,7,4,24"
A00537,"18,8,24,17,14"
A00538,"8,12,13,19,9,10"
A00539,"18,15,18,18,13,15,23,15,18,19"
A00540,"24,9,8,19,6,7,9,19,17,2,5,5"
A00541,"13,14,13,16,25,14,23,22,12,10"
A00542,"10,5,8,3,10,14,7"
A00543,"6,22,25,25,24,12,25,22"
A00544,"24,1,11,6,19,11,11,14,18,2,9,3"
A00545,"9,12,22,16,23,14,5,7,2,12,1,1"
A00546,"8,12,7,21,5,20,24,13,20"
A00547,"18,18,6,20,12"
A00548,"1,4,19,2,13,8,1,4,16,1,16,2"
A00549,"7,1,1,18,2"
A00550,"15,6,1,6,1,8,20,18,13,2,11"
A00551,"23,5,11,14,24,11,19"
A00552,"10,9,23,18,25,2,7,12,25,9,19,2"
A00553,"4,7,3,21,7,20,6,18"
A00554,"5,6,1,9,5,12,10,14,3"
A00555,"2,17,19,3,4,1,14"
A00556,"13,1,5,8,5,5,14"
A00557,"19,24,25,11,7,21,17,6,15,25"
A00558,"25,9,8,17,11,9,3,6"
A00559,"22,17,2,19,7,9,17,13"
A00560,"3,10,9,4,1,11,9,8,4,3"
A00561,"2,25,17,21,19,22,21,24,22,25,16,22"
A00562,"14,12,22,13,14,12,23"
A00563,"14,11,22,20,14,11"
A00564,"2,15,1,10,5,3,13,17,7"
A00565,"9,19,15,13,6,16,21,9,12"
A00566,"24,21,16,25,24,2,18"
A00567,"25,22,24,12,18,9,7,23,15,21"
A00568,"1,11,15,15,2,4,7,6,9,10,8,24"
A00569,"3,16,24,4"
A00570,"18,13,3,17,6,9,18,21"
A00571,"15,25,18,19,10,11,17,15,17,16,14"
A00572,"21,24,25,17,14,7,21,22,22,25"
A00573,"18,24,2,12,8"
A00574,"18,14,18,18,7,2,1,6,8,13"
A00575,"8,22,24,12,11,10,12,19,25,25,6,11"
A00576,"10,14,25,22,9,19,21,12,7,7,8,7"
A00577,"20,14,14,5,25,19,2,23,22"
A00578,"25,9,5,10,12,16,5,1"
A00579,"19,23,6,2"
A00580,"18,12,12,20,18,18,13,14,15,23,22,2"
A00581,"17,1,15,5,25,2,12"
A00582,"16,6,19,16,21,13,23,3,12,11,16,22"
A00583,"23,25,24,14,6,22,22,21,24,5,21"
A00584,"18,19,18,22,19,2,17,17"
A00585,"1,20,11,25,16"
A00586,"2,5,17,17,8,1,21"
A00587,"17,18,10,13,10,17,16,11"
A00588,"21,25,19,17"
A00589,"20,6,19,19,23,22,10,6"
A00590,"4,6,23,20"
A00591,"15,11,18,15"
A00592,"2,19,10,25,22,19,10,24,7,10,2"
A00593,"14,11,12,10,10,9"
A00594,"6,17,4,8,10,19,9,11"
A00595,"1,20,22,4,12,3,18,21"
A00596,"7,9,7,13"
A00597,"17,13,7,8,12"
A00598,"7,13,20,14,4,6,6,9,20,1,15,17"
A00599,"4,11,22,2,21"
A00600,"24,9,5,13,11,16,7"
A00601,"7,5,5,15,1,4"
A00602,"3,10,10,15,3,20,3,1,19,2,4"
A00603,"22,2,9,24,16,25,13,20"
A00604,"25,20,22,12,17,21,25,18,22,5,12,24"
A00605,"22,13,5,25,12,7"
A00606,"18,4,14,2"
A00607,"21,25,24,18,2,18,23,7"
A00608,"11,13,4,5,4,18,13,2,17,8,4"
A00609,"19,11,4,23,14,1,15,10,7,19"
A00610,"25,1,14,5,17,4"
A00611,"19,23,22,19,25,14,21,24,20,22,17,18"
A00612,"8,12,2,21,15,13,9,17,18"
A00613,"11,14,4,6,5,9,17,12,5,8,11,6"
A00614,"25,21,4,24,1,20,23"
A00615,"10,17,4,17,22,22,24,13,2,15,16,6"
A00616,"15,13,3,4,7,12,3,14"
A00617,"25,19,8,11"
A00618,"24,2,15,7,17"
A00619,"18,17,14,16,24,14,6,17,21,25"
A00620,"19,3,25,5,21,24,21"
A00621,"11,13,20,19,25"
A00622,"23,16,5,13,4,20,8,11,3"
A00623,"4,1,12,18,3,20,25,3,2,6,18,19"
A00624,"6,23,3,18,22,8"
A00625,"9,1,11,3,7,21,19,18,22,2,10,17"
A00626,"6,23,20,22"
A00627,"4,1,9,7,20,16,4,15"
A00628,"20,4,3,11,25,6,11,24,12,17,12,18"
A00629,"3,4,16,7,8,11,1"
A00630,"20,2,23,7,21"
A00631,"25,21,20,11"
A00632,"16,11,17,1,20,2,2,24,2,3"
A00633,"14,14,11,14,6,24,15,18,22,15,9,2"
A00634,"23,21,20,18,15"
A00635,"1,9,16,21,4,10,20,14,18,20,14"
A00636,"16,5,10,15,14,3,10,5"
A00637,"6,7,1,22,16,20,14"
A00638,"25,15,1,15,2,1,17,7,17,3,15"
A00639,"14,1,18,4,9,4"
A00640,"17,25,22,23,1,6,3,20,9"
A00641,"21,14,10,10,25,25,3,11"
A00642,"10,17,7,14,9,1,15,7"
A00643,"25,22,22,21"
A00644,"17,6,19,20,5"
A00645,"13,20,7,4,20,11,13,12,4"
A00646,"18,11,10,5,1,8,2,9,21,6"
A00647,"2,12,2,3,17,9,25,1,14,2,2,23"
A00648,"18,17,5,8,8,3"
A00649,"1,21,23,5"
A00650,"20,22,16,13,15,21,16,15"
A00651,"9,23,19,15,12,8,25,24,20"
A00652,"9,1,19,8,21,1,20,20,10,19,21"
A00653,"14,16,10,10,2,6,5,12,13,11"
A00654,"23,20,4,17,22,15,20,23,10,8,25"
A00655,"18,25,18,19,23,22,11,7,19,13"
A00656,"10,17,4,19,19,20,8,10,25"
A00657,"23,9,21,22,23,12,6,9"
A00658,"24,12,13,15,5"
A00659,"20,25,2,16,14,19,20,11,8,25,9,18"
A00660,"14,10,22,22"
A00661,"3,22,18,20,6,18,25,19,3,23,3,8"
A00662,"15,21,11,23,5,24,25"
A00663,"4,20,17,8,3,25,19"
A00664,"15,5,24,18,11,12,18"
A00665,"20,22,8,17,13,23,19,22,17,15,9,20"
A00666,"7,15,16,20,22,21,21,4"
A00667,"2,2,14,12,3,4,6,6,11,17,14"
A00668,"7,16,17,11,12,16"
A00669,"5,19,13,6,19,24,25"
A00670,"12,23,25,20,16,16,25,23"
A00671,"6,3,15,17,9,17,7,14,14,22,7"
A00672,"5,5,2,1,6,5,2,24,17,24,4,15"
A00673,"15,9,7,1,17,18,14"
A00674,"15,3,25,13,1,19,2,23"
A00675,"10,22,22,22,23,17,17,21,7,13,16,12"
A00676,"17,13,12,17,17,4,14"
A00677,"3,22,12,21,25"
A00678,"11,1,1,8,10,5,2,23,20"
A00679,"14,17,8,11,9,7"
A00680,"15,19,11,17,5,2"
A00681,"9,19,23,22,21,2,5,25,19,10,6"
A00682,"16,21,21,11,9,12,24,16"
A00683,"9,19,3,17,11,4,14"
A00684,"11,1,3,19,1,17,6,11,8,3"
A00685,"8,24,13,3,2,5,8,11,3,17,24"
A00686,"1,19,11,16"
A00687,"6,25,13,25,16"
A00688,"4,6,16,21,20,7"
A00689,"6,4,8,22"
A00690,"2,20,4,22,15,13,4,16"
A00691,"25,25,13,13"
A00692,"12,1,23,11,5,2,10,1"
A00693,"24,2,12,16,20,5,14,17,10,3,10"
A00694,"14,15,4,8,5,15,21,16,12"
A00695,"20,13,1,4"
A00696,"18,4,11,6,3,10,5,8"
A00697,"19,12,10,2,6"
A00698,"11,23,24,19,15,12"
A00699,"14,18,1,10,16,22"
A00700,"20,25,25,21,24,19,3,13,25,16,9,24"
A00701,"18,17,20,2"
A00702,"3,9,7,3,19,17,13"
A00703,"2,19,2,20"
A00704,"22,9,15,18"
A00705,"9,1,13,6"
A00706,"8,14,22,16,10,19"
A00707,"15,1,18,2,6,15,18,18,6"
A00708,"17,1,18,19"
A00709,"4,3,12,5,17,20,6,6"
A00710,"19,10,22,11,21,5"
A00711,"5,7,5,7,2,22,2,2"
A00712,"13,17,18,2,24,20,18,17,24,23,15"
A00713,"16,16,6,7,16,20,6,12,20"
A00714,"13,21,11,13,25,15,25,12"
A00715,"22,15,21,7,9,24,1,11,23,12,12"
A00716,"9,10,2,5,4,4,7,24,15,15,10,23"
A00717,"23,22,23,6,21,3,4,19"
A00718,"11,15,16,4,9,5,6"
A00719,"3,2,10,25,5,14,19,11,23,2"
A00720,"13,12,13,8,21,15,10,3,21"
A00721,"23,7,4,23"
A00722,"18,6,1,7,5,8,8,20,22,10,24"
A00723,"21,25,1,24,17,17,22,22,12,18,20,24"
A00724,"6,1,2,1,21,2"
A00725,"8,14,14,4,2"
A00726,"22,23,8,1,9,13"
A00727,"17,7,1,1,7"
A00728,"18,24,22,15,23,2,19"
A00729,"16,24,21,16,5,22,14,3,24,25,20,20"
A00730,"18,25,5,19,25,25,1,25,19"
A00731,"11,23,10,25,16,24"
A00732,"10,25,1,22,10,17,5,17,10,11"
A00733,"8,14,14,11,6,1"
A00734,"20,20,3,15,15,13,10,3"
A00735,"12,22,19,10,6,22,18"
A00736,"16,9,5,5,16"
A00737,"5,17,1,9,2,9,3,2,21,8"
A00738,"5,19,17,5,16,15"
A00739,"22,4,11,3,6,17,16"
A00740,"18,4,24,22"
A00741,"18,21,6,16,17,15,11"
A00742,"11,5,17,13,7,14"
A00743,"16,3,10,7,25"
A00744,"5,6,12,15,25,1,15,8,17,21"
A00745,"1,3,1,2,8,8,4"
A00746,"25,20,12,20,9,13,4,14,12"
A00747,"15,10,22,5,11,3,7,16"
A00748,"19,21,22,16,19,15"
A00749,"23,11,18,3,16"
A00750,"3,21,1,23,8,12,15,5,11,12,20,19"
A00751,"19,14,9,7,6,3,16,20,9"
A00752,"23,22,23,13,4,22,23,25"
A00753,"10,6,8,14"
A00754,"6,10,16,23"
A00755,"22,9,15,13"
A00756,"15,12,2,21,5,5,24,1,10,21,22,25"
A00757,"21,10,7,3,16"
A00758,"14,6,22,5,5,4,7"
A00759,"25,10,21,7,22,7"
A00760,"9,2,4,5"
A00761,"24,18,25,2,16,13,15,23,10"
A00762,"11,12,19,8,20,5,25,20,18,10"
A00763,"12,6,6,22,22,2,21,16,16"
A00764,"13,2,19,23,4,15,3,25,25,11,7,16"
A00765,"13,13,21,8,18,13,2,3,2,10,1"
A00766,"1,14,8,25"
A00767,"14,13,21,2,3,25"
A00768,"18,1,20,25,22,8,12,12,15,5"
A00769,"7,20,25,10"
A00770,"23,18,16,5,14,19"
A00771,"8,8,15,1"
A00772,"18,25,17,3,10,9,24"
A00773,"15,8,12,22,8,3,24,17"
A00774,"7,17,12,9,11,10,2,23"
A00775,"19,6,6,19,9,12,14,25,17,20,10,19"
A00776,"9,14,6,17,2,24,6,7,14,3,9"
A00777,"7,10,4,20,18,21,14,23"
A00778,"14,5,11,15,12,7"
A00779,"17,23,19,19,17,24,3,2"
A00780,"9,24,12,23,9,18"
A00781,"12,1,21,18,10"
A00782,"25,14,20,22,20"
A00783,"18,12,4,11,5,14,20,4"
A00784,"19,8,18,21,7,24,2,2,24,6"
A00785,"8,23,6,10,2,10,16,22,22,25"
A00786,"2,21,22,18,2,4,7,11"
A00787,"2,21,13,8,19,24,4,21,21,19"
A00788,"18,10,13,14,8,25,23,10,23"
A00789,"16,19,6,7,5,9,1"
A00790,"9,19,16,21,5,15,8,18"
A00791,"14,25,21,14,23,4,25,25,19,25,22,3"
A00792,"16,16,19,21"
A00793,"25,23,7,2,25,19"
A00794,"11,4,8,16,1,12,2,25,6,1"
A00795,"22,21,16,12,13,17,2,8,5,22"
A00796,"22,23,10,8,25"
A00797,"21,11,16,7,12,25,10,22"
A00798,"11,13,8,12,14,8,13"
A00799,"13,10,1,11,19,15,2,4,4,15,8,7"
A00800,"3,11,16,3,4,8"
A00801,"6,14,23,2"
A00802,"2,23,11,5,9,14,21,2,6"
A00803,"2,6,7,1,23,2,12,13,4"
A00804,"7,5,10,20,13,6,18,15,1,11,16,12"
A00805,"22,5,14,7"
A00806,"24,20,25,24,15,18,24,20,24,17,24"
A00807,"16,16,9,15,12,21"
A00808,"25,8,22,17,17"
A00809,"23,12,5,6,18,2"
A00810,"8,13,18,1,14,12,5"
A00811,"23,21,25,25,13,16"
A00812,"6,21,19,22,20,11,24,16"
A00813,"24,3,20,9,24,25,17,7,11,1,2,10"
A00814,"5,5,14,16"
A00815,"11,22,24,5,15,17,23"
A00816,"24,17,22,24,23,24,14,25,18"
A00817,"2,8,6,4,9,25,3,16,8"
A00818,"1,9,17,5,2,13"
A00819,"13,25,11,20,20,21,22,15,22,21"
A00820,"9,12,1,8,19,7,6,20,2"
A00821,"22,7,16,22,15,1"
A00822,"7,5,22,6,6,14,2,5,21,12"
A00823,"25,19,5,2,21,8"
A00824,"10,15,11,1,1,1,17,11,4,23,12"
A00825,"6,25,5,21,15,14,14,24,23,23,24"
A00826,"1,9,25,11,1,3,23"
A00827,"21,14,24,23,19,4,19,25"
A00828,"16,22,24,24,7,22,7,17,16"
A00829,"12,19,20,8,4,25"
A00830,"12,11,23,17,21,23,25,13"
A00831,"19,18,19,21,22,3,22,24,5,2"
A00832,"6,13,13,9,5,10,3,7"
A00833,"20,7,5,25"
A00834,"25,14,8,4,9,16,9,22,12,6,3"
A00835,"13,20,10,8"
A00836,"8,24,8,13,5"
A00837,"1,18,17,14,24,9,1,11,13,21"
A00838,"24,2,7,2,19,19,10,13,16,19,10"
A00839,"5,9,19,2,15,24,21,24"
A00840,"6,21,11,3,15,9,8,1,5"
A00841,"13,9,5,4"
A00842,"5,1,2,21,21,18,14,4,16"
A00843,"3,3,18,9,20,9,1,8"
A00844,"24,2,12,20,22"
A00845,"20,17,1,4"
A00846,"21,2,2,1,3,4,10,23"
A00847,"24,19,20,4,23,11,20,4,23,12,24,15"
A00848,"19,18,15,17,8,1,8,2,12,9,20"
A00849,"17,9,22,12,15,23"
A00850,"23,1,20,14,17"
A00851,"3,16,25,2,10,23,4,8,17,24,23,20"
A00852,"16,17,3,18"
A00853,"14,24,2,14,12,7,11,9,1,2,19,17"
A00854,"25,7,8,10,22,23,19,11,24"
A00855,"13,10,2,5"
A00856,"22,21,12,21,5"
A00857,"5,13,9,8,16,11,8,2,16,17,3"
A00858,"10,10,13,14,21,1,22,17"
A00859,"25,21,18,19,25,10,23,11,1,16,17,10"
A00860,"19,14,25,10,1,25,1,2,5,15,13"
A00861,"22,23,25,14,3,1,7,5,14,9"
A00862,"7,12,9,25,2,2,5,6"
A00863,"13,17,23,24,4,22,14,21,25,19,15"
A00864,"19,6,25,6,21,20,15,21,20,9,22"
A00865,"9,23,15,13,17"
A00866,"25,16,18,18,8,19,3,6,19,23,10"
A00867,"23,7,15,13,15,25,15,4,14"
A00868,"17,7,18,5,11,8,7,19"
A00869,"9,1,24,12"
A00870,"4,11,22,8,4,8,3"
A00871,"3,4,13,18,19,5"
A00872,"18,16,19,16"
A00873,"13,16,25,9,15,19,12,20,22,3"
A00874,"17,22,10,6,10,6"
A00875,"17,14,7,22"
A00876,"15,20,4,4"
A00877,"19,13,12,19,11,11,3"
A00878,"9,22,6,14,12,1"
A00879,"13,19,16,6,2,1"
A00880,"24,21,2,6,12,18,24,13,9,10"
A00881,"17,8,2,9,23,16,25,2"
A00882,"4,5,9,6,20,1,6"
A00883,"15,25,13,22,24,14"
A00884,"25,10,17,23,24,24,24,1,2,23"
A00885,"3,11,14,3"
A00886,"3,6,11,14,24,23,3,1"
A00887,"5,19,7,1,3"
A00888,"19,16,4,10,17,25,5,5,20"
A00889,"17,22,25,21,24,21,15,18,19,5"
A00890,"1,17,20,13,3,1,9,17,13,11,14"
A00891,"2,25,10,19,22,24,22,21,21,25,10"
A00892,"8,21,15,2,24,1,4,2"
A00893,"18,2,21,15,8,18,8,23,17,12,17"
A00894,"15,14,2,6,4"
A00895,"22,9,12,13,18"
A00896,"10,15,2,11,7,9"
A00897,"12,8,25,21,7,11,2,18,11"
A00898,"1,9,1,8"
A00899,"8,16,23,22,23,14,19"
A00900,"4,22,5,14,17,23"
A00901,"15,9,16,2,14,14,18,7,10"
A00902,"22,21,17,13,19"
A00903,"18,24,24,14,21,15,10,25,25,10,18"
A00904,"14,1,2,19"
A00905,"18,8,3,11,4,9,12,2"
A00906,"1,5,19,16,6,15,2,1,23,3,21,12"
A00907,"5,25,11,2,7,8,4"
A00908,"11,15,14,10,20,2,18,10,1,6"
A00909,"1,17,5,13,18"
A00910,"13,10,21,4,6,7"
A00911,"11,8,17,12,20,23,18,11,10,20"
A00912,"3,1,22,10,15,19,6,6,13,14,18"
A00913,"3,6,18,14,1"
A00914,"1,16,6,6,25,14,4"
A00915,"19,22,17,14,11,25,1,4,10,1"
A00916,"17,17,14,25,21,21,21"
A00917,"8,10,12,2,20,15,23,16,4,1,1,3"
A00918,"23,2,14,4,18,7,10,12"
A00919,"16,22,19,19,14,20,24"
A00920,"14,16,8,11,7,5,10,11"
A00921,"2,23,11,24,13,23,14"
A00922,"24,16,18,5,17,23,1"
A00923,"2,7,22,19,10,17,3,15,17"
A00924,"13,25,5,11,7,18,3,4,10,5,12,1"
A00925,"19,19,9,6,15,22"
A00926,"8,19,11,23,15,5"
A00927,"16,17,1,17,3"
A00928,"24,1,6,6,14"
A00929,"13,22,20,20"
A00930,"3,1,19,10,9,4"
A00931,"20,21,6,7,6,21,18,11"
A00932,"5,13,5,18,19,17,10,6,25"
A00933,"8,2,2,16,16"
A00934,"23,25,21,24,22"
A00935,"21,4,9,18,13,23,18,7,4,11"
A00936,"20,23,24,20"
A00937,"16,8,13,17,9,20,5,17,6,12"
A00938,"10,19,1,14,13,17,20,9,10,22,25,4"
A00939,"10,19,15,14,22,2,6,23,22,19,15"
A00940,"23,10,8,13,13,4,1,9,6,7,18"
A00941,"5,7,20,12,3,24"
A00942,"10,16,10,15"
A00943,"19,6,22,5,19,7,5,21,24"
A00944,"22,11,6,24"
A00945,"11,3,19,22"
A00946,"4,15,1,7,16,4,9,13,6,1,23"
A00947,"17,19,3,23,2,14,22,21,22,15,12,4"
A00948,"2,13,16,22"
A00949,"8,8,4,3,22,11,20,6,3,15,13"
A00950,"25,4,15,25,20,21,11,3,19,4,15,10"
A00951,"2,9,14,5"
A00952,"16,3,24,22,20"
A00953,"23,13,9,9,7,17,16,14,21"
A00954,"3,12,10,11,5,2,9,17,19,5,12,22"
A00955,"21,21,18,24,10,14"
A00956,"9,7,23,7,25,18,5,5,17,15"
A00957,"21,3,20,19,23,15"
A00958,"24,25,23,21,20,22,18,24,24"
A00959,"4,3,4,7,10,4,18,2,7,23,2,7"
A00960,"21,20,7,13,19"
A00961,"16,20,7,25,18"
A00962,"17,21,11,3,13"
A00963,"18,11,5,6,19,23,20,18"
A00964,"22,9,23,14"
A00965,"1,11,24,7,1,10,19,10,2,3"
A00966,"8,4,17,3,14,3"
A00967,"9,23,21,21,24,4,3,11,15"
A00968,"8,13,25,14,25,7,19,24,21,16,16,21"
A00969,"25,17,23,23,25,23,21,16,25,20,8"
A00970,"5,13,3,22,23"
A00971,"16,24,25,6,13,19,1,17"
A00972,"5,6,19,7,8,12,7,22"
A00973,"2,4,24,24"
A00974,"17,2,6,2,1,19"
A00975,"6,13,16,21"
A00976,"6,13,4,4,7,23,9,18"
A00977,"1,24,9,19,2,22,10,22"
A00978,"2,2,19,11,2,10,23,1"
A00979,"5,16,14,3,1,12"
A00980,"8,15,15,17,1,10,12,6,10,25,22,6"
A00981,"16,6,16,25,22,21,15,17"
A00982,"4,20,2,12,22"
A00983,"13,1,23,6,22,22,2,18"
A00984,"5,17,2,19,22,20,11,2,17,5"
A00985,"15,12,23,24,24,23,5,21,4,2"
A00986,"9,18,17,21,16"
A00987,"22,19,2,8"
A00988,"11,21,11,20,25,20,13,22,21,18,16"
A00989,"20,6,15,1,6,9,6,2,17,10"
A00990,"12,19,25,1,14,4,4,18,11"
A00991,"1,4,24,17,9,6"
A00992,"18,23,22,5"
A00993,"2,21,4,5,12,7"
A00994,"16,2,14,16,25,19"
A00995,"15,2,4,17,5,10,24,18,3,14"
A00996,"24,20,19,21,6,11,11,25,23,23,2"
A00997,"24,23,8,25"
A00998,"21,13,20,19,8,13,17,14,16"
A00999,"14,2,18,21,8,10,8,13,10,22,25,13"
A01000,"4,6,24,21,2,1"
A01001,"14,8,18,2"
A01002,"2,10,10,2,24,4,1,24,2,20"
A01003,"9,20,24,10,8,24,14,21,25,5"
A01004,"4,19,23,25,18"
A01005,"3,2,19,9,4,14,10,4,1,10,5,3"
A01006,"4,24,1,9,6"
A01007,"25,18,8,19,18,2,22,20,2"
A01008,"10,10,11,7,18,14,17,1,3,16"
A01009,"11,8,6,9,14,23,12,4"
A01010,"21,15,19,11,13,16,13,7"
A01011,"18,25,6,9,8,8"
A01012,"5,13,1,8,16,9,12,6,1"
A01013,"10,18,4,15,3"
A01014,"1,20,17,10,23,3,24,5,3,9,4"
A01015,"11,24,25,1,25,4,21,18,17"
A01016,"9,16,10,23,5,15,12,23,25,24,23"
A01017,"13,1,11,2,12,5,14,3,4"
A01018,"10,1,3,5,17"
A01019,"22,3,21,11,20,21,16"
A01020,"22,13,16,8,18,14"
A01021,"19,16,17,19,6,12,21,24,9,15,4,25"
A01022,"13,4,22,5,23,15,5,24,12,21,25,16"
A01023,"2,8,9,7,11,14,3,18,2,8"
A01024,"8,9,8,22,11,7,2,11,4,16,7,11"
A01025,"17,25,17,23,10,1,18,21,6,22,23,8"
A01026,"18,20,3,19,17,23,7,2,15"
A01027,"6,1,1,10"
A01028,"10,4,9,24,22,22"
A01029,"6,20,3,21,2,20,2,8,4,6"
A01030,"7,23,14,16,21,7,9,10,17,15,21"
A01031,"23,4,8,16,2,21,18,11,6"
A01032,"24,2,8,12,9"
A01033,"9,10,1,21,4,1,19,7,2"
A01034,"1,7,7,11,1,9,11,1,19,17,2"
A01035,"25,1,5,6,24,7"
A01036,"23,10,16,25,15"
A01037,"11,3,21,6,4,3"
A01038,"20,11,17,25"
A01039,"21,18,20,8,15,9,14,9,20"
A01040,"13,6,4,3,18,5,25,17,19,6"
