para_uid,model,stance
A00002-03,gemma4,favor
A00015-05,gemma4,oppose
A00026-06,gemma4,oppose
A00035-12,gemma4,oppose
A00042-07,gemma4,oppose
A00047-03,gemma4,oppose
A00061-10,gemma4,oppose
A00064-04,gemma4,neutral
A00071-01,gemma4,oppose
A00081-09,gemma4,oppose
A00105-05,gemma4,oppose
A00117-01,gemma4,oppose
A00131-02,gemma4,neutral
A00142-01,gemma4,neutral
A00144-04,gemma4,oppose
A00144-05,gemma4,oppose
A00149-08,gemma4,oppose
A00151-07,gemma4,oppose
A00156-03,gemma4,oppose
A00174-01,gemma4,irrelevant
A00187-08,gemma4,oppose
A00187-10,gemma4,oppose
A00188-04,gemma4,oppose
A00188-08,gemma4,oppose
A00189-03,gemma4,oppose
A00189-06,gemma4,oppose
A00189-09,gemma4,oppose
A00192-08,gemma4,oppose
A00194-02,gemma4,oppose
A00225-01,gemma4,oppose
A00228-01,gemma4,neutral
A00232-08,gemma4,oppose
A00241-01,gemma4,favor
A00242-04,gemma4,oppose
A00255-09,gemma4,oppose
A00258-01,gemma4,oppose
A00266-08,gemma4,oppose
A00269-09,gemma4,oppose
A00289-04,gemma4,favor
A00296-03,gemma4,irrelevant
A00302-10,gemma4,oppose
A00308-08,gemma4,favor
A00308-09,gemma4,oppose
A00313-11,gemma4,oppose
A00317-03,gemma4,neutral
A00320-04,gemma4,oppose
A00326-05,gemma4,neutral
A00328-03,gemma4,oppose
A00328-08,gemma4,oppose
A00329-07,gemma4,favor
A00339-02,gemma4,irrelevant
A00342-01,gemma4,favor
A00342-08,gemma4,irrelevant
A00345-03,gemma4,neutral
A00354-04,gemma4,oppose
A00357-09,gemma4,favor
A00357-10,gemma4,favor
A00360-01,gemma4,oppose
A00360-03,gemma4,neutral
A00360-04,gemma4,oppose
A00375-04,gemma4,oppose
A00381-04,gemma4,irrelevant
A00381-06,gemma4,favor
A00402-02,gemma4,oppose
A00405-03,gemma4,oppose
A00424-02,gemma4,oppose
A00425-01,gemma4,favor
A00428-08,gemma4,oppose
A00438-03,gemma4,favor
A00439-05,gemma4,oppose
A00440-06,gemma4,neutral
A00457-06,gemma4,favor
A00462-07,gemma4,favor
A00482-04,gemma4,neutral
A00490-02,gemma4,irrelevant
A00490-07,gemma4,oppose
A00491-03,gemma4,favor
A00495-02,gemma4,favor
A00498-05,gemma4,oppose
A00509-04,gemma4,neutral
A00527-06,gemma4,oppose
A00541-08,gemma4,favor
A00545-03,gemma4,favor
A00562-03,gemma4,neutral
A00563-03,gemma4,favor
A00567-02,gemma4,irrelevant
A00582-12,gemma4,oppose
A00583-06,gemma4,neutral
A00583-07,gemma4,oppose
A00592-05,gemma4,oppose
A00595-03,gemma4,neutral
A00603-01,gemma4,favor
A00604-03,gemma4,favor
A00604-09,gemma4,oppose
A00605-01,gemma4,oppose
A00611-03,gemma4,oppose
A00611-10,gemma4,favor
A00615-05,gemma4,oppose
A00615-06,gemma4,favor
A00624-05,gemma4,oppose
A00633-09,gemma4,oppose
A00637-04,gemma4,neutral
A00650-02,gemma4,oppose
A00654-05,gemma4,oppose
A00660-03,gemma4,oppose
A00660-04,gemma4,oppose
A00675-02,gemma4,oppose
A00675-03,gemma4,oppose
A00675-04,gemma4,oppose
A00690-04,gemma4,favor
A00699-06,gemma4,oppose
A00710-03,gemma4,neutral
A00711-06,gemma4,favor
A00717-02,gemma4,oppose
A00722-09,gemma4,oppose
A00723-07,gemma4,oppose
A00723-08,gemma4,oppose
A00728-03,gemma4,oppose
A00735-02,gemma4,oppose
A00735-06,gemma4,favor
A00747-03,gemma4,favor
A00748-03,gemma4,oppose
A00755-01,gemma4,favor
A00759-05,gemma4,neutral
A00763-04,gemma4,oppose
A00763-05,gemma4,oppose
A00768-05,gemma4,oppose
A00782-04,gemma4,oppose
A00785-08,gemma4,favor
A00785-09,gemma4,oppose
A00796-01,gemma4,oppose
A00805-01,gemma4,favor
A00812-04,gemma4,oppose
A00815-02,gemma4,oppose
A00819-07,gemma4,neutral
A00819-09,gemma4,oppose
A00821-01,gemma4,oppose
A00821-04,gemma4,favor
A00828-02,gemma4,neutral
A00828-06,gemma4,oppose
A00849-03,gemma4,favor
A00856-01,gemma4,oppose
A00878-02,gemma4,favor
A00883-04,gemma4,favor
A00891-05,gemma4,favor
A00891-07,gemma4,oppose
A00895-01,gemma4,oppose
A00923-03,gemma4,favor
A00938-10,gemma4,favor
A00944-01,gemma4,oppose
A00945-04,gemma4,oppose
A00952-04,gemma4,neutral
A00970-04,gemma4,irrelevant
A00980-11,gemma4,favor
A00981-05,gemma4,favor
A00987-01,gemma4,favor
A00999-10,gemma4,oppose
A01019-01,gemma4,favor
A01020-01,gemma4,neutral
A01022-03,gemma4,oppose
A00011-02,gemma4,favor
A00014-04,gemma4,oppose
A00014-05,gemma4,neutral
A00021-02,gemma4,favor
A00022-01,gemma4,favor
A00025-01,gemma4,oppose
A00025-05,gemma4,favor
A00025-09,gemma4,oppose
A00035-06,gemma4,neutral
A00041-08,gemma4,neutral
A00041-12,gemma4,neutral
A00043-03,gemma4,neutral
A00052-01,gemma4,oppose
A00052-03,gemma4,neutral
A00066-07,gemma4,neutral
A00066-08,gemma4,oppose
A00079-02,gemma4,neutral
A00084-01,gemma4,irrelevant
A00087-08,gemma4,irrelevant
A00091-01,gemma4,oppose
A00098-12,gemma4,neutral
A00107-04,gemma4,favor
A00108-02,gemma4,neutral
A00115-02,gemma4,favor
A00124-01,gemma4,favor
A00134-07,gemma4,favor
A00158-01,gemma4,oppose
A00166-02,gemma4,favor
A00170-06,gemma4,favor
A00173-05,gemma4,oppose
A00175-08,gemma4,oppose
A00176-06,gemma4,favor
A00180-03,gemma4,favor
A00185-11,gemma4,neutral
A00191-04,gemma4,favor
A00232-01,gemma4,favor
A00236-09,gemma4,favor
A00236-11,gemma4,oppose
A00254-01,gemma4,oppose
A00254-04,gemma4,favor
A00276-04,gemma4,favor
A00276-05,gemma4,oppose
A00281-04,gemma4,favor
A00282-02,gemma4,irrelevant
A00285-07,gemma4,irrelevant
A00293-01,gemma4,neutral
A00296-06,gemma4,favor
A00305-03,gemma4,irrelevant
A00307-05,gemma4,irrelevant
A00312-04,gemma4,oppose
A00321-06,gemma4,irrelevant
A00344-01,gemma4,favor
A00349-04,gemma4,favor
A00358-02,gemma4,favor
A00361-02,gemma4,favor
A00376-01,gemma4,neutral
A00376-02,gemma4,oppose
A00379-03,gemma4,favor
A00379-10,gemma4,favor
A00420-01,gemma4,favor
A00429-03,gemma4,favor
A00430-08,gemma4,oppose
A00438-05,gemma4,favor
A00462-09,gemma4,neutral
A00473-06,gemma4,oppose
A00476-12,gemma4,favor
A00486-05,gemma4,oppose
A00486-09,gemma4,favor
A00488-07,gemma4,favor
A00499-05,gemma4,favor
A00499-07,gemma4,oppose
A00503-04,gemma4,favor
A00505-07,gemma4,oppose
A00527-01,gemma4,irrelevant
A00531-03,gemma4,neutral
A00544-10,gemma4,neutral
A00548-04,gemma4,irrelevant
A00548-12,gemma4,oppose
A00550-10,gemma4,favor
A00552-06,gemma4,neutral
A00552-12,gemma4,irrelevant
A00555-01,gemma4,oppose
A00566-06,gemma4,irrelevant
A00574-06,gemma4,neutral
A00581-06,gemma4,irrelevant
A00586-01,gemma4,oppose
A00607-05,gemma4,neutral
A00608-08,gemma4,favor
A00612-03,gemma4,favor
A00615-09,gemma4,favor
A00618-02,gemma4,oppose
A00625-10,gemma4,irrelevant
A00632-06,gemma4,neutral
A00632-07,gemma4,oppose
A00632-09,gemma4,oppose
A00646-07,gemma4,neutral
A00659-03,gemma4,oppose
A00678-07,gemma4,neutral
A00680-06,gemma4,neutral
A00685-05,gemma4,oppose
A00697-04,gemma4,neutral
A00707-04,gemma4,oppose
A00712-04,gemma4,irrelevant
A00724-03,gemma4,favor
A00724-06,gemma4,irrelevant
A00745-04,gemma4,favor
A00756-03,gemma4,oppose
A00760-02,gemma4,oppose
A00764-02,gemma4,oppose
A00765-07,gemma4,oppose
A00765-09,gemma4,oppose
A00776-05,gemma4,oppose
A00785-05,gemma4,favor
A00793-04,gemma4,favor
A00799-07,gemma4,oppose
A00803-01,gemma4,oppose
A00803-06,gemma4,neutral
A00817-01,gemma4,oppose
A00818-05,gemma4,oppose
A00823-04,gemma4,favor
A00831-10,gemma4,oppose
A00839-04,gemma4,neutral
A00846-02,gemma4,oppose
A00846-03,gemma4,neutral
A00857-08,gemma4,neutral
A00860-08,gemma4,oppose
A00884-09,gemma4,favor
A00891-01,gemma4,favor
A00893-02,gemma4,neutral
A00896-03,gemma4,neutral
A00901-04,gemma4,favor
A00905-08,gemma4,neutral
A00907-04,gemma4,oppose
A00908-06,gemma4,irrelevant
A00917-04,gemma4,neutral
A00918-02,gemma4,oppose
A00923-01,gemma4,oppose
A00939-06,gemma4,oppose
A00948-01,gemma4,favor
A00959-08,gemma4,irrelevant
A00959-11,gemma4,oppose
A00974-02,gemma4,oppose
A00974-04,gemma4,favor
A00978-01,gemma4,neutral
A00978-02,gemma4,neutral
A00978-05,gemma4,oppose
A00983-07,gemma4,oppose
A00989-08,gemma4,favor
A00994-02,gemma4,neutral
A00995-02,gemma4,neutral
A00999-02,gemma4,neutral
A01005-02,gemma4,neutral
A01017-04,gemma4,favor
A01026-08,gemma4,neutral
A01032-02,gemma4,favor
A00004-04,gemma4,neutral
A00029-01,gemma4,neutral
A00031-02,gemma4,favor
A00032-01,gemma4,neutral
A00033-01,gemma4,neutral
A00040-02,gemma4,neutral
A00073-06,gemma4,neutral
A00080-06,gemma4,favor
A00080-10,gemma4,favor
A00082-01,gemma4,favor
A00082-07,gemma4,neutral
A00090-05,gemma4,neutral
A00095-09,gemma4,neutral
A00104-03,gemma4,favor
A00104-04,gemma4,irrelevant
A00107-08,gemma4,favor
A00108-06,gemma4,neutral
A00111-05,gemma4,neutral
A00119-05,gemma4,oppose
A00119-08,gemma4,favor
A00125-02,gemma4,irrelevant
A00131-04,gemma4,favor
A00138-09,gemma4,neutral
A00158-02,gemma4,favor
A00158-04,gemma4,neutral
A00160-06,gemma4,favor
A00165-01,gemma4,neutral
A00174-05,gemma4,favor
A00183-04,gemma4,favor
A00185-01,gemma4,oppose
A00188-12,gemma4,favor
A00190-09,gemma4,favor
A00191-01,gemma4,favor
A00191-03,gemma4,neutral
A00200-09,gemma4,favor
A00200-11,gemma4,neutral
A00206-03,gemma4,oppose
A00214-04,gemma4,favor
A00216-02,gemma4,favor
A00218-04,gemma4,neutral
A00218-06,gemma4,irrelevant
A00219-03,gemma4,irrelevant
A00253-10,gemma4,oppose
A00260-02,gemma4,favor
A00260-03,gemma4,favor
A00267-02,gemma4,favor
A00281-01,gemma4,favor
A00281-02,gemma4,irrelevant
A00281-03,gemma4,favor
A00287-02,gemma4,neutral
A00288-06,gemma4,favor
A00299-01,gemma4,irrelevant
A00331-03,gemma4,neutral
A00331-07,gemma4,neutral
A00331-09,gemma4,irrelevant
A00333-02,gemma4,neutral
A00357-02,gemma4,neutral
A00362-03,gemma4,irrelevant
A00372-08,gemma4,favor
A00396-06,gemma4,oppose
A00403-05,gemma4,neutral
A00406-12,gemma4,neutral
A00414-04,gemma4,favor
A00415-02,gemma4,favor
A00430-05,gemma4,oppose
A00447-04,gemma4,oppose
A00456-03,gemma4,oppose
A00461-01,gemma4,favor
A00468-06,gemma4,oppose
A00471-04,gemma4,irrelevant
A00486-08,gemma4,neutral
A00487-01,gemma4,neutral
A00487-02,gemma4,favor
A00487-05,gemma4,favor
A00491-06,gemma4,irrelevant
A00505-08,gemma4,irrelevant
A00506-06,gemma4,oppose
A00511-02,gemma4,favor
A00515-01,gemma4,favor
A00515-02,gemma4,neutral
A00525-02,gemma4,neutral
A00557-03,gemma4,favor
A00557-10,gemma4,neutral
A00571-02,gemma4,irrelevant
A00572-03,gemma4,favor
A00572-10,gemma4,favor
A00576-03,gemma4,oppose
A00577-05,gemma4,irrelevant
A00581-05,gemma4,favor
A00583-02,gemma4,favor
A00585-04,gemma4,favor
A00588-02,gemma4,favor
A00603-06,gemma4,favor
A00607-02,gemma4,irrelevant
A00610-01,gemma4,neutral
A00611-05,gemma4,favor
A00621-05,gemma4,favor
A00631-01,gemma4,neutral
A00638-01,gemma4,favor
A00647-07,gemma4,favor
A00651-07,gemma4,favor
A00654-11,gemma4,favor
A00655-02,gemma4,favor
A00656-09,gemma4,irrelevant
A00663-06,gemma4,favor
A00670-03,gemma4,favor
A00670-07,gemma4,favor
A00714-05,gemma4,oppose
A00714-07,gemma4,favor
A00730-02,gemma4,favor
A00730-05,gemma4,favor
A00730-06,gemma4,favor
A00731-04,gemma4,oppose
A00732-02,gemma4,favor
A00743-05,gemma4,favor
A00744-05,gemma4,neutral
A00746-01,gemma4,favor
A00759-01,gemma4,neutral
A00762-07,gemma4,favor
A00764-08,gemma4,oppose
A00764-09,gemma4,neutral
A00768-04,gemma4,neutral
A00769-03,gemma4,favor
A00775-08,gemma4,irrelevant
A00782-01,gemma4,favor
A00788-06,gemma4,neutral
A00791-02,gemma4,irrelevant
A00791-07,gemma4,favor
A00791-08,gemma4,irrelevant
A00793-01,gemma4,neutral
A00793-05,gemma4,neutral
A00794-08,gemma4,favor
A00796-05,gemma4,neutral
A00797-06,gemma4,favor
A00806-03,gemma4,favor
A00808-01,gemma4,neutral
A00813-06,gemma4,neutral
A00817-06,gemma4,irrelevant
A00819-02,gemma4,neutral
A00825-02,gemma4,favor
A00833-04,gemma4,favor
A00862-04,gemma4,neutral
A00866-01,gemma4,neutral
A00883-02,gemma4,neutral
A00884-01,gemma4,neutral
A00891-02,gemma4,favor
A00891-10,gemma4,neutral
A00915-06,gemma4,neutral
A00924-02,gemma4,favor
A00934-02,gemma4,neutral
A00938-11,gemma4,favor
A00956-05,gemma4,neutral
A00971-03,gemma4,irrelevant
A00981-04,gemma4,favor
A00990-03,gemma4,neutral
A00999-11,gemma4,neutral
A01004-04,gemma4,favor
A01007-01,gemma4,favor
A01025-02,gemma4,favor
A01035-01,gemma4,neutral
A01036-04,gemma4,favor
A01040-07,gemma4,irrelevant
A00002-03,llama31,favor
A00015-05,llama31,oppose
A00026-06,llama31,oppose
A00035-12,llama31,oppose
A00042-07,llama31,oppose
A00047-03,llama31,oppose
A00061-10,llama31,oppose
A00064-04,llama31,neutral
A00071-01,llama31,oppose
A00081-09,llama31,neutral
A00105-05,llama31,oppose
A00117-01,llama31,oppose
A00131-02,llama31,oppose
A00142-01,llama31,neutral
A00144-04,llama31,favor
A00144-05,llama31,oppose
A00149-08,llama31,oppose
A00151-07,llama31,oppose
A00156-03,llama31,oppose
A00174-01,llama31,oppose
A00187-08,llama31,oppose
A00187-10,llama31,oppose
A00188-04,llama31,oppose
A00188-08,llama31,oppose
A00189-03,llama31,oppose
A00189-06,llama31,oppose
A00189-09,llama31,favor
A00192-08,llama31,oppose
A00194-02,llama31,oppose
A00225-01,llama31,favor
A00228-01,llama31,neutral
A00232-08,llama31,oppose
A00241-01,llama31,favor
A00242-04,llama31,oppose
A00255-09,llama31,oppose
A00258-01,llama31,oppose
A00266-08,llama31,oppose
A00269-09,llama31,oppose
A00289-04,llama31,favor
A00296-03,llama31,oppose
A00302-10,llama31,oppose
A00308-08,llama31,favor
A00308-09,llama31,oppose
A00313-11,llama31,favor
A00317-03,llama31,oppose
A00320-04,llama31,oppose
A00326-05,llama31,favor
A00328-03,llama31,oppose
A00328-08,llama31,irrelevant
A00329-07,llama31,favor
A00339-02,llama31,irrelevant
A00342-01,llama31,favor
A00342-08,llama31,irrelevant
A00345-03,llama31,neutral
A00354-04,llama31,oppose
A00357-09,llama31,favor
A00357-10,llama31,irrelevant
A00360-01,llama31,irrelevant
A00360-03,llama31,neutral
A00360-04,llama31,oppose
A00375-04,llama31,oppose
A00381-04,llama31,oppose
A00381-06,llama31,favor
A00402-02,llama31,oppose
A00405-03,llama31,irrelevant
A00424-02,llama31,oppose
A00425-01,llama31,favor
A00428-08,llama31,oppose
A00438-03,llama31,favor
A00439-05,llama31,oppose
A00440-06,llama31,neutral
A00457-06,llama31,oppose
A00462-07,llama31,favor
A00482-04,llama31,neutral
A00490-02,llama31,oppose
A00490-07,llama31,oppose
A00491-03,llama31,favor
A00495-02,llama31,favor
A00498-05,llama31,oppose
A00509-04,llama31,neutral
A00527-06,llama31,oppose
A00541-08,llama31,neutral
A00545-03,llama31,favor
A00562-03,llama31,neutral
A00563-03,llama31,oppose
A00567-02,llama31,irrelevant
A00582-12,llama31,oppose
A00583-06,llama31,neutral
A00583-07,llama31,oppose
A00592-05,llama31,oppose
A00595-03,llama31,neutral
A00603-01,llama31,favor
A00604-03,llama31,favor
A00604-09,llama31,oppose
A00605-01,llama31,oppose
A00611-03,llama31,oppose
A00611-10,llama31,favor
A00615-05,llama31,oppose
A00615-06,llama31,favor
A00624-05,llama31,oppose
A00633-09,llama31,oppose
A00637-04,llama31,neutral
A00650-02,llama31,oppose
A00654-05,llama31,oppose
A00660-03,llama31,neutral
A00660-04,llama31,oppose
A00675-02,llama31,oppose
A00675-03,llama31,oppose
A00675-04,llama31,oppose
A00690-04,llama31,favor
A00699-06,llama31,oppose
A00710-03,llama31,neutral
A00711-06,llama31,oppose
A00717-02,llama31,oppose
A00722-09,llama31,neutral
A00723-07,llama31,oppose
A00723-08,llama31,oppose
A00728-03,llama31,oppose
A00735-02,llama31,oppose
A00735-06,llama31,favor
A00747-03,llama31,favor
A00748-03,llama31,oppose
A00755-01,llama31,favor
A00759-05,llama31,neutral
A00763-04,llama31,oppose
A00763-05,llama31,oppose
A00768-05,llama31,oppose
A00782-04,llama31,oppose
A00785-08,llama31,oppose
A00785-09,llama31,oppose
A00796-01,llama31,oppose
A00805-01,llama31,favor
A00812-04,llama31,neutral
A00815-02,llama31,oppose
A00819-07,llama31,neutral
A00819-09,llama31,oppose
A00821-01,llama31,oppose
A00821-04,llama31,favor
A00828-02,llama31,oppose
A00828-06,llama31,oppose
A00849-03,llama31,favor
A00856-01,llama31,oppose
A00878-02,llama31,favor
A00883-04,llama31,favor
A00891-05,llama31,irrelevant
A00891-07,llama31,oppose
A00895-01,llama31,irrelevant
A00923-03,llama31,favor
A00938-10,llama31,favor
A00944-01,llama31,oppose
A00945-04,llama31,oppose
A00952-04,llama31,irrelevant
A00970-04,llama31,irrelevant
A00980-11,llama31,favor
A00981-05,llama31,oppose
A00987-01,llama31,favor
A00999-10,llama31,oppose
A01019-01,llama31,favor
A01020-01,llama31,neutral
A01022-03,llama31,oppose
A00011-02,llama31,favor
A00014-04,llama31,oppose
A00014-05,llama31,neutral
A00021-02,llama31,favor
A00022-01,llama31,favor
A00025-01,llama31,oppose
A00025-05,llama31,favor
A00025-09,llama31,oppose
A00035-06,llama31,oppose
A00041-08,llama31,favor
A00041-12,llama31,irrelevant
A00043-03,llama31,neutral
A00052-01,llama31,neutral
A00052-03,llama31,neutral
A00066-07,llama31,favor
A00066-08,llama31,oppose
A00079-02,llama31,neutral
A00084-01,llama31,irrelevant
A00087-08,llama31,irrelevant
A00091-01,llama31,oppose
A00098-12,llama31,favor
A00107-04,llama31,neutral
A00108-02,llama31,irrelevant
A00115-02,llama31,oppose
A00124-01,llama31,favor
A00134-07,llama31,favor
A00158-01,llama31,neutral
A00166-02,llama31,favor
A00170-06,llama31,oppose
A00173-05,llama31,oppose
A00175-08,llama31,oppose
A00176-06,llama31,favor
A00180-03,llama31,favor
A00185-11,llama31,neutral
A00191-04,llama31,favor
A00232-01,llama31,irrelevant
A00236-09,llama31,oppose
A00236-11,llama31,oppose
A00254-01,llama31,oppose
A00254-04,llama31,favor
A00276-04,llama31,neutral
A00276-05,llama31,oppose
A00281-04,llama31,favor
A00282-02,llama31,irrelevant
A00285-07,llama31,oppose
A00293-01,llama31,favor
A00296-06,llama31,favor
A00305-03,llama31,irrelevant
A00307-05,llama31,neutral
A00312-04,llama31,oppose
A00321-06,llama31,neutral
A00344-01,llama31,favor
A00349-04,llama31,irrelevant
A00358-02,llama31,favor
A00361-02,llama31,favor
A00376-01,llama31,oppose
A00376-02,llama31,favor
A00379-03,llama31,neutral
A00379-10,llama31,favor
A00420-01,llama31,irrelevant
A00429-03,llama31,favor
A00430-08,llama31,oppose
A00438-05,llama31,favor
A00462-09,llama31,neutral
A00473-06,llama31,oppose
A00476-12,llama31,neutral
A00486-05,llama31,oppose
A00486-09,llama31,favor
A00488-07,llama31,favor
A00499-05,llama31,favor
A00499-07,llama31,neutral
A00503-04,llama31,favor
A00505-07,llama31,neutral
A00527-01,llama31,oppose
A00531-03,llama31,irrelevant
A00544-10,llama31,neutral
A00548-04,llama31,irrelevant
A00548-12,llama31,favor
A00550-10,llama31,neutral
A00552-06,llama31,neutral
A00552-12,llama31,irrelevant
A00555-01,llama31,oppose
A00566-06,llama31,irrelevant
A00574-06,llama31,neutral
A00581-06,llama31,neutral
A00586-01,llama31,oppose
A00607-05,llama31,neutral
A00608-08,llama31,irrelevant
A00612-03,llama31,favor
A00615-09,llama31,favor
A00618-02,llama31,irrelevant
A00625-10,llama31,oppose
A00632-06,llama31,favor
A00632-07,llama31,oppose
A00632-09,llama31,oppose
A00646-07,llama31,favor
A00659-03,llama31,neutral
A00678-07,llama31,neutral
A00680-06,llama31,neutral
A00685-05,llama31,oppose
A00697-04,llama31,oppose
A00707-04,llama31,oppose
A00712-04,llama31,irrelevant
A00724-03,llama31,favor
A00724-06,llama31,neutral
A00745-04,llama31,favor
A00756-03,llama31,oppose
A00760-02,llama31,favor
A00764-02,llama31,oppose
A00765-07,llama31,neutral
A00765-09,llama31,oppose
A00776-05,llama31,oppose
A00785-05,llama31,favor
A00793-04,llama31,favor
A00799-07,llama31,oppose
A00803-01,llama31,oppose
A00803-06,llama31,neutral
A00817-01,llama31,irrelevant
A00818-05,llama31,oppose
A00823-04,llama31,favor
A00831-10,llama31,oppose
A00839-04,llama31,neutral
A00846-02,llama31,oppose
A00846-03,llama31,oppose
A00857-08,llama31,neutral
A00860-08,llama31,oppose
A00884-09,llama31,favor
A00891-01,llama31,favor
A00893-02,llama31,neutral
A00896-03,llama31,oppose
A00901-04,llama31,favor
A00905-08,llama31,neutral
A00907-04,llama31,neutral
A00908-06,llama31,neutral
A00917-04,llama31,neutral
A00918-02,llama31,oppose
A00923-01,llama31,oppose
A00939-06,llama31,favor
A00948-01,llama31,favor
A00959-08,llama31,oppose
A00959-11,llama31,oppose
A00974-02,llama31,oppose
A00974-04,llama31,oppose
A00978-01,llama31,oppose
A00978-02,llama31,neutral
A00978-05,llama31,favor
A00983-07,llama31,oppose
A00989-08,llama31,favor
A00994-02,llama31,neutral
A00995-02,llama31,neutral
A00999-02,llama31,neutral
A01005-02,llama31,neutral
A01017-04,llama31,favor
A01026-08,llama31,neutral
A01032-02,llama31,favor
A00004-04,llama31,neutral
A00029-01,llama31,neutral
A00031-02,llama31,favor
A00032-01,llama31,neutral
A00033-01,llama31,neutral
A00040-02,llama31,neutral
A00073-06,llama31,favor
A00080-06,llama31,favor
A00080-10,llama31,irrelevant
A00082-01,llama31,favor
A00082-07,llama31,neutral
A00090-05,llama31,neutral
A00095-09,llama31,favor
A00104-03,llama31,favor
A00104-04,llama31,neutral
A00107-08,llama31,favor
A00108-06,llama31,neutral
A00111-05,llama31,neutral
A00119-05,llama31,oppose
A00119-08,llama31,favor
A00125-02,llama31,neutral
A00131-04,llama31,favor
A00138-09,llama31,neutral
A00158-02,llama31,oppose
A00158-04,llama31,neutral
A00160-06,llama31,favor
A00165-01,llama31,neutral
A00174-05,llama31,favor
A00183-04,llama31,favor
A00185-01,llama31,irrelevant
A00188-12,llama31,favor
A00190-09,llama31,favor
A00191-01,llama31,neutral
A00191-03,llama31,oppose
A00200-09,llama31,favor
A00200-11,llama31,neutral
A00206-03,llama31,oppose
A00214-04,llama31,irrelevant
A00216-02,llama31,favor
A00218-04,llama31,neutral
A00218-06,llama31,irrelevant
A00219-03,llama31,favor
A00253-10,llama31,favor
A00260-02,llama31,favor
A00260-03,llama31,oppose
A00267-02,llama31,favor
A00281-01,llama31,favor
A00281-02,llama31,irrelevant
A00281-03,llama31,favor
A00287-02,llama31,oppose
A00288-06,llama31,favor
A00299-01,llama31,irrelevant
A00331-03,llama31,irrelevant
A00331-07,llama31,irrelevant
A00331-09,llama31,favor
A00333-02,llama31,neutral
A00357-02,llama31,favor
A00362-03,llama31,irrelevant
A00372-08,llama31,favor
A00396-06,llama31,irrelevant
A00403-05,llama31,neutral
A00406-12,llama31,neutral
A00414-04,llama31,favor
A00415-02,llama31,favor
A00430-05,llama31,neutral
A00447-04,llama31,oppose
A00456-03,llama31,oppose
A00461-01,llama31,favor
A00468-06,llama31,irrelevant
A00471-04,llama31,irrelevant
A00486-08,llama31,neutral
A00487-01,llama31,oppose
A00487-02,llama31,irrelevant
A00487-05,llama31,favor
A00491-06,llama31,neutral
A00505-08,llama31,irrelevant
A00506-06,llama31,neutral
A00511-02,llama31,favor
A00515-01,llama31,favor
A00515-02,llama31,favor
A00525-02,llama31,neutral
A00557-03,llama31,favor
A00557-10,llama31,irrelevant
A00571-02,llama31,neutral
A00572-03,llama31,favor
A00572-10,llama31,favor
A00576-03,llama31,oppose
A00577-05,llama31,neutral
A00581-05,llama31,favor
A00583-02,llama31,favor
A00585-04,llama31,favor
A00588-02,llama31,favor
A00603-06,llama31,favor
A00607-02,llama31,oppose
A00610-01,llama31,neutral
A00611-05,llama31,oppose
A00621-05,llama31,irrelevant
A00631-01,llama31,favor
A00638-01,llama31,oppose
A00647-07,llama31,irrelevant
A00651-07,llama31,favor
A00654-11,llama31,neutral
A00655-02,llama31,favor
A00656-09,llama31,favor
A00663-06,llama31,favor
A00670-03,llama31,favor
A00670-07,llama31,oppose
A00714-05,llama31,oppose
A00714-07,llama31,favor
A00730-02,llama31,favor
A00730-05,llama31,favor
A00730-06,llama31,favor
A00731-04,llama31,favor
A00732-02,llama31,favor
A00743-05,llama31,neutral
A00744-05,llama31,irrelevant
A00746-01,llama31,favor
A00759-01,llama31,neutral
A00762-07,llama31,favor
A00764-08,llama31,oppose
A00764-09,llama31,neutral
A00768-04,llama31,neutral
A00769-03,llama31,favor
A00775-08,llama31,irrelevant
A00782-01,llama31,favor
A00788-06,llama31,neutral
A00791-02,llama31,neutral
A00791-07,llama31,favor
A00791-08,llama31,favor
A00793-01,llama31,favor
A00793-05,llama31,oppose
A00794-08,llama31,favor
A00796-05,llama31,neutral
A00797-06,llama31,favor
A00806-03,llama31,irrelevant
A00808-01,llama31,irrelevant
A00813-06,llama31,neutral
A00817-06,llama31,favor
A00819-02,llama31,neutral
A00825-02,llama31,favor
A00833-04,llama31,irrelevant
A00862-04,llama31,neutral
A00866-01,llama31,neutral
A00883-02,llama31,neutral
A00884-01,llama31,neutral
A00891-02,llama31,favor
A00891-10,llama31,neutral
A00915-06,llama31,neutral
A00924-02,llama31,favor
A00934-02,llama31,oppose
A00938-11,llama31,favor
A00956-05,llama31,neutral
A00971-03,llama31,neutral
A00981-04,llama31,favor
A00990-03,llama31,neutral
A00999-11,llama31,neutral
A01004-04,llama31,favor
A01007-01,llama31,neutral
A01025-02,llama31,favor
A01035-01,llama31,neutral
A01036-04,llama31,neutral
A01040-07,llama31,oppose
