Year,label,fit,lo,hi
2000,Topic 13 theme,0.22708451836675828,0.04576597807466141,0.6428310715433949
2001,Topic 13 theme,0.2605460352298742,0.07430840348428186,0.6073179372024681
2002,Topic 13 theme,0.2965195645433944,0.11523028084918291,0.5770173342522646
2003,Topic 13 theme,0.33409091501220034,0.166495702614849,0.557541278599161
2004,Topic 13 theme,0.37213202360657643,0.21893370279477364,0.5561937551637721
2005,Topic 13 theme,0.40939670836352743,0.25947385007514795,0.578296731222566
2006,Topic 13 theme,0.4446316444835146,0.28333402895603077,0.6185061723176635
2007,Topic 13 theme,0.4766751599828136,0.2973245265655056,0.6622498933625791
2008,Topic 13 theme,0.5045212795667888,0.3101550878300631,0.6975304535197043
2009,Topic 13 theme,0.5274162678179107,0.32760086480344464,0.7188180862813266
2010,Topic 13 theme,0.5456544882098046,0.35139342320454564,0.7269446699730748
2011,Topic 13 theme,0.560183967662538,0.38043649214259445,0.7254210433521923
2012,Topic 13 theme,0.5719767383699018,0.4122218684407215,0.7180135435409054
2013,Topic 13 theme,0.581994828369413,0.4430163740168365,0.7090685687040016
2014,Topic 13 theme,0.5911818365081768,0.46851839704208126,0.7034538813860746
2015,Topic 13 theme,0.600459623222044,0.48594528336553006,0.7049526582269149
2016,Topic 13 theme,0.6107232726883134,0.4968596000660227,0.7136685772647504
2017,Topic 13 theme,0.6228220971721249,0.5069294045022676,0.7261882620312915
2018,Topic 13 theme,0.637108488997636,0.5208801100563939,0.7392555815909471
2019,Topic 13 theme,0.6532118172702152,0.5386507451860026,0.7524016721114353
2020,Topic 13 theme,0.6706891304322171,0.557452783404705,0.7670586278491607
2021,Topic 13 theme,0.6890947623404934,0.5732732729648073,0.7852559013882778
2022,Topic 13 theme,0.707992579518618,0.582702131174363,0.8080568135218331
2023,Topic 13 theme,0.7269694309525613,0.5845299963660416,0.8344091176912216
2024,Topic 13 theme,0.7456481445710653,0.5796604830096894,0.8617248803447591
2025,Topic 13 theme,0.7636984080485579,0.5699142021678208,0.8874172693116568
2000,Topic 22 theme,0.29571107386601825,0.16148827908420252,0.4779104856263339
2001,Topic 22 theme,0.2961652870506664,0.1804339057741751,0.4457540543330028
2002,Topic 22 theme,0.29686765170759855,0.1967937438934708,0.4211481050819948
2003,Topic 22 theme,0.29806750831386797,0.2079123554689835,0.40721775759188944
2004,Topic 22 theme,0.3000175617741123,0.21258668494842928,0.4049154986721293
2005,Topic 22 theme,0.3029767836499688,0.2126253938052576,0.4116489546170516
2006,Topic 22 theme,0.30721434122153235,0.2116407980804356,0.42280072341263447
2007,Topic 22 theme,0.31301435080649204,0.21290193275678707,0.4342314147547593
2008,Topic 22 theme,0.32068109317364285,0.21864872203977279,0.44331260378635867
2009,Topic 22 theme,0.3304770231299474,0.22997824937074152,0.4492694942099196
2010,Topic 22 theme,0.3418957846589364,0.24500333523679893,0.4540616293854393
2011,Topic 22 theme,0.3538767167192377,0.2593625228631987,0.4613773500034617
2012,Topic 22 theme,0.36527747559075296,0.2684849374017258,0.47433798679417644
2013,Topic 22 theme,0.374895095473874,0.27021735037155153,0.49274391697737463
2014,Topic 22 theme,0.38149239118921685,0.265829687547523,0.5123594887998562
2015,Topic 22 theme,0.3838317346913109,0.2581100816851755,0.5272686838115775
2016,Topic 22 theme,0.3807151111491583,0.2494523765664426,0.5320826060057537
2017,Topic 22 theme,0.37105147147779804,0.24106730488160513,0.5228390118643502
2018,Topic 22 theme,0.35467124649847115,0.2320092146037667,0.49996586743080723
2019,Topic 22 theme,0.3327524824513757,0.21865837986915543,0.4705285929529871
2020,Topic 22 theme,0.3067138979448409,0.19638228142937267,0.4447282422063166
2021,Topic 22 theme,0.2780605613094945,0.16367235660081267,0.43117696254364474
2022,Topic 22 theme,0.24829525499388005,0.1255791464016428,0.43172307308107044
2023,Topic 22 theme,0.21880675846881123,0.08968421648906519,0.44330230385992975
2024,Topic 22 theme,0.19076207094315262,0.060716616493541466,0.46226383628590095
2025,Topic 22 theme,0.1650311177600119,0.03970790019093107,0.48579545476589703
2000,Topic 24 theme,0.0830736941220259,0.007382467802751652,0.5246398831750875
2001,Topic 24 theme,0.0952267174158581,0.013908976283481762,0.4398838550646151
2002,Topic 24 theme,0.10837146008889541,0.024832601079590236,0.36713723514563196
2003,Topic 24 theme,0.12180811518803386,0.040214557765220246,0.3146744052405579
2004,Topic 24 theme,0.1345679141935378,0.055875099192539184,0.29004198467862896
2005,Topic 24 theme,0.1454619783804422,0.06415043631711051,0.2971161171445965
2006,Topic 24 theme,0.1531879208523326,0.06319710331486747,0.32664200277452515
2007,Topic 24 theme,0.15648765052644303,0.057974706917479246,0.3586635141927137
2008,Topic 24 theme,0.1543432445292512,0.05254320400631907,0.37525833109140266
2009,Topic 24 theme,0.14630170042601953,0.048442402953812316,0.3658437259464516
2010,Topic 24 theme,0.13369580518668023,0.045603925343718744,0.33264349962419
2011,Topic 24 theme,0.11878668923112613,0.043328643371578296,0.28632610710916706
2012,Topic 24 theme,0.1035438851565057,0.040797597786009915,0.2387711077259948
2013,Topic 24 theme,0.08941798505174663,0.037311472818726765,0.19923297003918855
2014,Topic 24 theme,0.07730513888423274,0.03276291963133552,0.17165685433489147
2015,Topic 24 theme,0.0676459801592905,0.027922771465779966,0.15487625673797747
2016,Topic 24 theme,0.06059328387776608,0.023908041284523035,0.14519608279351134
2017,Topic 24 theme,0.05618905270257006,0.02148155876933667,0.1390068822229994
2018,Topic 24 theme,0.05422802776762279,0.020761296521522768,0.13424653300210204
2019,Topic 24 theme,0.05424585993502804,0.021365583876286592,0.13095567967847743
2020,Topic 24 theme,0.05595732294477114,0.022826085234793243,0.13074320520508223
2021,Topic 24 theme,0.05921147952487268,0.02443614707626059,0.13654898633677728
2022,Topic 24 theme,0.06392771901670982,0.025271955247369707,0.15246254507574086
2023,Topic 24 theme,0.07004402909803124,0.0247061861665012,0.18297183826910512
2024,Topic 24 theme,0.07746888798478092,0.02284143182294796,0.2317570297101208
2025,Topic 24 theme,0.08603366014093933,0.020234857523111598,0.3002297402448462
