Year,topic,fit,lo,hi
2000,1,0.03211308871181952,0.024812822381370576,0.03795732242450847
2001,1,0.033307483474985154,0.028866197092201902,0.03712146539782509
2002,1,0.03446626964612456,0.031078187604636796,0.03809474650481409
2003,1,0.035553838633211474,0.031384052266727504,0.03972946448767921
2004,1,0.03653458184421966,0.03197306912137768,0.04143715591549495
2005,1,0.03738433390551922,0.03286777664419739,0.042091574553905275
2006,1,0.0381247023170656,0.033855519326835344,0.042715781801951985
2007,1,0.038788737797210586,0.03487156431487056,0.04306292831742813
2008,1,0.039409491064305975,0.03569188823635925,0.043192896964441355
2009,1,0.040020012836703554,0.03632946760840122,0.044526651951031226
2010,1,0.04065335383275512,0.03662539036974786,0.0456077193190976
2011,1,0.04131785904039847,0.03746964713952506,0.045843613717981124
2012,1,0.04192305052591549,0.038311274369020216,0.045641590402730844
2013,1,0.042353744625174085,0.03898193029682173,0.045973890877838326
2014,1,0.04249475767404214,0.03944229113333079,0.046136387826205855
2015,1,0.04223090600838757,0.03863147683809619,0.04592477675004393
2016,1,0.041491644315542364,0.03754306265312654,0.044721070567244045
2017,1,0.04038498068869495,0.03640239876516605,0.044084360649425294
2018,1,0.039063561572497865,0.035162367672342675,0.043260668342279596
2019,1,0.03768003341160362,0.03328747486404286,0.043199372203069616
2020,1,0.036387042650664767,0.03079444805831525,0.042722800779839365
2021,1,0.03533723573433381,0.029509755168416717,0.04157413058505047
2022,1,0.03464132510443536,0.029651886370303377,0.03964730062575655
2023,1,0.03424228719148223,0.030684511208914432,0.03839142363581554
2024,1,0.03404116442315932,0.029582956338209454,0.03954988686820028
2025,1,0.03393899922715152,0.028114693271651302,0.04176224950681941
2000,2,0.05347839308220721,0.04325886728860716,0.06350126289135899
2001,2,0.052832075442292806,0.04578387740166412,0.05816704965644425
2002,2,0.05216397189129343,0.047945285848145835,0.05741571553819977
2003,2,0.051452296518124135,0.04628518489196026,0.056965560222838274
2004,2,0.050675263411699936,0.04376010850378258,0.05673842757178528
2005,2,0.049814765816581,0.042275821828563334,0.05573666774836816
2006,2,0.048867413599907934,0.041840591125274884,0.054627774382327146
2007,2,0.047833495784466495,0.042092346997947824,0.05351117778230219
2008,2,0.04671330139304242,0.04149628639481676,0.05189355983338571
2009,2,0.04550711944842143,0.040347118730708995,0.05099550902049754
2010,2,0.04421523897338929,0.03902855398143235,0.04963282904257247
2011,2,0.042845749535376815,0.037884133109448,0.04840675129442365
2012,2,0.04143794288039521,0.03724780976605649,0.046554531780299044
2013,2,0.04003891129910076,0.03597701005550218,0.04467444220986568
2014,2,0.03869574708214977,0.03391535996107748,0.044360311401624886
2015,2,0.03745554252019851,0.031959638490901596,0.04323468674527006
2016,2,0.03635210118744524,0.030912012335437146,0.041580148271589484
2017,2,0.035366071792255996,0.030638486403279167,0.04123851613342022
2018,2,0.034464814326538806,0.030456937835128622,0.040130355901721156
2019,2,0.03361568878220168,0.028918942318476068,0.039431963069520876
2020,2,0.032786055151152634,0.027052422560926437,0.03897180673398734
2021,2,0.03194327342529966,0.026139364417155073,0.03796992970869971
2022,2,0.031062051435520117,0.0264360216674334,0.03633471667026614
2023,2,0.030146488368568643,0.02699688827262206,0.034858478907154315
2024,2,0.029208031250169218,0.023646530459087697,0.03295541493928042
2025,2,0.028258127106045812,0.0198707449993687,0.03404335060135705
2000,3,0.04676302241086437,0.03996976306871954,0.05426038781740808
2001,3,0.04669033574050311,0.04215242910815151,0.05058523530428763
2002,3,0.04663519243192051,0.043307222723789285,0.05015215703998406
2003,3,0.046615135846895236,0.04291839511564534,0.05113313250314175
2004,3,0.04664770934720594,0.041542004423124224,0.052381737259339256
2005,3,0.046736893327498474,0.04186548712312274,0.05270336186368717
2006,3,0.046832416313887404,0.043260452169561606,0.052263690140805896
2007,3,0.04687044386535446,0.04364113132756384,0.05132221644228355
2008,3,0.04678714154088141,0.04314818767607242,0.05050829695545497
2009,3,0.04651867489944998,0.04263577831633801,0.05132011829178683
2010,3,0.04600120950004193,0.04224521359139305,0.05163255640167673
2011,3,0.04519528418969585,0.04178075307178698,0.050420431234183646
2012,3,0.044158930967677784,0.04034255324953373,0.04849043401535427
2013,3,0.042974555121310605,0.03896411499773429,0.046523460297045474
2014,3,0.041724561937917216,0.03705141921070162,0.04550294521970172
2015,3,0.040491356704820486,0.03556964415127952,0.044226873288908744
2016,3,0.039329483524054895,0.034764467231826204,0.04287364925600912
2017,3,0.038182041756501216,0.03394404706514572,0.041140694832325186
2018,3,0.0369642695777518,0.03300247142777289,0.03961559497477014
2019,3,0.03559140516339901,0.030803087917774974,0.03888667039788568
2020,3,0.0339786866890352,0.028949914957445755,0.03843788392149983
2021,3,0.03204135233025272,0.027392121733978696,0.037038355964899364
2022,3,0.029725824637912977,0.025239462401162645,0.03444791414911841
2023,3,0.027103263663953502,0.022558625842085407,0.03088285477267287
2024,3,0.024276013835580867,0.018679577919463654,0.02799507962525949
2025,3,0.021346419580001656,0.013752380992638636,0.02668820358894653
2000,4,0.03702689078118576,0.03068109706639938,0.04895063077180358
2001,4,0.036095182031000025,0.031186467421051245,0.044393810383260485
2002,4,0.035361241928144785,0.030141456415061264,0.04028012528618877
2003,4,0.03502283911995051,0.029564916688635264,0.03812998109035039
2004,4,0.035277742253747704,0.029983142323702743,0.03918737158613622
2005,4,0.03624352900146022,0.03158319664851563,0.04026710042310365
2006,4,0.037717013133385414,0.03406967339772837,0.04219893973659519
2007,4,0.039414817444414024,0.036066035814002445,0.044303406386449536
2008,4,0.04105356472943679,0.037423825242969416,0.04596954179507212
2009,4,0.042349877783344425,0.03808662264121067,0.04711394267703083
2010,4,0.04302037940102768,0.03782861503547231,0.0481123536132014
2011,4,0.04288875990724516,0.03751647388054961,0.04758920820328276
2012,4,0.04220697974622701,0.03723177930692628,0.046645140887942416
2013,4,0.04133406689207125,0.03634912473946081,0.04560424141769437
2014,4,0.04062904931887591,0.035582689264814844,0.045827201996988684
2015,4,0.04045095500073901,0.03603666275502281,0.04587935573939333
2016,4,0.041029650622431274,0.03748151293549738,0.045925617284201484
2017,4,0.04207835771141417,0.03886858555907491,0.0464150018950362
2018,4,0.04318113650582187,0.03963812074555873,0.04767676715934655
2019,4,0.04392204724378855,0.040097035442712065,0.04811116642187037
2020,4,0.043885150163448385,0.039865639091078084,0.04886382047505729
2021,4,0.04265450550293553,0.03836907354931854,0.04776123866146864
2022,4,0.03995056709994674,0.03598731746592117,0.04432142853231022
2023,4,0.036039363190429066,0.032601997930254346,0.039487782434965826
2024,4,0.03132331560989214,0.027620742570649316,0.03581976256011443
2025,4,0.026204846193845586,0.021314761761677927,0.03317257933586776
2000,5,0.02332207007277844,0.017871585361956287,0.028522993897941253
2001,5,0.025195470686398082,0.021412083219555032,0.02937131949409491
2002,5,0.026988438371779083,0.024299901912761875,0.03064715362736844
2003,5,0.02862054020068281,0.02580242199252252,0.03168492273579328
2004,5,0.03001134324487063,0.026502075343591662,0.03308965775992396
2005,5,0.031115377209933806,0.027029588591976867,0.034216656379445896
2006,5,0.03202702233678328,0.027972635624618214,0.035209733099034836
2007,5,0.032875621500159866,0.028940062064897236,0.036666420268608696
2008,5,0.033790517574804425,0.02964813590227502,0.03834995222470694
2009,5,0.034901053435457775,0.03068439984224189,0.039816034480324954
2010,5,0.03633657195686076,0.03195292393093864,0.04090449841616064
2011,5,0.03816905044463199,0.03453188186891501,0.04205453235637298
2012,5,0.040241003927901135,0.036946895354228695,0.04347859197452061
2013,5,0.04233758186667565,0.03811617451214511,0.045263678592722276
2014,5,0.04424393372096297,0.03921460164444284,0.04762237249648418
2015,5,0.04574520895077054,0.039533719443322735,0.05007494193624658
2016,5,0.04671169891646427,0.040123689577836276,0.051020293291677475
2017,5,0.047354262579843896,0.040838419389024355,0.05138996214872282
2018,5,0.04796890080306758,0.04131388734974316,0.05165176475264657
2019,5,0.0488516144482935,0.04243724544514259,0.053519210059178896
2020,5,0.050298404377679844,0.044421257660111534,0.05576253382671062
2021,5,0.052605271453384804,0.04718017101364189,0.058120315946312
2022,5,0.055970713143520305,0.051502956384603886,0.06121373280347578
2023,5,0.06020321334001339,0.05627775839137221,0.06552091363362549
2024,5,0.06501375254074487,0.058670274652852114,0.07090430244927133
2025,5,0.07011331124359556,0.06037231978442104,0.07679709889470315
2000,6,0.03868928933038741,0.030476706637456594,0.04730153625848889
2001,6,0.03445173095116582,0.03007417078208264,0.04128846669007023
2002,6,0.030749212775050418,0.027991671417269375,0.03587507541297737
2003,6,0.028116775005147376,0.025586954032519642,0.031973864570606025
2004,6,0.02708945784456288,0.024359156656579783,0.031487805797204664
2005,6,0.0280050200093622,0.02491447790965266,0.032379612034827594
2006,6,0.03041209426744693,0.02713470285468439,0.0349263278151414
2007,6,0.03366203189967776,0.03006416340629353,0.03802899362507075
2008,6,0.03710618418691538,0.03256736400214829,0.04106003300557594
2009,6,0.040095902410020465,0.03480321995717732,0.044532026776045244
2010,6,0.04198253784985371,0.03609529550170369,0.046658940254031625
2011,6,0.04233604376841105,0.036522283049105694,0.04678244020460227
2012,6,0.041600781352229395,0.03640945487573775,0.04549535162854705
2013,6,0.04043971376898092,0.03614509172112769,0.044438836442156834
2014,6,0.039515804186337815,0.03552819101629162,0.04352485309256811
2015,6,0.039492015771972235,0.035550832957106974,0.043901955585937624
2016,6,0.04082781334463863,0.03686870179688413,0.04543420993884173
2017,6,0.04316866832742059,0.03943676964399606,0.04817239242929633
2018,6,0.045956553794484004,0.04105326532498039,0.051852960762476516
2019,6,0.04863344281999472,0.04266570035264651,0.055152397858837174
2020,6,0.0506413084781186,0.043932180528526654,0.05732800382381489
2021,6,0.051422123843021555,0.04446608890809867,0.05812825983390459
2022,6,0.050585244693969064,0.044020185339888274,0.0563788052419007
2023,6,0.048409557630625266,0.04278237994145857,0.05203551259064934
2024,6,0.04534133195775393,0.04038111631668881,0.0497686623657392
2025,6,0.04182683698011882,0.036130847283396036,0.0485040531047307
2000,7,0.026068340251247615,0.017501499835668337,0.03231179633661841
2001,7,0.027579631428234705,0.0213276422368592,0.03246513584659444
2002,7,0.029112817611701976,0.024735491345120517,0.03271228033485918
2003,7,0.030689793808129622,0.02685076466269421,0.03419302650047182
2004,7,0.03233245502399782,0.028258825817391923,0.036262752120749094
2005,7,0.034043880486622394,0.03057880245483298,0.037461592862539465
2006,7,0.03575188630666165,0.03287328076492565,0.03868691207274165
2007,7,0.037365472815609535,0.03446997025008189,0.041162762775484744
2008,7,0.038793640344959995,0.03475454930832427,0.043160085916406035
2009,7,0.03994538922620697,0.03473092058815511,0.044683728996598865
2010,7,0.040729719790844394,0.034448716097228355,0.04582113281513231
2011,7,0.04110131636766042,0.034966471312258066,0.04585575516360654
2012,7,0.04119759927461995,0.03561845720128025,0.04526275888484799
2013,7,0.04120167282698211,0.036140492763630336,0.044654117493368575
2014,7,0.041296641340006005,0.03656401698978534,0.044712273630418506
2015,7,0.04166560912895074,0.036359882512315894,0.04535337378613357
2016,7,0.04245026267720323,0.036856214334261804,0.04686831747696374
2017,7,0.04362661714066155,0.03866993350447719,0.04829760578082015
2018,7,0.04512926984335159,0.040765802256157946,0.05014078314121581
2019,7,0.0468928181092992,0.041188359717051294,0.052818926031916
2020,7,0.048851859262530266,0.0419874905218338,0.055622466150036035
2021,7,0.05094099062707067,0.04328530291582193,0.0580586412506931
2022,7,0.05310301465896966,0.045626669858646295,0.059328862114650764
2023,7,0.05531355434237006,0.048791158852587266,0.060759291737605775
2024,7,0.05755643779343805,0.0506158794997917,0.063137335016001
2025,7,0.05981549312833986,0.05034030436264212,0.06825871437787079
2000,8,0.0425823771979314,0.031705340139299855,0.049823763970871134
2001,8,0.0434536933323402,0.03642779096465458,0.04739610705047613
2002,8,0.044234217881205254,0.04075125629119289,0.047142587741643274
2003,8,0.04483315925898283,0.04160544048762513,0.04772032426942387
2004,8,0.04515972588012918,0.041427082048296274,0.04896415035300641
2005,8,0.04514469521972909,0.04142752966881376,0.04919998589450912
2006,8,0.04480512099538139,0.04138357125429083,0.04784169223550497
2007,8,0.04417962598531347,0.040196525376057723,0.04711083978971298
2008,8,0.04330683296775268,0.038404151677714986,0.04756065493066111
2009,8,0.04222536472092641,0.03637028185281174,0.048224672943272595
2010,8,0.04097384402306201,0.034233742665087614,0.04787548841035019
2011,8,0.03960162981687257,0.03310541658781339,0.046271523138918746
2012,8,0.03820102570301396,0.032837297267116566,0.04371844162597702
2013,8,0.03687507144662775,0.03294763758926433,0.04071346161717501
2014,8,0.03572680681285553,0.03202443543860924,0.039518255971499515
2015,8,0.034859271566838886,0.03077085287946531,0.039502066226150344
2016,8,0.034333155910482104,0.031041899092573887,0.038811270287739806
2017,8,0.034039751792740346,0.03137831383128227,0.037555395111769516
2018,8,0.033828001599331504,0.03085373768598989,0.03690540788301508
2019,8,0.033546847715973445,0.029641605771445974,0.037029595206752225
2020,8,0.033045232528384046,0.028542839460400433,0.0374486349171159
2021,8,0.03217209842228119,0.027662440267774535,0.0365532548193128
2022,8,0.030823338074629603,0.02692864592697615,0.034614869574637115
2023,8,0.02908264532738133,0.025089830759536372,0.03337892281036807
2024,8,0.02708066431373527,0.021671176628597938,0.03263910532304589
2025,8,0.024948039166890312,0.017637798853450425,0.03333016659890287
2000,9,0.03324387808461272,0.027781642504220445,0.038049313785618356
2001,9,0.03220891975707876,0.0277509078734392,0.035786695045589706
2002,9,0.031272229847890166,0.027004152706236975,0.034026882309714575
2003,9,0.03053207677539231,0.026314797519532578,0.033945347856957464
2004,9,0.030086728957930558,0.025739022064671387,0.03416023875810924
2005,9,0.03001908609616092,0.02559571545791548,0.03370924980250564
2006,9,0.030350573019981963,0.026323718266581267,0.03476348816186124
2007,9,0.031087245841602905,0.02763019849797195,0.036490353117508575
2008,9,0.032235160673232954,0.028343031259241314,0.038298639083981845
2009,9,0.03380037362708131,0.029349238299439896,0.04009536527002423
2010,9,0.0357889408153572,0.030726539352297584,0.0417018320963531
2011,9,0.038155008084364374,0.03286152520798326,0.042974810282436694
2012,9,0.04064508021678479,0.03571079585098716,0.04518851298531297
2013,9,0.04295375172939497,0.03870036706721738,0.04728916227979248
2014,9,0.04477561713897142,0.040925517946112995,0.04945431244049189
2015,9,0.045805270962290645,0.041620013476283496,0.05047399274485821
2016,9,0.04584588724309247,0.04128183589632356,0.050276326064683546
2017,9,0.045134958132969936,0.040468219362625665,0.049266884325376015
2018,9,0.0440185553104794,0.038699723354605496,0.047811171346433146
2019,9,0.0428427504541772,0.03698848697209984,0.04694853701875795
2020,9,0.0419536152426197,0.035440909850353156,0.046420354032511546
2021,9,0.041697221354363254,0.03441954569865775,0.04685453064918248
2022,9,0.04232117797979409,0.0351967042264469,0.04770868018680248
2023,9,0.04367924435661797,0.03736681065489639,0.049463019873754455
2024,9,0.04552671723437056,0.03968265997693655,0.05184790831879141
2025,9,0.0476188933625875,0.04099925477696332,0.05436659186568821
2000,10,0.04535284503581659,0.03729703993781669,0.05632294257443706
2001,10,0.0450560414500328,0.03984972675938015,0.05131772472018831
2002,10,0.044714590766349746,0.04085770351935183,0.04808886295554922
2003,10,0.044283845886868144,0.039249176421525,0.0484903178998187
2004,10,0.043719159713688734,0.03836283727141104,0.04849925725722569
2005,10,0.043000996592685435,0.03765402741747986,0.047917762426970933
2006,10,0.04221026664482498,0.03726657063220888,0.04666942689374293
2007,10,0.04145299143484728,0.0375890670779514,0.04549179792610536
2008,10,0.040835192527492264,0.036940792251589236,0.045069714026189436
2009,10,0.040462891487499854,0.035761498453530854,0.04579660347988787
2010,10,0.040442109879609965,0.03555885581961221,0.04682195965564659
2011,10,0.04082616050640496,0.03655656153074639,0.04726295837744725
2012,10,0.04145752112183696,0.0382252545779769,0.04715009078393536
2013,10,0.04212596071770053,0.03861704822428032,0.046589851571969904
2014,10,0.04262124828579022,0.03805495652640137,0.0469541860692964
2015,10,0.04273315281790059,0.03772843989426629,0.0467346320828817
2016,10,0.04230359554363731,0.03767830614265634,0.04586890880611552
2017,10,0.04138310664385049,0.037594901966964064,0.04445412169738456
2018,10,0.040074368537201345,0.03654153147066344,0.043405424576020896
2019,10,0.0384800636423511,0.03482973621697137,0.042502513094604184
2020,10,0.03670287437796097,0.03332598443878148,0.04122220631507634
2021,10,0.034845483162692176,0.031402150380472935,0.03951402517657274
2022,10,0.032992521992604794,0.030213759396888883,0.03723657280579047
2023,10,0.031156421173354324,0.028793498470142766,0.03473887135809467
2024,10,0.029331560587995135,0.02689660255213411,0.03258790125515651
2025,10,0.02751232011958158,0.023891179678653614,0.031595503340502026
2000,11,0.07019073132578577,0.06355025222943253,0.08056552836025911
2001,11,0.0679203820743565,0.061605359482047095,0.0741412503513432
2002,11,0.06545521680291677,0.05954183568361161,0.07036728632004022
2003,11,0.06260041949145609,0.05723406969938566,0.06880845451839021
2004,11,0.059161174119964,0.053880770837166664,0.06577118309183576
2005,11,0.055039199962004196,0.049556572037063956,0.060967139996761
2006,11,0.050522357465436936,0.04491875691092666,0.05492591784829229
2007,11,0.04599504237169666,0.04091341646119031,0.04916773727155803
2008,11,0.0418416504222178,0.03765042395164099,0.04516784518145788
2009,11,0.03844657735843479,0.03516011951469688,0.0427928274126631
2010,11,0.03619421892178205,0.03314855420802833,0.04094752583562894
2011,11,0.03531685815692254,0.03171841105466592,0.03969473553019677
2012,11,0.035438327321433295,0.031903121610456345,0.039226907794268705
2013,11,0.036030345976119885,0.03305422537088922,0.03985169275915566
2014,11,0.03656463368178787,0.033239670447199984,0.04031323082749991
2015,11,0.0365129099992428,0.0327180859157824,0.040521841615156984
2016,11,0.0354872690653393,0.03173423339291947,0.03938038677949403
2017,11,0.033661303321128114,0.030372374237097082,0.03713935065647786
2018,11,0.031348979783709055,0.02879932904604028,0.034270983402809777
2019,11,0.02886426547018197,0.025859176032456313,0.03144264465143179
2020,11,0.026521127397646636,0.02251815260984858,0.029177525833452733
2021,11,0.024633532583202868,0.020411142754688093,0.02745841257940558
2022,11,0.023431057279634234,0.02018647250097272,0.02618580366152841
2023,11,0.022805714682459132,0.02037698116914939,0.02561705816974995
2024,11,0.022565127222879726,0.018843244226736458,0.025771658748763828
2025,11,0.02251691733209816,0.016971963406635475,0.027337280340296213
2000,12,0.04453488525743086,0.039712621075514334,0.05190553936374158
2001,12,0.043611074571833254,0.03976173851484467,0.04871880802816671
2002,12,0.04286934246297493,0.03875920377789435,0.04725825563128956
2003,12,0.04249176750759516,0.038225976159793014,0.0471051582108932
2004,12,0.042660428282433244,0.038307639265339574,0.047691472405907986
2005,12,0.04346789804155,0.0394109831427787,0.048094512201298886
2006,12,0.04464872874829245,0.04013561520286157,0.04858199146855732
2007,12,0.04584796704332918,0.04092118488272099,0.049887495841679716
2008,12,0.04671065956732875,0.04174042074422277,0.0507801153746944
2009,12,0.046881852960959744,0.04108311773831595,0.05120177204476613
2010,12,0.04600659386489073,0.03987454799303644,0.05018310538530456
2011,12,0.04388761750234046,0.038539668139800975,0.047744870147678975
2012,12,0.04095841342672841,0.036963308790597005,0.04500786115517173
2013,12,0.03781015977402423,0.0344468393987916,0.04255513553213238
2014,12,0.03503403468019757,0.031255328800235266,0.040846318182649874
2015,12,0.03322121628121809,0.028400798392169847,0.03963014742612971
2016,12,0.032781664849575114,0.027920233375263767,0.0392716971786585
2017,12,0.03340046920383674,0.028858447985867456,0.03952108680816306
2018,12,0.03458150029909077,0.030258361766929143,0.0398975921373521
2019,12,0.03582862909042496,0.030807103382585556,0.04009121171699225
2020,12,0.03664572653292711,0.03092618532659101,0.04156115422261471
2021,12,0.03653666358168499,0.030522414622676172,0.0423511488908109
2022,12,0.03514726142588245,0.02951440579715581,0.040837440831427534
2023,12,0.03269114219108756,0.027973385188132797,0.037481916192535984
2024,12,0.02952387823696443,0.024261483157224303,0.035328027612752694
2025,12,0.026001041923177173,0.01922472130238717,0.03274174331804605
2000,13,0.02183508155301256,0.014795797518487436,0.03078749909167009
2001,13,0.023809367031816308,0.02011508922967624,0.029635276081650813
2002,13,0.025771090132078338,0.022862336552528006,0.028674872204562718
2003,13,0.027707688475256946,0.02504814843919112,0.03222806496273149
2004,13,0.029606599682810413,0.026328282059088867,0.03535005411661348
2005,13,0.03146211025093357,0.028027359077149906,0.037033165845947125
2006,13,0.033295902174767404,0.030016398109609457,0.0376484032137098
2007,13,0.03513650632418945,0.03196753744916875,0.03864072981368204
2008,13,0.03701245356907723,0.033464780761714566,0.04090791774007409
2009,13,0.03895227477930828,0.03469510972718563,0.04340821471621173
2010,13,0.04098450082476013,0.036402795485451514,0.046096084588859054
2011,13,0.043111700802547843,0.038805567004529286,0.04844862963607338
2012,13,0.04523259671873663,0.04117599108125822,0.05036288628336563
2013,13,0.047219948806629254,0.04289041737358619,0.05257278333124177
2014,13,0.048946517299528466,0.043572961063814336,0.054129797126097376
2015,13,0.05028506243073702,0.04468555216895319,0.055453707408631356
2016,13,0.05116559004340678,0.04625270908607952,0.05576562079406232
2017,13,0.05174708842008615,0.04774306037180279,0.05519486003766656
2018,13,0.05224579145317259,0.0483480469125118,0.05507566803047767
2019,13,0.0528779330350636,0.0480421495265647,0.05697534066079937
2020,13,0.05385974705815667,0.048002591972126085,0.0587711624934648
2021,13,0.055407467414849323,0.04986971066448225,0.06046259217602948
2022,13,0.05766869983938954,0.05400700742878346,0.06199290628934763
2023,13,0.06051653743342755,0.05630226404848186,0.06410814611034539
2024,13,0.06375544514046409,0.057496429078971394,0.068140496891423
2025,13,0.06718988790399989,0.05763959646028842,0.07513954360820188
2000,14,0.03753876531336529,0.03191224204437237,0.04433045311555249
2001,14,0.038995243209241304,0.03444412281942644,0.04390375441081619
2002,14,0.0402979082724998,0.03605788651836457,0.045829737698985115
2003,14,0.04129294767052323,0.03680650787128029,0.047875615060928293
2004,14,0.041826548570694067,0.03677826553238782,0.048591336285138786
2005,14,0.04179514540880155,0.03671167522558153,0.047699763458384704
2006,14,0.041296161694261965,0.03693980604937396,0.045701297335109733
2007,14,0.04047726820489838,0.036770917209796854,0.04364732427327647
2008,14,0.039486135718533856,0.03596825723265466,0.04289899687944669
2009,14,0.038470435012991466,0.034367688042933234,0.042128030753411594
2010,14,0.03757783686609426,0.03289611183697082,0.04133686094219799
2011,14,0.03694123321120609,0.031971381099291894,0.040338121230668406
2012,14,0.03663440060385394,0.03205281350394476,0.0400675127816095
2013,14,0.036716336755105564,0.032522942512394654,0.04052514789011133
2014,14,0.03724603937602874,0.03330855292987238,0.04166131405165662
2015,14,0.038282506177691224,0.03450184058817968,0.042925919063429234
2016,14,0.03981212939930401,0.03609332864260025,0.04429665003599073
2017,14,0.04153087939265093,0.037683615942972655,0.04517587734668117
2018,14,0.043062121037659086,0.03882628129579785,0.04638969177239478
2019,14,0.04402921921425554,0.03914635965840542,0.04766196649163673
2020,14,0.04405553880236736,0.03908027925591028,0.048268106737220345
2021,14,0.04276444468192162,0.03822180302053746,0.046884311095883875
2022,14,0.03991265962071716,0.03644502350021234,0.043815869977434724
2023,14,0.03579033793803984,0.032325035497007965,0.03919109654397146
2024,14,0.03082099184104727,0.026400227293259977,0.03459462935760689
2025,14,0.025428133536897084,0.018586583911323167,0.03127097402447491
2000,15,0.0656092889845136,0.05496798136126896,0.07302320871335521
2001,15,0.06362211111061729,0.05652931281474283,0.0692290705192404
2002,15,0.06169147842560845,0.05706372378278633,0.06744049068049907
2003,15,0.05987393611837455,0.054814894457946836,0.06648011855828831
2004,15,0.05822602937780305,0.05212429361143782,0.06488640042712532
2005,15,0.056771964776267926,0.05067506171081241,0.06285898756075754
2006,15,0.055406594420089245,0.05018715795837853,0.06145895320194106
2007,15,0.053992431799073565,0.049289313196824044,0.06000104336310692
2008,15,0.052391990403027465,0.04772701706269776,0.058476210675749096
2009,15,0.05046778372175752,0.04581279119892772,0.057038067198248193
2010,15,0.04808232524507028,0.04347607918750938,0.05423809110928765
2011,15,0.04516241620821832,0.04123394389913167,0.05036750703062213
2012,15,0.0418920088282382,0.03883844698933085,0.04596183064904891
2013,15,0.03851934306761244,0.03498540864879818,0.04278865332536277
2014,15,0.03529265888882358,0.03129146877751718,0.04033676456361806
2015,15,0.032460196254354166,0.02808012780538187,0.03768350122385758
2016,15,0.03022190698721822,0.025836714659678274,0.034882942520497826
2017,15,0.028584590352555696,0.02465047875870769,0.032192231764500985
2018,15,0.027506757476038056,0.024342523691014396,0.030223519519947686
2019,15,0.026946919483336766,0.024127833806863307,0.02998393728082619
2020,15,0.026863587500123267,0.024309743672540983,0.03011066548018684
2021,15,0.027215272652069005,0.024174173413308866,0.03014308550592433
2022,15,0.02795100386636561,0.024837360615016894,0.030830026918720298
2023,15,0.028981881276285235,0.026001525194019687,0.03229640918055134
2024,15,0.030209522816620215,0.027049183617590962,0.03380016730129325
2025,15,0.03153554642216286,0.027215565645066782,0.03544763347384236
2000,16,0.02356872594740098,0.017894591209258914,0.03016256125314152
2001,16,0.02439744425803467,0.02009842257769686,0.029143664764822295
2002,16,0.025233408796083448,0.020730303708481383,0.029444845625826985
2003,16,0.02608386578896241,0.02145558873020857,0.030548284356486002
2004,16,0.026956061464086637,0.022177565256148474,0.03154930547076268
2005,16,0.027861888684686545,0.02355305042381034,0.03200312724823621
2006,16,0.028831826857253856,0.02510657172330625,0.032865305795282185
2007,16,0.029901002024095624,0.026842246860404834,0.034272296930059586
2008,16,0.031104540227518886,0.027482837017762732,0.035443391908791234
2009,16,0.03247756750983069,0.02754449072228432,0.036834410493968565
2010,16,0.034055209913338096,0.028639838876748848,0.03865504456557806
2011,16,0.03586428146020581,0.0309949459376126,0.040431947213745156
2012,16,0.037898348092029244,0.03403218057467911,0.04205805432835658
2013,16,0.04014266373026149,0.035256960192691957,0.04473116161404669
2014,16,0.04258248229635563,0.03597409427133677,0.04864981290747303
2015,16,0.04520305771176474,0.037798542899881715,0.052865216983034286
2016,16,0.04797731958544892,0.04104183611536673,0.055818003376320244
2017,16,0.05082890027639636,0.045413013036176,0.05767978947129653
2018,16,0.05366910783110222,0.049275295826269855,0.05932100221714452
2019,16,0.05640925029606167,0.0505839494766441,0.061480954460835124
2020,16,0.05896063571776991,0.05243332996168237,0.06458133581845596
2021,16,0.06123457214272213,0.05508392347155196,0.06699465927221948
2022,16,0.0631724054825918,0.05820095349600352,0.06854721277606102
2023,16,0.06483563310976584,0.060328436215221125,0.07009313152535576
2024,16,0.06631579026180946,0.06067166692788178,0.07232893486142253
2025,16,0.06770441217628786,0.060082311223219,0.07669739069312821
2000,17,0.03434931172186227,0.027004295596695125,0.04243300518973642
2001,17,0.036198043047462033,0.03152072032743074,0.041159104537799404
2002,17,0.03781423532115386,0.034800374103363715,0.04179794879703133
2003,17,0.03896534949102981,0.03574081117820953,0.04289756745369011
2004,17,0.03941884650518195,0.035717348618505396,0.04415989996748583
2005,17,0.03903665228129096,0.034753184247556676,0.04358979780142149
2006,17,0.038058552615392004,0.03385938160005836,0.042034028550607554
2007,17,0.03681879827310887,0.03318696883648253,0.04075637553140049
2008,17,0.03565164002006534,0.03199829736008937,0.03976298104527264
2009,17,0.03489132862188519,0.030570324691314148,0.03948019107884386
2010,17,0.03487211484419221,0.02965073400284961,0.039629387499953095
2011,17,0.0358112331898255,0.030237293649277866,0.041073466168771576
2012,17,0.03745785311048535,0.03217851621684565,0.04248272470626191
2013,17,0.03944412779508735,0.03423938686371736,0.04436278982366289
2014,17,0.04140221043254712,0.03601056110611836,0.046180176264859235
2015,17,0.04296425421178024,0.03794963611894141,0.04730044521201039
2016,17,0.04383730316145934,0.03919800598641829,0.047159756207929934
2017,17,0.04402796466928513,0.040426321000003526,0.046530762008868375
2018,17,0.043617736962715314,0.04097620935945843,0.04649215975978058
2019,17,0.04268811826920761,0.03990283963823491,0.045882894741291126
2020,17,0.041320606816219733,0.03748450568443923,0.045085998400466024
2021,17,0.03959670083120942,0.03539789006657542,0.04342062100395854
2022,17,0.03759576951641494,0.03424805812271492,0.041362128684667585
2023,17,0.03538866597319692,0.032123176120001165,0.038792350636598416
2024,17,0.033044114277696525,0.02922241359985732,0.03740164109588947
2025,17,0.030630838506054955,0.02495424199788856,0.037541406590552745
2000,18,0.02724265528560107,0.019913057352028616,0.03402710215569091
2001,18,0.030111182888035427,0.023620716573961198,0.034910560247700714
2002,18,0.03280332365985606,0.027203685664864127,0.03615661539077304
2003,18,0.035142690770449264,0.030537274493707755,0.03844868911883664
2004,18,0.03695289738920131,0.03265905897308873,0.041185502494899856
2005,18,0.03810641152965625,0.03425731742770414,0.042731922705603366
2006,18,0.0386711205819893,0.034814056434623215,0.04296577075852995
2007,18,0.03876376678053344,0.03510738625940549,0.04334790522684061
2008,18,0.038501092359621646,0.03476697360763591,0.043296814577967295
2009,18,0.0379998395535869,0.03465034038687697,0.043094748796651594
2010,18,0.037376750596762175,0.033912602870020396,0.04215474774980492
2011,18,0.036747671739755204,0.03379497488963491,0.04025200932262944
2012,18,0.03622486529827266,0.03325595368607438,0.03922221962318127
2013,18,0.03591969760429593,0.03234224001055169,0.039491143911374385
2014,18,0.035943534989806465,0.03147441594518337,0.03973338845454712
2015,18,0.03640774378678564,0.031091023617872932,0.040690513164287734
2016,18,0.03738789476969292,0.03206762416784343,0.042525218801942044
2017,18,0.03881637648289985,0.03400342856589585,0.04450229989224269
2018,18,0.04058978191325603,0.03627587242870951,0.04646137182929043
2019,18,0.04260470404761105,0.03759084905404569,0.04824205000718609
2020,18,0.04475773587281449,0.0382660033046597,0.049664857368618046
2021,18,0.04694547037571595,0.040060279519500655,0.051958474601732405
2022,18,0.04908459772600059,0.043189957307083,0.054624543897365624
2023,18,0.05117219682469594,0.04573999825366734,0.05703349414845373
2024,18,0.05322544375566509,0.04676164196641115,0.05986196127971652
2025,18,0.05526151460277115,0.045763780547107114,0.0631298945182643
2000,19,0.03738934164815662,0.027624278308603905,0.045895103382178115
2001,19,0.03985554155584998,0.033442923801734734,0.044421739751424744
2002,19,0.04205686756246242,0.037103218782244096,0.04576276586410025
2003,19,0.04372844576691303,0.03823236387001742,0.04866862581568886
2004,19,0.04460540226812088,0.03852486296106318,0.05012056796650137
2005,19,0.04451526553236649,0.03849715946681893,0.04957205431832995
2006,19,0.04365517349537611,0.03881517603681889,0.04747037375105717
2007,19,0.04231466646023743,0.038690080576083766,0.044792753655736144
2008,19,0.04078328473003815,0.03644669597339694,0.04457116228214669
2009,19,0.03935056860786594,0.03429350334389916,0.04423741595825309
2010,19,0.03830605839680851,0.033084514024184,0.043909209049540716
2011,19,0.037859627484825686,0.033272340584241396,0.04320158876487573
2012,19,0.03790248159936591,0.03358501195672167,0.042088960762507184
2013,19,0.0382461595527498,0.03456833426913923,0.042551881977317074
2014,19,0.038702200157297945,0.03528143687740172,0.04409024078495188
2015,19,0.039082142225330935,0.035556713290205405,0.04508817655405167
2016,19,0.039229638755630195,0.03578617636928384,0.044916772242233574
2017,19,0.039116799492820355,0.035419070959136774,0.04394985107773859
2018,19,0.038747848367986865,0.03461463713282368,0.04287398225001185
2019,19,0.03812700931221519,0.033309795358664206,0.043092396727324005
2020,19,0.03725850625659076,0.03181118631360447,0.04307503679718039
2021,19,0.03614656313219904,0.030637989278816113,0.041940381680169586
2022,19,0.03480466722068132,0.02990682397576408,0.03957055801559363
2023,19,0.03328335920590221,0.02868772880144814,0.03704274904583925
2024,19,0.031642443122282184,0.02728286158020334,0.03503496916631526
2025,19,0.029941723004241694,0.025115282023551046,0.03650376752780782
2000,20,0.083279438517656,0.07381901048475996,0.09259993948918552
2001,20,0.07609491243302813,0.06902402117034685,0.08284581657261533
2002,20,0.06936047239269529,0.06339075105842826,0.07533547741112406
2003,20,0.06352620444095247,0.05755418853715513,0.06950750798338054
2004,20,0.059042194622094715,0.052784407965391786,0.06537490851152086
2005,20,0.05619667807121279,0.05008846843110712,0.06227612105977974
2006,20,0.054630486286580446,0.048987686471438446,0.06017798289529146
2007,20,0.05382259985726717,0.049032631054824034,0.05915088918095647
2008,20,0.05325199937234248,0.04843844812524149,0.058072926165825114
2009,20,0.05239766542087585,0.04701088425542076,0.056260319979788295
2010,20,0.0507385785919368,0.045181004296816124,0.05430484582103301
2011,20,0.047912065340103914,0.04268427335387394,0.05132496397144255
2012,20,0.044188835581992235,0.03968767137351839,0.04768216731029595
2013,20,0.039997945099725866,0.036182077255713596,0.04375606375009797
2014,20,0.03576844967542895,0.03221726918519052,0.03992953514604369
2015,20,0.0319294050912256,0.028325591744868733,0.03633619387254749
2016,20,0.028817068116733572,0.025065850047416145,0.03300530080297572
2017,20,0.026396499471545133,0.022909812848655082,0.029766806812139057
2018,20,0.024539960862746218,0.021610425608760135,0.02738874768339514
2019,20,0.023119713997422756,0.01930666101134519,0.025990892232079593
2020,20,0.02200802058266064,0.01730687779843795,0.025571902052452834
2021,20,0.02107714232554579,0.016135159070673165,0.025349874359328273
2022,20,0.02021841911261928,0.01595270844220705,0.024379576083365953
2023,20,0.019399503548242658,0.01563207149771671,0.022738924344959596
2024,20,0.018607126416232633,0.014203376189392769,0.022323765844095886
2025,20,0.01782801850040589,0.012475753998034838,0.02280801290397521
2000,21,0.05356883991011412,0.0410961168744103,0.06402140074341593
2001,21,0.05263572411284479,0.04324366966370348,0.05872069024340114
2002,21,0.05180319939349198,0.045281697992846794,0.056216254821141246
2003,21,0.05117185682997223,0.04645364805822046,0.05697442925641394
2004,21,0.05084228750020205,0.04587414741069893,0.0588870835340686
2005,21,0.05085994257211613,0.04568111060318253,0.05965524682289995
2006,21,0.05104971357372175,0.04596612677369282,0.05934947878697471
2007,21,0.05118135212304437,0.04656764790048348,0.05804791888045179
2008,21,0.051024609838109435,0.04582433502137882,0.056017520744130314
2009,21,0.05034923833694238,0.04455705943067016,0.05499150635135193
2010,21,0.04892498923756867,0.04286731095511091,0.054356451405798
2011,21,0.04662771702550384,0.041656661789649815,0.05175322882548196
2012,21,0.04375768765622386,0.04011682458468017,0.04834121569927905
2013,21,0.04072126995269481,0.03632812507486981,0.04461073642287461
2014,21,0.03792483273788275,0.032275265492930166,0.04172923326884398
2015,21,0.035774744834753756,0.029296685170191426,0.04107023598329356
2016,21,0.034550880226118165,0.02804657952458471,0.040391763309388096
2017,21,0.03402713353416335,0.02836740877641175,0.03959168383518677
2018,21,0.033850904540920976,0.0293049325715891,0.038749871763721855
2019,21,0.0336695930284227,0.029498283340684966,0.03776028879292742
2020,21,0.033130598778700164,0.029433235916533382,0.03723252337207628
2021,21,0.03188132157378502,0.02846568115987479,0.035354597692277896
2022,21,0.029672214697585367,0.02668637491385508,0.03208255236547504
2023,21,0.026665945441514998,0.0236669518561394,0.029084657863817795
2024,21,0.023128234598864157,0.019155566167287873,0.026174468570670163
2025,21,0.01932480296292307,0.013709113126994344,0.023592304354081307
2000,22,0.06865840112271077,0.05771145405114589,0.07965575038976726
2001,22,0.06563473407413484,0.05750789236615632,0.073733000424993
2002,22,0.06273272212261355,0.05590852450448063,0.06997977209672818
2003,22,0.060074020365201576,0.053816318480340755,0.0665236707183601
2004,22,0.057780283898953545,0.05105420181470576,0.06459214405364572
2005,22,0.05593375204184955,0.04971510250138336,0.06210954246189767
2006,22,0.05445900099557141,0.04854313706228064,0.05912289566715534
2007,22,0.0532411911827264,0.04763920656990649,0.056786893530045096
2008,22,0.05216548302592178,0.046388240216773055,0.056376545068843174
2009,22,0.05111703694776481,0.04559893364946467,0.057000071013319525
2010,22,0.049981013370862755,0.044608628372447445,0.056678800160105645
2011,22,0.04866144172535493,0.04294629037379187,0.05481232082998093
2012,22,0.04713782747150884,0.042141069072650236,0.051665533764477974
2013,22,0.04540854507712404,0.04124902352308117,0.04927526599165563
2014,22,0.04347196901000006,0.039633411095887826,0.04817414955258477
2015,22,0.04132647373793648,0.03706239317599933,0.04665607535325424
2016,22,0.03898679872894041,0.03455765614039305,0.04390101252664805
2017,22,0.03653314345184925,0.032053637072498496,0.04060369739356716
2018,22,0.03406207237570797,0.02967570903709151,0.037667570033373066
2019,22,0.03167014996956157,0.02773867438705173,0.03506359744001542
2020,22,0.029453940702455023,0.02562761147879377,0.03281343875025468
2021,22,0.027510009043433287,0.024001917199318438,0.031300084960170435
2022,22,0.0259034569634868,0.02286978001275041,0.029688007058091
2023,22,0.02457353644138766,0.021904850048228043,0.02749118966476435
2024,22,0.023428036957853417,0.018792514272125537,0.027435045684957082
2025,22,0.02237474799360162,0.015270601236267473,0.028000189914795366
2000,23,0.02810208610516297,0.02232206605595317,0.032851993247193276
2001,23,0.029309441094435174,0.025320981197152925,0.03310513084710791
2002,23,0.030433633235083312,0.026429977369863328,0.03404547011787781
2003,23,0.03139149967848332,0.027538623130700185,0.035776323077041
2004,23,0.03209987757601114,0.02789426241797299,0.036493173807751425
2005,23,0.0325311002996649,0.0285050977704652,0.03675719868786344
2006,23,0.03287948610393147,0.029425588308725218,0.03644838300181219
2007,23,0.03339484946391992,0.0304303997140508,0.03722944086987731
2008,23,0.03432700485473932,0.030158670257131696,0.03813728568695535
2009,23,0.03592576675149875,0.029980979880485488,0.03989858686866485
2010,23,0.03844094962930726,0.03147808250557535,0.042342131677442996
2011,23,0.04195869495274621,0.035192316336155716,0.0457226700902204
2012,23,0.045910452144286046,0.040428988150049895,0.04924850130607647
2013,23,0.04956399761586951,0.04473894665560303,0.0527624090712897
2014,23,0.05218710777943933,0.04694922177397209,0.056967700148110215
2015,23,0.05304755904693824,0.04771079519169408,0.05876899266395477
2016,23,0.05170730924481151,0.04689818358096287,0.05753806087671953
2017,23,0.04890504185751455,0.04419993224838929,0.05415693581436709
2018,23,0.04567362178400529,0.04080936736012598,0.05042329375848246
2019,23,0.04304591392324167,0.03764294004993595,0.04798469293218085
2020,23,0.04205478317418163,0.03583194655704248,0.047466755738009306
2021,23,0.04373309443578311,0.037334137592390876,0.04880122973665855
2022,23,0.048787305669276915,0.04313206698357028,0.05313984306100464
2023,23,0.05661824708498531,0.05157242955586766,0.06148617526196245
2024,23,0.06630034195550343,0.06100337165361913,0.07277730596850508
2025,23,0.07690801355342643,0.06950234661817457,0.08504161840237104
2000,24,0.017177982341122843,0.010933076949086202,0.024407957653086024
2001,24,0.021132843886751095,0.017061326227552274,0.026112900997866843
2002,24,0.024760309250375492,0.02180800449753162,0.02866806397066172
2003,24,0.027732982249992186,0.024180428844593076,0.031566180775669694
2004,24,0.029723466703597323,0.025866075608095486,0.03356044664084827
2005,24,0.03053433863738591,0.027036093106659623,0.03403988982975571
2006,24,0.03048806291034844,0.027801473148451973,0.033370459328007696
2007,24,0.03003707658967425,0.02749338029354223,0.032568661438770186
2008,24,0.029633816742552697,0.02683899373765493,0.03224251780333959
2009,24,0.02973072043617312,0.026066048688227653,0.03254099708733546
2010,24,0.030780224737724883,0.026953999049257646,0.033716024879243134
2011,24,0.03308372927166665,0.029602984413557673,0.036595423156362994
2012,24,0.0363384838915344,0.0323650627627858,0.040175707516384856
2013,24,0.04009070100813344,0.03524192679974979,0.044857457361078115
2014,24,0.043886593032269064,0.03790038281072028,0.04944892243886878
2015,24,0.047272372374746595,0.04101990587271451,0.05261913724204457
2016,24,0.04993254517769853,0.04430064492477735,0.05417838085460501
2017,24,0.052104792508566304,0.04696126085781964,0.05671624945774324
2018,24,0.0541650891661185,0.048067130664129584,0.05894681586263491
2019,24,0.05648940994912373,0.04980943439392005,0.06247666292363187
2020,24,0.05945372965635061,0.05140037068315433,0.06659682292415699
2021,24,0.06343402308656777,0.05569768620860176,0.07036151220631331
2022,24,0.06868560471700906,0.0620332992182055,0.07557052608916974
2023,24,0.07498114773876952,0.0681537555844781,0.08170836921872249
2024,24,0.08197266502140942,0.07184857884265704,0.08951415227209755
2025,24,0.08931216943448904,0.07419888097653086,0.10124952290174699
2000,25,0.008314270007253387,0.005650250282668631,0.011309207054310672
2001,25,0.009801390357527879,0.007806451732424167,0.011865075381571309
2002,25,0.011218609018646512,0.009686009160000212,0.01293888138554317
2003,25,0.012496024301453437,0.01086450799208801,0.014246317714817594
2004,25,0.013563734516792793,0.011757849036264784,0.015342672981876273
2005,25,0.014379074244660657,0.012465521190288716,0.016087462842698984
2006,25,0.015008323141660831,0.013159387970642464,0.01644215823601286
2007,25,0.015544997133549045,0.01376421692097541,0.017091558582149908
2008,25,0.016082612146081032,0.014095547197121996,0.01823923071484076
2009,25,0.016714684105012523,0.014331130205068009,0.01939436561359104
2010,25,0.017534728936099257,0.015042498999206263,0.02007334571167336
2011,25,0.018616850267715465,0.016315718501209664,0.020561663731532183
2012,25,0.019957502538709412,0.017783868632777214,0.02205653299699325
2013,25,0.02153372789054787,0.019141386751629484,0.024135210142964336
2014,25,0.023322568464697616,0.020204733088867007,0.026516749488304105
2015,25,0.025301066402625413,0.021937871858486682,0.028712619529512123
2016,25,0.027429388603631387,0.024377383137453062,0.030580442509117407
2017,25,0.029600200998349098,0.027136221867617386,0.03219054174923538
2018,25,0.03168929427524546,0.029650507204814023,0.03431273681981568
2019,25,0.03357245912278735,0.03107393434114358,0.036969151848630935
2020,25,0.03512548622944171,0.03201532245192479,0.03905691802094107
2021,25,0.03622416628367544,0.03272359699214491,0.040040429565537425
2022,25,0.03678909804104235,0.033459878496934006,0.04038917199967955
2023,25,0.036920112525443964,0.033757090916267225,0.040589257554813796
2024,25,0.03676184882786872,0.0333247711814877,0.04076493833443495
2025,25,0.036458946039305044,0.031158547969741292,0.04126119694723132
