topic,label,description,prevalence,n_paras,avepp,frex
1,Topic 1 theme,Paragraphs about theme 1.,0.03520813209162351,289,0.959697125463931,"t15term11, t15term10, t15term9, t15term5, t15term8, t15term3, t15term4, t15term1"
2,Topic 2 theme,Paragraphs about theme 2.,0.0407306749996721,335,0.9608777829115878,"t6term1, t6term5, t6term8, t6term11, t6term10, t6term6, t6term9, t6term7"
3,Topic 3 theme,Paragraphs about theme 3.,0.03905433418849572,321,0.9605806538654786,"t5term2, t5term1, t5term12, t5term7, t5term11, t5term5, t5term10, t5term9"
4,Topic 4 theme,Paragraphs about theme 4.,0.03664500591419578,301,0.9599919409841032,"t12term4, t12term7, t12term12, t12term11, t12term2, t12term6, t12term5, t12term8"
5,Topic 5 theme,Paragraphs about theme 5.,0.04121837142606937,339,0.9612170623012032,"t21term1, t21term11, t21term2, t21term12, t21term5, t21term4, t21term9, t21term8"
6,Topic 6 theme,Paragraphs about theme 6.,0.03880183785203586,319,0.9604699566837596,"t16term5, t16term7, t16term4, t16term1, t16term9, t16term12, t16term3, t16term8"
7,Topic 7 theme,Paragraphs about theme 7.,0.04108707899944307,338,0.9610073987206004,"t20term9, t20term12, t20term3, t20term10, t20term11, t20term4, t20term5, t20term6"
8,Topic 8 theme,Paragraphs about theme 8.,0.03485844270197051,286,0.959738803958825,"t8term10, t8term5, t8term9, t8term1, t8term12, t8term2, t8term3, t8term11"
9,Topic 9 theme,Paragraphs about theme 9.,0.03640727625315817,299,0.9600245253475956,"t18term2, t18term7, t18term8, t18term6, t18term10, t18term3, t18term5, t18term9"
10,Topic 10 theme,Paragraphs about theme 10.,0.03796415784579289,312,0.9602567988219064,"t10term1, t10term12, t10term11, t10term5, t10term8, t10term2, t10term4, t10term9"
11,Topic 11 theme,Paragraphs about theme 11.,0.03969074208825211,326,0.9611570130343694,"t3term6, t3term12, t3term2, t3term3, t3term8, t3term9, t3term10, t3term4"
12,Topic 12 theme,Paragraphs about theme 12.,0.03653127355780991,300,0.9600425139618952,"t9term8, t9term2, t9term9, t9term7, t9term6, t9term3, t9term12, t9term5"
13,Topic 13 theme,Paragraphs about theme 13.,0.04493598253017964,370,0.9618231238001554,"t22term5, t22term9, t22term10, t22term1, t22term8, t22term6, t22term4, t22term12"
14,Topic 14 theme,Paragraphs about theme 14.,0.0368828066169217,303,0.9600218038788516,"t11term2, t11term11, t11term10, t11term1, t11term12, t11term9, t11term3, t11term5"
15,Topic 15 theme,Paragraphs about theme 15.,0.04279697218908013,352,0.961562603873477,"t4term7, t4term11, t4term2, t4term5, t4term8, t4term1, t4term12, t4term10"
16,Topic 16 theme,Paragraphs about theme 16.,0.04266849837083231,351,0.9616377873988644,"t24term1, t24term9, t24term11, t24term6, t24term4, t24term8, t24term5, t24term10"
17,Topic 17 theme,Paragraphs about theme 17.,0.03604401573631254,296,0.9598569117236282,"t14term11, t14term1, t14term8, t14term12, t14term4, t14term2, t14term3, t14term5"
18,Topic 18 theme,Paragraphs about theme 18.,0.03832147229155127,315,0.9603706236518452,"t17term1, t17term11, t17term9, t17term6, t17term7, t17term8, t17term10, t17term3"
19,Topic 19 theme,Paragraphs about theme 19.,0.03616457247661954,297,0.9598768701539554,"t13term1, t13term7, t13term3, t13term12, t13term5, t13term9, t13term11, t13term10"
20,Topic 20 theme,Paragraphs about theme 20.,0.04320277833562003,355,0.962116887728979,"t1term5, t1term8, t1term3, t1term2, t1term9, t1term7, t1term6, t1term1"
21,Topic 21 theme,Paragraphs about theme 21.,0.04074322078083108,335,0.9610125876043002,"t7term11, t7term6, t7term7, t7term2, t7term10, t7term5, t7term4, t7term9"
22,Topic 22 theme,Paragraphs about theme 22.,0.04543763568415537,374,0.9619472714003178,"t2term2, t2term11, t2term12, t2term3, t2term7, t2term10, t2term1, t2term4"
23,Topic 23 theme,Paragraphs about theme 23.,0.04457013568988128,367,0.9616943172785,"t19term1, t19term9, t19term6, t19term11, t19term12, t19term10, t19term3, t19term4"
24,Topic 24 theme,Paragraphs about theme 24.,0.04629063929159283,381,0.962517804317772,"t25term10, t25term2, t25term9, t25term5, t25term6, t25term7, t25term8, t25term1"
25,Topic 25 theme,Paragraphs about theme 25.,0.04374394208790324,375,0.89664358022365,"t23term1, t23term10, t23term12, t23term8, t23term4, t23term5, t23term7, t23term11"
