topic,prevalence,frex,prob,n_paras,avepp
1,0.03520813209162351,"t15term11, t15term10, t15term9, t15term5, t15term8, t15term3, t15term4, t15term1","t15term11, t15term10, t15term9, t15term5, t15term8, t15term3, t15term4, t15term1",289,0.959697125463931
2,0.0407306749996721,"t6term1, t6term5, t6term8, t6term11, t6term10, t6term6, t6term9, t6term7","t6term1, t6term5, t6term8, t6term11, t6term10, t6term6, t6term9, t6term7",335,0.9608777829115878
3,0.03905433418849572,"t5term2, t5term1, t5term12, t5term7, t5term11, t5term5, t5term10, t5term9","t5term2, t5term1, t5term12, t5term7, t5term11, t5term5, t5term10, t5term9",321,0.9605806538654786
4,0.03664500591419578,"t12term4, t12term7, t12term12, t12term11, t12term2, t12term6, t12term5, t12term8","t12term4, t12term7, t12term12, t12term11, t12term2, t12term6, t12term5, t12term8",301,0.9599919409841031
5,0.04121837142606937,"t21term1, t21term11, t21term2, t21term12, t21term5, t21term4, t21term9, t21term8","t21term1, t21term11, t21term2, t21term12, t21term5, t21term4, t21term9, t21term8",339,0.9612170623012032
6,0.03880183785203586,"t16term5, t16term7, t16term4, t16term1, t16term9, t16term12, t16term3, t16term8","t16term5, t16term7, t16term4, t16term1, t16term9, t16term12, t16term3, t16term8",319,0.9604699566837596
7,0.04108707899944307,"t20term9, t20term12, t20term3, t20term10, t20term11, t20term4, t20term5, t20term6","t20term9, t20term12, t20term3, t20term10, t20term11, t20term4, t20term5, t20term6",338,0.9610073987206003
8,0.03485844270197051,"t8term10, t8term5, t8term9, t8term1, t8term12, t8term2, t8term3, t8term11","t8term10, t8term5, t8term9, t8term1, t8term12, t8term2, t8term3, t8term11",286,0.959738803958825
9,0.03640727625315817,"t18term2, t18term7, t18term8, t18term6, t18term10, t18term3, t18term5, t18term9","t18term2, t18term7, t18term8, t18term6, t18term10, t18term3, t18term5, t18term9",299,0.9600245253475957
10,0.03796415784579289,"t10term1, t10term12, t10term11, t10term5, t10term8, t10term2, t10term4, t10term9","t10term1, t10term12, t10term11, t10term5, t10term8, t10term2, t10term4, t10term9",312,0.9602567988219063
11,0.039690742088252115,"t3term6, t3term12, t3term2, t3term3, t3term8, t3term9, t3term10, t3term4","t3term6, t3term12, t3term2, t3term3, t3term8, t3term9, t3term10, t3term4",326,0.9611570130343694
12,0.03653127355780991,"t9term8, t9term2, t9term9, t9term7, t9term6, t9term3, t9term12, t9term5","t9term8, t9term2, t9term9, t9term7, t9term6, t9term3, t9term12, t9term5",300,0.9600425139618951
13,0.04493598253017964,"t22term5, t22term9, t22term10, t22term1, t22term8, t22term6, t22term4, t22term12","t22term5, t22term9, t22term10, t22term1, t22term8, t22term6, t22term4, t22term12",370,0.9618231238001554
14,0.0368828066169217,"t11term2, t11term11, t11term10, t11term1, t11term12, t11term9, t11term3, t11term5","t11term2, t11term11, t11term10, t11term1, t11term12, t11term9, t11term3, t11term5",303,0.9600218038788516
15,0.042796972189080136,"t4term7, t4term11, t4term2, t4term5, t4term8, t4term1, t4term12, t4term10","t4term7, t4term11, t4term2, t4term5, t4term8, t4term1, t4term12, t4term10",352,0.961562603873477
16,0.042668498370832315,"t24term1, t24term9, t24term11, t24term6, t24term4, t24term8, t24term5, t24term10","t24term1, t24term9, t24term11, t24term6, t24term4, t24term8, t24term5, t24term10",351,0.9616377873988645
17,0.036044015736312544,"t14term11, t14term1, t14term8, t14term12, t14term4, t14term2, t14term3, t14term5","t14term11, t14term1, t14term8, t14term12, t14term4, t14term2, t14term3, t14term5",296,0.9598569117236282
18,0.03832147229155127,"t17term1, t17term11, t17term9, t17term6, t17term7, t17term8, t17term10, t17term3","t17term1, t17term11, t17term9, t17term6, t17term7, t17term8, t17term10, t17term3",315,0.9603706236518452
19,0.03616457247661954,"t13term1, t13term7, t13term3, t13term12, t13term5, t13term9, t13term11, t13term10","t13term1, t13term7, t13term3, t13term12, t13term5, t13term9, t13term11, t13term10",297,0.9598768701539554
20,0.043202778335620036,"t1term5, t1term8, t1term3, t1term2, t1term9, t1term7, t1term6, t1term1","t1term5, t1term8, t1term3, t1term2, t1term9, t1term7, t1term6, t1term1",355,0.962116887728979
21,0.04074322078083108,"t7term11, t7term6, t7term7, t7term2, t7term10, t7term5, t7term4, t7term9","t7term11, t7term6, t7term7, t7term2, t7term10, t7term5, t7term4, t7term9",335,0.9610125876043002
22,0.04543763568415537,"t2term2, t2term11, t2term12, t2term3, t2term7, t2term10, t2term1, t2term4","t2term2, t2term11, t2term12, t2term3, t2term7, t2term10, t2term1, t2term4",374,0.9619472714003178
23,0.04457013568988128,"t19term1, t19term9, t19term6, t19term11, t19term12, t19term10, t19term3, t19term4","t19term1, t19term9, t19term6, t19term11, t19term12, t19term10, t19term3, t19term4",367,0.9616943172785001
24,0.046290639291592835,"t25term10, t25term2, t25term9, t25term5, t25term6, t25term7, t25term8, t25term1","t25term10, t25term2, t25term9, t25term5, t25term6, t25term7, t25term8, t25term1",381,0.9625178043177721
25,0.04374394208790324,"t23term1, t23term10, t23term12, t23term8, t23term4, t23term5, t23term7, t23term11","t23term5, t23term10, t23term1, t23term6, t23term12, t23term11, t23term4, t23term9",375,0.89664358022365
