term,estimate,std.error,z,p.value,conf.low,conf.high,odds_ratio,or_low,or_high
(Intercept),2.390674496504729,0.5710321654488469,4.186584646463118,2.8318335397543837e-5,1.271472018211072,3.5098769747983862,10.920857539641853,3.566098061962545,33.4441530571699
v,-0.40545044674353053,0.11577932652446099,-3.501924384210941,4.61910692364134e-4,-0.632373756885777,-0.17852713660128405,0.6666764409814081,0.5313290568686795,0.8365013567655999
wave2,0.15175180017668696,0.13946529287227613,1.0880972394735007,0.27655218227322204,-0.12159515094630488,0.4250987512996788,1.1638713279221256,0.8855067925309139,1.5297414761636867
wave3,-0.15349011789918043,0.1374103004918807,-1.1170204660767034,0.263985574595424,-0.422809357968093,0.11582912216973212,0.8577092401261326,0.6552035305384529,1.1228039934296
regionGao,-0.606103941052078,0.6006785372411882,-1.009032125295849,0.3129592275907077,-1.7834122403310082,0.5712043582268523,0.5454719252868289,0.16806369402478405,1.7703979613362673
regionKayes,-0.4512443403211228,0.5819154984276316,-0.7754465064780203,0.4380758633415963,-1.591777759284955,0.6892890786427093,0.6368352186443789,0.2035634031397533,1.992298661991829
regionKoulikoro,-0.5712477579018408,0.5793408765194492,-0.986030471962845,0.3241181599971648,-1.7067350106518275,0.5642394948481461,0.5648202399148794,0.18145728258223576,1.7581102222939022
regionMopti,-1.2009708699429529,0.5738835092816843,-2.0927084513130167,0.03637518837053401,-2.3257618794565116,-0.07617986042939418,0.30090193341002974,0.0977089732266384,0.9266495239887497
regionSikasso,-0.5333068962053523,0.5863808347452908,-0.9094889611066629,0.3630920821391511,-1.682592213530655,0.6159784211199505,0.5866617289562283,0.18589148053282917,1.8514672282742346
regionS<c3><a9>gou,-1.0109629595007614,0.5771012729001662,-1.7517947143319674,0.07980911342711523,-2.142060669817308,0.12013475081578529,0.3638684202590867,0.11741264486882093,1.1276487929368024
regionTombouctou,-0.782543112292937,0.5920720034337323,-1.321702610078781,0.18626719919170223,-1.9429829152775273,0.3778966906916533,0.45724171443905315,0.14327593175858172,1.4592121848870272
urbanurban,-0.2886263261988322,0.13376834663759543,-2.1576578723872344,0.03095444159932379,-0.5508074678799888,-0.02644518451767558,0.7492921439401745,0.5764841299765252,0.973901427248874
femalefemale,0.27741292928401,0.08692632955639815,3.191356758069756,0.0014160630805905281,0.10704045404521007,0.44778540452280996,1.3197112059414426,1.1129792780826595,1.5648428514210557
age30-44,0.16379780213874648,0.10126024771080121,1.617592350816208,0.1057504786444219,-0.034668636440028294,0.3622642407175213,1.1779761067615313,0.9659254357242922,1.4365784943436675
age45-59,0.11228765311311265,0.11918381165041303,0.9421384629187056,0.34612175454632943,-0.12130832526190213,0.3458836314881274,1.118834650631193,0.885760815051075,1.4132381498281144
age60+,0.3262264987583587,0.26073871391945114,1.251162490811159,0.21087520004951413,-0.18481198989905795,0.8372649874157754,1.3857291992734018,0.8312605545421998,2.310040339609811
ethnicityDogon,-0.15719616206141537,0.17082750799545313,-0.9202040345024493,0.35746614639509205,-0.4920119253012315,0.17761960117840078,0.8545364147508477,0.611395074718497,1.1943708975271874
ethnicityFulani,-0.15508091017543954,0.13450544879175333,-1.1529712109696162,0.24892220121830835,-0.41870674553167253,0.10854492518079348,0.856345887584521,0.6578970982453646,1.1146549834901753
ethnicityOther,0.02150199076675267,0.16622956370387557,0.12935118331331674,0.8970797731480573,-0.30430196725864994,0.3473059487921553,1.0217348243710758,0.7376380902647339,1.4152496530621521
ethnicitySonghai,-0.11395820485500152,0.17429650771255098,-0.653818061822219,0.5132290284947659,-0.4555730826027091,0.22765667289270608,0.8922952487123746,0.6340844810194386,1.2556541513121662
ethnicitySoninke,-0.13310872426029527,0.15453256873855128,-0.861363564631464,0.3890378366919483,-0.43598699342631597,0.1697695449057254,0.8753699129884508,0.6466261362712321,1.1850317232521965
ethnicityTuareg,-0.4153332915138644,0.18012062307416832,-2.3058619519811594,0.021118347219290602,-0.7683632256121484,-0.06230335741558035,0.6601202315654535,0.46377153679424393,0.9395978095899314
educationPrimary,0.018155011086879804,0.10146908614610611,0.17892159845352568,0.8579992633252712,-0.1807207433036803,0.2170307654774399,1.0183208151724492,0.8346684128968098,1.2423823240351655
educationSecondary+,0.07614725712614197,0.1100572441436379,0.6918877327762329,0.489007834964584,-0.1395609776331201,0.291855491885404,1.0791214707842123,0.8697399869015697,1.3389095203682644
log_wt_c,0.02484653521441888,0.06781755531667058,0.3663732067367994,0.7140866098838341,-0.1080734307258083,0.15776650115464605,1.025157782832511,0.8975616854045003,1.170892760677995
