variable,level,estimate,conf.low,conf.high
wave,1,0.7775846664966941,0.7398837676899693,0.8152855653034189
wave,2,0.8018289635509398,0.7666756055938808,0.8369823215079988
wave,3,0.7510643560194016,0.7120832370336667,0.7900454750051364
region,Bamako,0.8787593202944045,0.767776664840071,0.989741975748738
region,Gao,0.8000612190366135,0.7187430787536827,0.8813793593195444
region,Kayes,0.8231761743887047,0.7608052344709576,0.8855471143064518
region,Koulikoro,0.8054502831719561,0.7401867783771316,0.8707137879667806
region,Mopti,0.6917143830458538,0.6137405309273167,0.7696882351643908
region,Sikasso,0.8111929768795068,0.7446807549152801,0.8777051988437334
region,S<c3><a9>gou,0.7295761144018219,0.6539160967595794,0.8052361320440644
region,Tombouctou,0.7711166075090226,0.6904704245999437,0.8517627904181014
urban,rural,0.786598745192285,0.7587858620272089,0.8144116283573611
urban,urban,0.7366315328880239,0.6894418117219541,0.7838212540540936
female,male,0.7528039473643408,0.720724431440421,0.7848834632882605
female,female,0.799019293038433,0.7705884918982127,0.8274500941786533
age,18-29,0.7587181134137237,0.7235454544607242,0.7938907723667233
age,30-44,0.7862672336092268,0.7556401304862774,0.8168943367321762
age,45-59,0.7778482121268513,0.7404391591188247,0.8152572651348778
age,60+,0.8113325194127212,0.7364448609404147,0.8862201778850277
ethnicity,Bambara,0.7944928291977451,0.7604759866068416,0.8285096717886486
ethnicity,Dogon,0.7686856322316619,0.7146235684154714,0.8227476960478524
ethnicity,Fulani,0.7690469573772263,0.728987215465663,0.8091066992887895
ethnicity,Other,0.7978573059794226,0.74807036583739694,0.8476442461214483
ethnicity,Songhai,0.7759956338778333,0.7246192010809259,0.8273720666747407
ethnicity,Soninke,0.7727776649056366,0.7217748324053941,0.8237804974058791
ethnicity,Tuareg,0.7217899014037965,0.6602145841216522,0.7833652186859408
education,None,0.7725265233693077,0.741123270318509,0.8039297764201064
education,Primary,0.7755664364109771,0.7415607023983677,0.8095721704235865
education,Secondary+,0.7850899537084564,0.7493976414354718,0.8207822659814409
