wave,region,urban,population,n,estimate,conf.low,conf.high
1,Bamako,urban,1500000,32,0.867581049449116,0.6846082304345998,0.9682157303140627
1,Gao,rural,400000,80,0.797863173045655,0.6798722453776804,0.8873299850033805
1,Gao,urban,100000,8,0.8066705901362116,0.6360380219112601,0.9230407303612006
1,Kayes,rural,1100000,136,0.813854011921944,0.7226791071244962,0.887160689543405
1,Kayes,urban,250000,32,0.8472376337260094,0.7551334059329625,0.9150513933079377
1,Koulikoro,rural,1400000,136,0.8269872618381683,0.7332964431157148,0.8988721840825052
1,Koulikoro,urban,300000,32,0.8243196542039423,0.7199358013340187,0.9035823543580129
1,Mopti,rural,1200000,136,0.7091966000547253,0.61108059237371,0.7994288627362509
1,Mopti,urban,200000,32,0.6800537679167283,0.538938451739603,0.8039517932302482
1,S<c3><a9>gou,rural,1300000,136,0.6992175183930815,0.5870622138724035,0.8025462459597309
1,S<c3><a9>gou,urban,250000,32,0.7702661030061657,0.6436139605587619,0.8679544157254253
1,Sikasso,rural,1500000,136,0.7583762862563521,0.6505599019235564,0.8492956986978791
1,Sikasso,urban,350000,32,0.7493624822910288,0.6405723020182187,0.8451146321033568
1,Tombouctou,rural,450000,96,0.6964461401527514,0.5833303909173138,0.7990024658938725
1,Tombouctou,urban,80000,32,0.6957668072091918,0.5302691333836332,0.82572919486514
2,Bamako,urban,1500000,32,0.86516376026163,0.6844943271213368,0.967682951381592
2,Gao,rural,400000,80,0.7631029156566462,0.6367432292024725,0.8627909708057981
2,Gao,urban,100000,8,0.8304319356632279,0.6614285428657993,0.9337500209069661
2,Kayes,rural,1100000,136,0.8502581555350287,0.7723983946298101,0.9089240961776814
2,Kayes,urban,250000,32,0.8436670227374607,0.7517801499293524,0.915744100682352
2,Koulikoro,rural,1400000,136,0.8210872670641669,0.7181077741482834,0.8955713173435917
2,Koulikoro,urban,300000,32,0.7757181556040406,0.6539300963953297,0.8765115612112415
2,Mopti,rural,1200000,136,0.721771804587671,0.6229529648197452,0.8065491258626133
2,Mopti,urban,200000,32,0.7407113129923012,0.6174983719937173,0.8372008625243995
2,S<c3><a9>gou,rural,1300000,136,0.7964851213063878,0.6966210462484155,0.8810355309363697
2,S<c3><a9>gou,urban,250000,32,0.7675794821674699,0.6417263710905755,0.8661098904708325
2,Sikasso,rural,1500000,136,0.8520558010794604,0.7644069914596954,0.913358695975717
2,Sikasso,urban,350000,32,0.7764759549682249,0.6193592209653959,0.8826118201957602
2,Tombouctou,rural,450000,96,0.7278224487982471,0.5986614974080855,0.8262890715539738
2,Tombouctou,urban,80000,32,0.7052752607932765,0.5426614034850855,0.8354154063998064
3,Bamako,urban,1500000,32,0.8144167238513017,0.5787541670108505,0.9463287110742763
3,Gao,rural,400000,80,0.764139585173411,0.6411687259706866,0.8664169703858903
3,Gao,urban,100000,8,0.7374402775225289,0.5244265079335144,0.8896526634589127
3,Kayes,rural,1100000,136,0.8196457865772432,0.7357838269788836,0.891465641209256
3,Kayes,urban,250000,32,0.8544108878122452,0.7661300116089581,0.9259514472850391
3,Koulikoro,rural,1400000,136,0.7255818867933788,0.5964139059038258,0.8318693993552949
3,Koulikoro,urban,300000,32,0.733443443668919,0.6026931978213655,0.8454759146685042
3,Mopti,rural,1200000,136,0.6428228948080261,0.5326546915242701,0.7388431198594763
3,Mopti,urban,200000,32,0.5467473047312305,0.41142876685156393,0.6737029298742773
3,S<c3><a9>gou,rural,1300000,136,0.6309604798457071,0.5111258453859341,0.7409933257593068
3,S<c3><a9>gou,urban,250000,32,0.7005119205245341,0.5474829548128397,0.8274462775324405
3,Sikasso,rural,1500000,136,0.8084984898152532,0.7102940544858856,0.8833996006495312
3,Sikasso,urban,350000,32,0.7093304414656688,0.5691485335410159,0.830932165036382
3,Tombouctou,rural,450000,96,0.6705857678048905,0.5396239944577873,0.7893825669016472
3,Tombouctou,urban,80000,32,0.6219334158528109,0.44006839124720415,0.7741440888319768
