adm1_name,adm1_code,adm2_name,adm2_code,adm3_name,adm3_code,adm1_key,adm2_key,adm3_key
Bamako,ML09,Bamako,ML0901,Commune I,ML090101,bamako,bamako,communei
Bamako,ML09,Bamako,ML0901,Commune II,ML090102,bamako,bamako,communeii
Bamako,ML09,Bamako,ML0901,Commune III,ML090103,bamako,bamako,communeiii
Bamako,ML09,Bamako,ML0901,Commune IV,ML090104,bamako,bamako,communeiv
Bamako,ML09,Bamako,ML0901,Commune V,ML090105,bamako,bamako,communev
Bamako,ML09,Bamako,ML0901,Commune VI,ML090106,bamako,bamako,communevi
Gao,ML07,Ansongo,ML0701,Ansongo,ML070101,gao,ansongo,ansongo
Gao,ML07,Ansongo,ML0701,Bara,ML070102,gao,ansongo,bara
Gao,ML07,Ansongo,ML0701,Bourra,ML070103,gao,ansongo,bourra
Gao,ML07,Ansongo,ML0701,Ouattagouna,ML070104,gao,ansongo,ouattagouna
Gao,ML07,Ansongo,ML0701,Talataye,ML070105,gao,ansongo,talataye
Gao,ML07,Ansongo,ML0701,Tessit,ML070106,gao,ansongo,tessit
Gao,ML07,Ansongo,ML0701,Tin Hama,ML070107,gao,ansongo,tinhama
Gao,ML07,Bourem,ML0702,Bamba,ML070201,gao,bourem,bamba
Gao,ML07,Bourem,ML0702,Bourem,ML070202,gao,bourem,bourem
Gao,ML07,Bourem,ML0702,Taboye,ML070203,gao,bourem,taboye
Gao,ML07,Bourem,ML0702,Tarkint,ML070204,gao,bourem,tarkint
Gao,ML07,Bourem,ML0702,Téméra,ML070205,gao,bourem,temera
Gao,ML07,Gao,ML0703,Anchawadi,ML070301,gao,gao,anchawadi
Gao,ML07,Gao,ML0703,Gabéro,ML070302,gao,gao,gabero
Gao,ML07,Gao,ML0703,Gao,ML070303,gao,gao,gao
Gao,ML07,Gao,ML0703,Gounzoureye,ML070304,gao,gao,gounzoureye
Gao,ML07,Gao,ML0703,N'tillit,ML070305,gao,gao,ntillit
Gao,ML07,Gao,ML0703,Sony Aliber,ML070306,gao,gao,sonyaliber
Gao,ML07,Gao,ML0703,Tilemsi,ML070307,gao,gao,tilemsi
Kayes,ML01,Bafoulabe,ML0101,Bafoulabe,ML010101,kayes,bafoulabe,bafoulabe
Kayes,ML01,Bafoulabe,ML0101,Bamafélé,ML010102,kayes,bafoulabe,bamafele
Kayes,ML01,Bafoulabe,ML0101,Diakon,ML010103,kayes,bafoulabe,diakon
Kayes,ML01,Bafoulabe,ML0101,Diallan,ML010104,kayes,bafoulabe,diallan
Kayes,ML01,Bafoulabe,ML0101,Dinlin Oualia,ML010111,kayes,bafoulabe,dinlinoualia
Kayes,ML01,Bafoulabe,ML0101,Diokeli,ML010105,kayes,bafoulabe,diokeli
Kayes,ML01,Bafoulabe,ML0101,Gounfan,ML010106,kayes,bafoulabe,gounfan
Kayes,ML01,Bafoulabe,ML0101,Kontéla,ML010107,kayes,bafoulabe,kontela
Kayes,ML01,Bafoulabe,ML0101,Koundian,ML010108,kayes,bafoulabe,koundian
Kayes,ML01,Bafoulabe,ML0101,Mahina,ML010109,kayes,bafoulabe,mahina
Kayes,ML01,Bafoulabe,ML0101,Niambia,ML010110,kayes,bafoulabe,niambia
Kayes,ML01,Bafoulabe,ML0101,Sidibela,ML010112,kayes,bafoulabe,sidibela
Kayes,ML01,Bafoulabe,ML0101,Tomora,ML010113,kayes,bafoulabe,tomora
Kayes,ML01,Diéma,ML0102,Béma,ML010201,kayes,diema,bema
Kayes,ML01,Diéma,ML0102,Diangounté Camara,ML010202,kayes,diema,diangountecamara
Kayes,ML01,Diéma,ML0102,Dianguirdé,ML010203,kayes,diema,dianguirde
Kayes,ML01,Diéma,ML0102,Diema,ML010204,kayes,diema,diema
Kayes,ML01,Diéma,ML0102,Dioumara Koussata,ML010206,kayes,diema,dioumarakoussata
Kayes,ML01,Diéma,ML0102,Diéoura,ML010205,kayes,diema,dieoura
Kayes,ML01,Diéma,ML0102,Fassoudebé,ML010207,kayes,diema,fassoudebe
Kayes,ML01,Diéma,ML0102,Fatao,ML010208,kayes,diema,fatao
Kayes,ML01,Diéma,ML0102,Gomitradougou,ML010209,kayes,diema,gomitradougou
Kayes,ML01,Diéma,ML0102,Grouméra,ML010210,kayes,diema,groumera
Kayes,ML01,Diéma,ML0102,Guédébiné,ML010211,kayes,diema,guedebine
Kayes,ML01,Diéma,ML0102,Lakamané,ML010212,kayes,diema,lakamane
Kayes,ML01,Diéma,ML0102,Lambidou,ML010213,kayes,diema,lambidou
Kayes,ML01,Diéma,ML0102,Madiga Sacko,ML010214,kayes,diema,madigasacko
Kayes,ML01,Diéma,ML0102,Sansankidé,ML010215,kayes,diema,sansankide
Kayes,ML01,Kayes,ML0103,Bangassi,ML010301,kayes,kayes,bangassi
Kayes,ML01,Kayes,ML0103,Colimbiné,ML010302,kayes,kayes,colimbine
Kayes,ML01,Kayes,ML0103,Diamou,ML010303,kayes,kayes,diamou
Kayes,ML01,Kayes,ML0103,Djélébou,ML010304,kayes,kayes,djelebou
Kayes,ML01,Kayes,ML0103,Falémé,ML010305,kayes,kayes,faleme
Kayes,ML01,Kayes,ML0103,Fégui,ML010306,kayes,kayes,fegui
Kayes,ML01,Kayes,ML0103,Gory Gopéla,ML010307,kayes,kayes,gorygopela
Kayes,ML01,Kayes,ML0103,Gouméra,ML010308,kayes,kayes,goumera
Kayes,ML01,Kayes,ML0103,Guidimakan Keri Kaff,ML010309,kayes,kayes,guidimakankerikaff
Kayes,ML01,Kayes,ML0103,Hawa Dembaya,ML010310,kayes,kayes,hawadembaya
Kayes,ML01,Kayes,ML0103,Karakoro,ML010311,kayes,kayes,karakoro
Kayes,ML01,Kayes,ML0103,Kayes,ML010312,kayes,kayes,kayes
Kayes,ML01,Kayes,ML0103,Khouloum,ML010314,kayes,kayes,khouloum
Kayes,ML01,Kayes,ML0103,Koniakary,ML010315,kayes,kayes,koniakary
Kayes,ML01,Kayes,ML0103,Koussané,ML010316,kayes,kayes,koussane
Kayes,ML01,Kayes,ML0103,Kéméné Tambo,ML010313,kayes,kayes,kemenetambo
Kayes,ML01,Kayes,ML0103,Liberté Dembaya,ML010317,kayes,kayes,libertedembaya
Kayes,ML01,Kayes,ML0103,Logo,ML010318,kayes,kayes,logo
Kayes,ML01,Kayes,ML0103,Marintoumania,ML010320,kayes,kayes,marintoumania
Kayes,ML01,Kayes,ML0103,Maréna Diombougou,ML010319,kayes,kayes,marenadiombougou
Kayes,ML01,Kayes,ML0103,Sadiola,ML010321,kayes,kayes,sadiola
Kayes,ML01,Kayes,ML0103,Sahel,ML010322,kayes,kayes,sahel
Kayes,ML01,Kayes,ML0103,Samé Diomgoma,ML010323,kayes,kayes,samediomgoma
Kayes,ML01,Kayes,ML0103,Somankidy,ML010326,kayes,kayes,somankidy
Kayes,ML01,Kayes,ML0103,Sony,ML010327,kayes,kayes,sony
Kayes,ML01,Kayes,ML0103,Ségala,ML010324,kayes,kayes,segala
Kayes,ML01,Kayes,ML0103,Séro Siamanou,ML010325,kayes,kayes,serosiamanou
Kayes,ML01,Kayes,ML0103,Tafacirga,ML010328,kayes,kayes,tafacirga
Kayes,ML01,Kita,ML0105,Badia,ML010501,kayes,kita,badia
Kayes,ML01,Kita,ML0105,Bendougouba,ML010502,kayes,kita,bendougouba
Kayes,ML01,Kita,ML0105,Benkadi Founia,ML010503,kayes,kita,benkadifounia
Kayes,ML01,Kita,ML0105,Boudofo,ML010504,kayes,kita,boudofo
Kayes,ML01,Kita,ML0105,Bougarybaya,ML010505,kayes,kita,bougarybaya
Kayes,ML01,Kita,ML0105,Dindanko,ML010506,kayes,kita,dindanko
Kayes,ML01,Kita,ML0105,Djidian,ML010507,kayes,kita,djidian
Kayes,ML01,Kita,ML0105,Djougoun,ML010508,kayes,kita,djougoun
Kayes,ML01,Kita,ML0105,Gadougou I,ML010509,kayes,kita,gadougoui
Kayes,ML01,Kita,ML0105,Gadougou II,ML010510,kayes,kita,gadougouii
Kayes,ML01,Kita,ML0105,Guémoukouraba,ML010511,kayes,kita,guemoukouraba
Kayes,ML01,Kita,ML0105,Kassaro,ML010512,kayes,kita,kassaro
Kayes,ML01,Kita,ML0105,Kita,ML010513,kayes,kita,kita
Kayes,ML01,Kita,ML0105,Kita Nord,ML010514,kayes,kita,kitanord
Kayes,ML01,Kita,ML0105,Kita Ouest,ML010515,kayes,kita,kitaouest
Kayes,ML01,Kita,ML0105,Kobri,ML010516,kayes,kita,kobri
Kayes,ML01,Kita,ML0105,Kokofata,ML010517,kayes,kita,kokofata
Kayes,ML01,Kita,ML0105,Kotouba,ML010518,kayes,kita,kotouba
Kayes,ML01,Kita,ML0105,Koulou,ML010519,kayes,kita,koulou
Kayes,ML01,Kita,ML0105,Kourounikoto,ML010520,kayes,kita,kourounikoto
Kayes,ML01,Kita,ML0105,Madina,ML010521,kayes,kita,madina
Kayes,ML01,Kita,ML0105,Makano,ML010522,kayes,kita,makano
Kayes,ML01,Kita,ML0105,Namala Guimba,ML010523,kayes,kita,namalaguimba
Kayes,ML01,Kita,ML0105,Niantanso,ML010524,kayes,kita,niantanso
Kayes,ML01,Kita,ML0105,Saboula,ML010525,kayes,kita,saboula
Kayes,ML01,Kita,ML0105,Senko,ML010529,kayes,kita,senko
Kayes,ML01,Kita,ML0105,Sirakoro,ML010530,kayes,kita,sirakoro
Kayes,ML01,Kita,ML0105,Souransan Tomoto,ML010531,kayes,kita,souransantomoto
Kayes,ML01,Kita,ML0105,Sébékoro,ML010526,kayes,kita,sebekoro
Kayes,ML01,Kita,ML0105,Séféto Nord,ML010527,kayes,kita,sefetonord
Kayes,ML01,Kita,ML0105,Séféto Ouest,ML010528,kayes,kita,sefetoouest
Kayes,ML01,Kita,ML0105,Tambaga,ML010532,kayes,kita,tambaga
Kayes,ML01,Kita,ML0105,Toukoto,ML010533,kayes,kita,toukoto
Kayes,ML01,Kéniéba,ML0104,Baye,ML010401,kayes,kenieba,baye
Kayes,ML01,Kéniéba,ML0104,Dabia,ML010402,kayes,kenieba,dabia
Kayes,ML01,Kéniéba,ML0104,Dialafara,ML010403,kayes,kenieba,dialafara
Kayes,ML01,Kéniéba,ML0104,Dombia,ML010404,kayes,kenieba,dombia
Kayes,ML01,Kéniéba,ML0104,Faléa,ML010405,kayes,kenieba,falea
Kayes,ML01,Kéniéba,ML0104,Faraba,ML010406,kayes,kenieba,faraba
Kayes,ML01,Kéniéba,ML0104,Guenegoré,ML010407,kayes,kenieba,guenegore
Kayes,ML01,Kéniéba,ML0104,Kassama,ML010408,kayes,kenieba,kassama
Kayes,ML01,Kéniéba,ML0104,Kouroukoto,ML010410,kayes,kenieba,kouroukoto
Kayes,ML01,Kéniéba,ML0104,Kéniéba,ML010409,kayes,kenieba,kenieba
Kayes,ML01,Kéniéba,ML0104,Sagalo,ML010411,kayes,kenieba,sagalo
Kayes,ML01,Kéniéba,ML0104,Sitakily,ML010412,kayes,kenieba,sitakily
Kayes,ML01,Nioro,ML0106,Baniéré Koré,ML010601,kayes,nioro,banierekore
Kayes,ML01,Nioro,ML0106,Diabigué,ML010602,kayes,nioro,diabigue
Kayes,ML01,Nioro,ML0106,Diarra,ML010603,kayes,nioro,diarra
Kayes,ML01,Nioro,ML0106,Diaye Coura,ML010604,kayes,nioro,diayecoura
Kayes,ML01,Nioro,ML0106,Gavinané,ML010605,kayes,nioro,gavinane
Kayes,ML01,Nioro,ML0106,Gogui,ML010606,kayes,nioro,gogui
Kayes,ML01,Nioro,ML0106,Guétéma,ML010607,kayes,nioro,guetema
Kayes,ML01,Nioro,ML0106,Kadiaba Kadiel,ML010608,kayes,nioro,kadiabakadiel
Kayes,ML01,Nioro,ML0106,Koréra Koré,ML010609,kayes,nioro,korerakore
Kayes,ML01,Nioro,ML0106,Nioro,ML010610,kayes,nioro,nioro
Kayes,ML01,Nioro,ML0106,Nioro Tougouné Rangaba,ML010611,kayes,nioro,niorotougounerangaba
Kayes,ML01,Nioro,ML0106,Sandaré,ML010612,kayes,nioro,sandare
Kayes,ML01,Nioro,ML0106,Simbi,ML010613,kayes,nioro,simbi
Kayes,ML01,Nioro,ML0106,Troungoumbé,ML010614,kayes,nioro,troungoumbe
Kayes,ML01,Nioro,ML0106,Youri,ML010616,kayes,nioro,youri
Kayes,ML01,Nioro,ML0106,Yéréré,ML010615,kayes,nioro,yerere
Kayes,ML01,Yélimané,ML0107,Diafounou Diongaga,ML010701,kayes,yelimane,diafounoudiongaga
Kayes,ML01,Yélimané,ML0107,Diafounou Gory,ML010702,kayes,yelimane,diafounougory
Kayes,ML01,Yélimané,ML0107,Fanga,ML010703,kayes,yelimane,fanga
Kayes,ML01,Yélimané,ML0107,Gory,ML010704,kayes,yelimane,gory
Kayes,ML01,Yélimané,ML0107,Guidime,ML010705,kayes,yelimane,guidime
Kayes,ML01,Yélimané,ML0107,Kirané Kaniaga,ML010706,kayes,yelimane,kiranekaniaga
Kayes,ML01,Yélimané,ML0107,Konsiga,ML010707,kayes,yelimane,konsiga
Kayes,ML01,Yélimané,ML0107,Kremis,ML010708,kayes,yelimane,kremis
Kayes,ML01,Yélimané,ML0107,Marekaffo,ML010709,kayes,yelimane,marekaffo
Kayes,ML01,Yélimané,ML0107,Soumpou,ML010710,kayes,yelimane,soumpou
Kayes,ML01,Yélimané,ML0107,Toya,ML010711,kayes,yelimane,toya
Kayes,ML01,Yélimané,ML0107,Tringa,ML010712,kayes,yelimane,tringa
Kidal,ML08,Abeibara,ML0801,Abéïbara,ML080101,kidal,abeibara,abeibara
Kidal,ML08,Abeibara,ML0801,Boghassa,ML080102,kidal,abeibara,boghassa
Kidal,ML08,Abeibara,ML0801,Tinzawatène,ML080103,kidal,abeibara,tinzawatene
Kidal,ML08,Kidal,ML0802,Anefif,ML080201,kidal,kidal,anefif
Kidal,ML08,Kidal,ML0802,Essouk,ML080202,kidal,kidal,essouk
Kidal,ML08,Kidal,ML0802,Kidal,ML080203,kidal,kidal,kidal
Kidal,ML08,Tessalit,ML0803,Adjelhoc,ML080301,kidal,tessalit,adjelhoc
Kidal,ML08,Tessalit,ML0803,Tessalit,ML080302,kidal,tessalit,tessalit
Kidal,ML08,Tessalit,ML0803,Timtaghene,ML080303,kidal,tessalit,timtaghene
Kidal,ML08,Tin-Essako,ML0804,Tin Essako,ML080401,kidal,tinessako,tinessako
Koulikoro,ML02,Banamba,ML0201,Banamba,ML020101,koulikoro,banamba,banamba
Koulikoro,ML02,Banamba,ML0201,Ben Kadi,ML020102,koulikoro,banamba,benkadi
Koulikoro,ML02,Banamba,ML0201,Boron,ML020103,koulikoro,banamba,boron
Koulikoro,ML02,Banamba,ML0201,Duguwolowula,ML020104,koulikoro,banamba,duguwolowula
Koulikoro,ML02,Banamba,ML0201,Kiban,ML020105,koulikoro,banamba,kiban
Koulikoro,ML02,Banamba,ML0201,Madina Sacko,ML020106,koulikoro,banamba,madinasacko
Koulikoro,ML02,Banamba,ML0201,Sebete,ML020107,koulikoro,banamba,sebete
Koulikoro,ML02,Banamba,ML0201,Toubacoro,ML020108,koulikoro,banamba,toubacoro
Koulikoro,ML02,Banamba,ML0201,Toukoroba,ML020109,koulikoro,banamba,toukoroba
Koulikoro,ML02,Dioila,ML0202,Banco,ML020201,koulikoro,dioila,banco
Koulikoro,ML02,Dioila,ML0202,Benkadi,ML020202,koulikoro,dioila,benkadi
Koulikoro,ML02,Dioila,ML0202,Binko,ML020203,koulikoro,dioila,binko
Koulikoro,ML02,Dioila,ML0202,Diedougou,ML020206,koulikoro,dioila,diedougou
Koulikoro,ML02,Dioila,ML0202,Diouman,ML020207,koulikoro,dioila,diouman
Koulikoro,ML02,Dioila,ML0202,Dièbè,ML020205,koulikoro,dioila,diebe
Koulikoro,ML02,Dioila,ML0202,Dolendougou,ML020208,koulikoro,dioila,dolendougou
Koulikoro,ML02,Dioila,ML0202,Dégnékoro,ML020204,koulikoro,dioila,degnekoro
Koulikoro,ML02,Dioila,ML0202,Guégnéka,ML020209,koulikoro,dioila,guegneka
Koulikoro,ML02,Dioila,ML0202,Jékafo,ML020210,koulikoro,dioila,jekafo
Koulikoro,ML02,Dioila,ML0202,Kaladougou,ML020211,koulikoro,dioila,kaladougou
Koulikoro,ML02,Dioila,ML0202,Kerela,ML020213,koulikoro,dioila,kerela
Koulikoro,ML02,Dioila,ML0202,Kilidougou,ML020214,koulikoro,dioila,kilidougou
Koulikoro,ML02,Dioila,ML0202,Kémékafo,ML020212,koulikoro,dioila,kemekafo
Koulikoro,ML02,Dioila,ML0202,Massigui,ML020215,koulikoro,dioila,massigui
Koulikoro,ML02,Dioila,ML0202,N'dlondougou,ML020217,koulikoro,dioila,ndlondougou
Koulikoro,ML02,Dioila,ML0202,N'garadougou,ML020218,koulikoro,dioila,ngaradougou
Koulikoro,ML02,Dioila,ML0202,N'golobougou,ML020219,koulikoro,dioila,ngolobougou
Koulikoro,ML02,Dioila,ML0202,Nangola,ML020216,koulikoro,dioila,nangola
Koulikoro,ML02,Dioila,ML0202,Niantjila,ML020220,koulikoro,dioila,niantjila
Koulikoro,ML02,Dioila,ML0202,Ténindougou,ML020221,koulikoro,dioila,tenindougou
Koulikoro,ML02,Dioila,ML0202,Wacoro,ML020222,koulikoro,dioila,wacoro
Koulikoro,ML02,Dioila,ML0202,Zan Coulibaly,ML020223,koulikoro,dioila,zancoulibaly
Koulikoro,ML02,Kangaba,ML0203,Balan Bakama,ML020301,koulikoro,kangaba,balanbakama
Koulikoro,ML02,Kangaba,ML0203,Benkadi,ML020302,koulikoro,kangaba,benkadi
Koulikoro,ML02,Kangaba,ML0203,Kaniogo,ML020303,koulikoro,kangaba,kaniogo
Koulikoro,ML02,Kangaba,ML0203,Karan,ML020304,koulikoro,kangaba,karan
Koulikoro,ML02,Kangaba,ML0203,Maramandougou,ML020305,koulikoro,kangaba,maramandougou
Koulikoro,ML02,Kangaba,ML0203,Minidian,ML020306,koulikoro,kangaba,minidian
Koulikoro,ML02,Kangaba,ML0203,Narena,ML020307,koulikoro,kangaba,narena
Koulikoro,ML02,Kangaba,ML0203,Nouga,ML020308,koulikoro,kangaba,nouga
Koulikoro,ML02,Kangaba,ML0203,Séléfougou,ML020309,koulikoro,kangaba,selefougou
Koulikoro,ML02,Kati,ML0204,Baguinéda Camp,ML020401,koulikoro,kati,baguinedacamp
Koulikoro,ML02,Kati,ML0204,Bancoumana,ML020402,koulikoro,kati,bancoumana
Koulikoro,ML02,Kati,ML0204,Bossofala,ML020403,koulikoro,kati,bossofala
Koulikoro,ML02,Kati,ML0204,Bougoula,ML020404,koulikoro,kati,bougoula
Koulikoro,ML02,Kati,ML0204,Daban,ML020405,koulikoro,kati,daban
Koulikoro,ML02,Kati,ML0204,Diago,ML020406,koulikoro,kati,diago
Koulikoro,ML02,Kati,ML0204,Dialakoroba,ML020407,koulikoro,kati,dialakoroba
Koulikoro,ML02,Kati,ML0204,Dialakorodji,ML020408,koulikoro,kati,dialakorodji
Koulikoro,ML02,Kati,ML0204,Dio Gare,ML020410,koulikoro,kati,diogare
Koulikoro,ML02,Kati,ML0204,Diébougou,ML020409,koulikoro,kati,diebougou
Koulikoro,ML02,Kati,ML0204,Dogodouman,ML020411,koulikoro,kati,dogodouman
Koulikoro,ML02,Kati,ML0204,Dombila,ML020412,koulikoro,kati,dombila
Koulikoro,ML02,Kati,ML0204,Doubabougou,ML020413,koulikoro,kati,doubabougou
Koulikoro,ML02,Kati,ML0204,Faraba,ML020414,koulikoro,kati,faraba
Koulikoro,ML02,Kati,ML0204,Kalabancoro,ML020415,koulikoro,kati,kalabancoro
Koulikoro,ML02,Kati,ML0204,Kalifabougou,ML020416,koulikoro,kati,kalifabougou
Koulikoro,ML02,Kati,ML0204,Kambila,ML020417,koulikoro,kati,kambila
Koulikoro,ML02,Kati,ML0204,Kati,ML020418,koulikoro,kati,kati
Koulikoro,ML02,Kati,ML0204,Kourouba,ML020419,koulikoro,kati,kourouba
Koulikoro,ML02,Kati,ML0204,Mandé,ML020420,koulikoro,kati,mande
Koulikoro,ML02,Kati,ML0204,Moribabougou,ML020421,koulikoro,kati,moribabougou
Koulikoro,ML02,Kati,ML0204,Mountougoula,ML020422,koulikoro,kati,mountougoula
Koulikoro,ML02,Kati,ML0204,N'gabacoro Droit,ML020423,koulikoro,kati,ngabacorodroit
Koulikoro,ML02,Kati,ML0204,N'gouraba,ML020424,koulikoro,kati,ngouraba
Koulikoro,ML02,Kati,ML0204,N'tjiba,ML020427,koulikoro,kati,ntjiba
Koulikoro,ML02,Kati,ML0204,Niagadina,ML020425,koulikoro,kati,niagadina
Koulikoro,ML02,Kati,ML0204,Nioumakana,ML020426,koulikoro,kati,nioumakana
Koulikoro,ML02,Kati,ML0204,Ouélessébougou,ML020428,koulikoro,kati,ouelessebougou
Koulikoro,ML02,Kati,ML0204,Safo,ML020429,koulikoro,kati,safo
Koulikoro,ML02,Kati,ML0204,Sanankoro Djitoumou,ML020430,koulikoro,kati,sanankorodjitoumou
Koulikoro,ML02,Kati,ML0204,Sanankoroba,ML020431,koulikoro,kati,sanankoroba
Koulikoro,ML02,Kati,ML0204,Sangarébougou,ML020432,koulikoro,kati,sangarebougou
Koulikoro,ML02,Kati,ML0204,Siby,ML020433,koulikoro,kati,siby
Koulikoro,ML02,Kati,ML0204,Sobra,ML020434,koulikoro,kati,sobra
Koulikoro,ML02,Kati,ML0204,Tiakadougou Dialakoro,ML020435,koulikoro,kati,tiakadougoudialakoro
Koulikoro,ML02,Kati,ML0204,Tiélé,ML020436,koulikoro,kati,tiele
Koulikoro,ML02,Kati,ML0204,Yélékedougou,ML020437,koulikoro,kati,yelekedougou
Koulikoro,ML02,Kolokani,ML0205,Didiéni,ML020501,koulikoro,kolokani,didieni
Koulikoro,ML02,Kolokani,ML0205,Guihoyo,ML020502,koulikoro,kolokani,guihoyo
Koulikoro,ML02,Kolokani,ML0205,Kolokani,ML020503,koulikoro,kolokani,kolokani
Koulikoro,ML02,Kolokani,ML0205,Massantola,ML020504,koulikoro,kolokani,massantola
Koulikoro,ML02,Kolokani,ML0205,Nonkon,ML020505,koulikoro,kolokani,nonkon
Koulikoro,ML02,Kolokani,ML0205,Nossombougou,ML020506,koulikoro,kolokani,nossombougou
Koulikoro,ML02,Kolokani,ML0205,Ouolodo,ML020507,koulikoro,kolokani,ouolodo
Koulikoro,ML02,Kolokani,ML0205,Sagabala,ML020508,koulikoro,kolokani,sagabala
Koulikoro,ML02,Kolokani,ML0205,Sébécoro I,ML020509,koulikoro,kolokani,sebecoroi
Koulikoro,ML02,Kolokani,ML0205,Tioribougou,ML020510,koulikoro,kolokani,tioribougou
Koulikoro,ML02,Koulikoro,ML0206,Dinandougou,ML020601,koulikoro,koulikoro,dinandougou
Koulikoro,ML02,Koulikoro,ML0206,Doumba,ML020602,koulikoro,koulikoro,doumba
Koulikoro,ML02,Koulikoro,ML0206,Koula,ML020603,koulikoro,koulikoro,koula
Koulikoro,ML02,Koulikoro,ML0206,Koulikoro,ML020604,koulikoro,koulikoro,koulikoro
Koulikoro,ML02,Koulikoro,ML0206,Méguétan,ML020605,koulikoro,koulikoro,meguetan
Koulikoro,ML02,Koulikoro,ML0206,Nyamina,ML020606,koulikoro,koulikoro,nyamina
Koulikoro,ML02,Koulikoro,ML0206,Sirakorola,ML020607,koulikoro,koulikoro,sirakorola
Koulikoro,ML02,Koulikoro,ML0206,Tienfala,ML020608,koulikoro,koulikoro,tienfala
Koulikoro,ML02,Koulikoro,ML0206,Tougouni,ML020609,koulikoro,koulikoro,tougouni
Koulikoro,ML02,Nara,ML0207,Allahina,ML020701,koulikoro,nara,allahina
Koulikoro,ML02,Nara,ML0207,Dabo,ML020702,koulikoro,nara,dabo
Koulikoro,ML02,Nara,ML0207,Dilly,ML020703,koulikoro,nara,dilly
Koulikoro,ML02,Nara,ML0207,Dogofry,ML020704,koulikoro,nara,dogofry
Koulikoro,ML02,Nara,ML0207,Fallou,ML020705,koulikoro,nara,fallou
Koulikoro,ML02,Nara,ML0207,Guiré,ML020707,koulikoro,nara,guire
Koulikoro,ML02,Nara,ML0207,Guéneibe,ML020706,koulikoro,nara,gueneibe
Koulikoro,ML02,Nara,ML0207,Koronga,ML020708,koulikoro,nara,koronga
Koulikoro,ML02,Nara,ML0207,Nara,ML020709,koulikoro,nara,nara
Koulikoro,ML02,Nara,ML0207,Niamana,ML020710,koulikoro,nara,niamana
Koulikoro,ML02,Nara,ML0207,Ouagadou,ML020711,koulikoro,nara,ouagadou
Menaka,ML10,Anderamboukane,ML1002,Andéramboukane,ML100201,gao,anderamboukane,anderamboukane
Menaka,ML10,Inekar,ML1003,Inékar,ML100301,gao,inekar,inekar
Menaka,ML10,Ménaka,ML1001,Ménaka,ML100101,gao,menaka,menaka
Menaka,ML10,Tidermene,ML1004,Tidermène,ML100401,gao,tidermene,tidermene
Mopti,ML05,Bandiagara,ML0501,Bandiagara,ML050101,mopti,bandiagara,bandiagara
Mopti,ML05,Bandiagara,ML0501,Bara Sara,ML050102,mopti,bandiagara,barasara
Mopti,ML05,Bandiagara,ML0501,Borko,ML050103,mopti,bandiagara,borko
Mopti,ML05,Bandiagara,ML0501,Dandoli,ML050104,mopti,bandiagara,dandoli
Mopti,ML05,Bandiagara,ML0501,Diamnati,ML050105,mopti,bandiagara,diamnati
Mopti,ML05,Bandiagara,ML0501,Dogani Béré,ML050106,mopti,bandiagara,doganibere
Mopti,ML05,Bandiagara,ML0501,Doucoumbo,ML050107,mopti,bandiagara,doucoumbo
Mopti,ML05,Bandiagara,ML0501,Dourou,ML050108,mopti,bandiagara,dourou
Mopti,ML05,Bandiagara,ML0501,Kendié,ML050110,mopti,bandiagara,kendie
Mopti,ML05,Bandiagara,ML0501,Kendé,ML050109,mopti,bandiagara,kende
Mopti,ML05,Bandiagara,ML0501,Lowol Guéou,ML050111,mopti,bandiagara,lowolgueou
Mopti,ML05,Bandiagara,ML0501,Métoumou,ML050112,mopti,bandiagara,metoumou
Mopti,ML05,Bandiagara,ML0501,Ondougou,ML050113,mopti,bandiagara,ondougou
Mopti,ML05,Bandiagara,ML0501,Pignari,ML050115,mopti,bandiagara,pignari
Mopti,ML05,Bandiagara,ML0501,Pignari Bana,ML050116,mopti,bandiagara,pignaribana
Mopti,ML05,Bandiagara,ML0501,Pélou,ML050114,mopti,bandiagara,pelou
Mopti,ML05,Bandiagara,ML0501,Sangha,ML050117,mopti,bandiagara,sangha
Mopti,ML05,Bandiagara,ML0501,Soroly,ML050119,mopti,bandiagara,soroly
Mopti,ML05,Bandiagara,ML0501,Ségué Iré,ML050118,mopti,bandiagara,segueire
Mopti,ML05,Bandiagara,ML0501,Timiri,ML050120,mopti,bandiagara,timiri
Mopti,ML05,Bandiagara,ML0501,Wadouba,ML050121,mopti,bandiagara,wadouba
Mopti,ML05,Bankass,ML0502,Bankass,ML050201,mopti,bankass,bankass
Mopti,ML05,Bankass,ML0502,Baye,ML050202,mopti,bankass,baye
Mopti,ML05,Bankass,ML0502,Diallassagou,ML050203,mopti,bankass,diallassagou
Mopti,ML05,Bankass,ML0502,Dimbal Habé,ML050204,mopti,bankass,dimbalhabe
Mopti,ML05,Bankass,ML0502,Kani Bozon,ML050205,mopti,bankass,kanibozon
Mopti,ML05,Bankass,ML0502,Koulogon Habé,ML050206,mopti,bankass,koulogonhabe
Mopti,ML05,Bankass,ML0502,Lessagou Habé,ML050207,mopti,bankass,lessagouhabe
Mopti,ML05,Bankass,ML0502,Ouonkoro,ML050208,mopti,bankass,ouonkoro
Mopti,ML05,Bankass,ML0502,Sokoura,ML050210,mopti,bankass,sokoura
Mopti,ML05,Bankass,ML0502,Soubala,ML050211,mopti,bankass,soubala
Mopti,ML05,Bankass,ML0502,Ségué,ML050209,mopti,bankass,segue
Mopti,ML05,Bankass,ML0502,Tori,ML050212,mopti,bankass,tori
Mopti,ML05,Djenné,ML0503,Dandougou Fakala,ML050301,mopti,djenne,dandougoufakala
Mopti,ML05,Djenné,ML0503,Derrary,ML050302,mopti,djenne,derrary
Mopti,ML05,Djenné,ML0503,Djenné,ML050303,mopti,djenne,djenne
Mopti,ML05,Djenné,ML0503,Fakala,ML050304,mopti,djenne,fakala
Mopti,ML05,Djenné,ML0503,Femaye,ML050305,mopti,djenne,femaye
Mopti,ML05,Djenné,ML0503,Kéwa,ML050306,mopti,djenne,kewa
Mopti,ML05,Djenné,ML0503,Madiama,ML050307,mopti,djenne,madiama
Mopti,ML05,Djenné,ML0503,Niansanari,ML050309,mopti,djenne,niansanari
Mopti,ML05,Djenné,ML0503,Néma Badenyakafo,ML050308,mopti,djenne,nemabadenyakafo
Mopti,ML05,Djenné,ML0503,Ouro Ali,ML050310,mopti,djenne,ouroali
Mopti,ML05,Djenné,ML0503,Pondori,ML050311,mopti,djenne,pondori
Mopti,ML05,Djenné,ML0503,Togué Mourari,ML050312,mopti,djenne,toguemourari
Mopti,ML05,Douentza,ML0504,Dallah,ML050401,mopti,douentza,dallah
Mopti,ML05,Douentza,ML0504,Dangol Boré,ML050402,mopti,douentza,dangolbore
Mopti,ML05,Douentza,ML0504,Dianwély,ML050404,mopti,douentza,dianwely
Mopti,ML05,Douentza,ML0504,Djaptodji,ML050405,mopti,douentza,djaptodji
Mopti,ML05,Douentza,ML0504,Douentza,ML050406,mopti,douentza,douentza
Mopti,ML05,Douentza,ML0504,Débéré,ML050403,mopti,douentza,debere
Mopti,ML05,Douentza,ML0504,Gandamia,ML050407,mopti,douentza,gandamia
Mopti,ML05,Douentza,ML0504,Hairé,ML050408,mopti,douentza,haire
Mopti,ML05,Douentza,ML0504,Hombori,ML050409,mopti,douentza,hombori
Mopti,ML05,Douentza,ML0504,Korarou,ML050411,mopti,douentza,korarou
Mopti,ML05,Douentza,ML0504,Koubéwel Koundia,ML050412,mopti,douentza,koubewelkoundia
Mopti,ML05,Douentza,ML0504,Kéréna,ML050410,mopti,douentza,kerena
Mopti,ML05,Douentza,ML0504,Mondoro,ML050413,mopti,douentza,mondoro
Mopti,ML05,Douentza,ML0504,Pétaka,ML050414,mopti,douentza,petaka
Mopti,ML05,Douentza,ML0504,Tedie,ML050415,mopti,douentza,tedie
Mopti,ML05,Koro,ML0505,Bamba,ML050501,mopti,koro,bamba
Mopti,ML05,Koro,ML0505,Barapireli,ML050502,mopti,koro,barapireli
Mopti,ML05,Koro,ML0505,Bondo,ML050503,mopti,koro,bondo
Mopti,ML05,Koro,ML0505,Diankabou,ML050504,mopti,koro,diankabou
Mopti,ML05,Koro,ML0505,Dinangourou,ML050505,mopti,koro,dinangourou
Mopti,ML05,Koro,ML0505,Diougani,ML050506,mopti,koro,diougani
Mopti,ML05,Koro,ML0505,Dougouténé I,ML050507,mopti,koro,dougoutenei
Mopti,ML05,Koro,ML0505,Dougouténé II,ML050508,mopti,koro,dougouteneii
Mopti,ML05,Koro,ML0505,Kassa,ML050509,mopti,koro,kassa
Mopti,ML05,Koro,ML0505,Koporo Pen,ML050510,mopti,koro,koporopen
Mopti,ML05,Koro,ML0505,Koporokendie Na,ML050511,mopti,koro,koporokendiena
Mopti,ML05,Koro,ML0505,Koro,ML050512,mopti,koro,koro
Mopti,ML05,Koro,ML0505,Madougou,ML050513,mopti,koro,madougou
Mopti,ML05,Koro,ML0505,Pel Maoude,ML050514,mopti,koro,pelmaoude
Mopti,ML05,Koro,ML0505,Yoro,ML050515,mopti,koro,yoro
Mopti,ML05,Koro,ML0505,Youdiou,ML050516,mopti,koro,youdiou
Mopti,ML05,Mopti,ML0506,Bassirou,ML050601,mopti,mopti,bassirou
Mopti,ML05,Mopti,ML0506,Borondougou,ML050602,mopti,mopti,borondougou
Mopti,ML05,Mopti,ML0506,Dialloube,ML050603,mopti,mopti,dialloube
Mopti,ML05,Mopti,ML0506,Fatoma,ML050604,mopti,mopti,fatoma
Mopti,ML05,Mopti,ML0506,Konna,ML050605,mopti,mopti,konna
Mopti,ML05,Mopti,ML0506,Korombana,ML050606,mopti,mopti,korombana
Mopti,ML05,Mopti,ML0506,Koubaye,ML050607,mopti,mopti,koubaye
Mopti,ML05,Mopti,ML0506,Kounari,ML050608,mopti,mopti,kounari
Mopti,ML05,Mopti,ML0506,Mopti,ML050609,mopti,mopti,mopti
Mopti,ML05,Mopti,ML0506,Ouro Modi,ML050610,mopti,mopti,ouromodi
Mopti,ML05,Mopti,ML0506,Ouroube Doude,ML050611,mopti,mopti,ouroubedoude
Mopti,ML05,Mopti,ML0506,Sasalbe,ML050612,mopti,mopti,sasalbe
Mopti,ML05,Mopti,ML0506,Sio,ML050613,mopti,mopti,sio
Mopti,ML05,Mopti,ML0506,Socoura,ML050614,mopti,mopti,socoura
Mopti,ML05,Mopti,ML0506,Soye,ML050615,mopti,mopti,soye
Mopti,ML05,Ténenkou,ML0507,Diafarabé,ML050701,mopti,tenenkou,diafarabe
Mopti,ML05,Ténenkou,ML0507,Diaka,ML050702,mopti,tenenkou,diaka
Mopti,ML05,Ténenkou,ML0507,Diondiori,ML050703,mopti,tenenkou,diondiori
Mopti,ML05,Ténenkou,ML0507,Kareri,ML050704,mopti,tenenkou,kareri
Mopti,ML05,Ténenkou,ML0507,Ouro Ardo,ML050705,mopti,tenenkou,ouroardo
Mopti,ML05,Ténenkou,ML0507,Ouro Guire,ML050706,mopti,tenenkou,ouroguire
Mopti,ML05,Ténenkou,ML0507,Sougoulbe,ML050707,mopti,tenenkou,sougoulbe
Mopti,ML05,Ténenkou,ML0507,Togoro Kotia,ML050709,mopti,tenenkou,togorokotia
Mopti,ML05,Ténenkou,ML0507,Toguére-Coumbe,ML050710,mopti,tenenkou,toguerecoumbe
Mopti,ML05,Ténenkou,ML0507,Ténenkou,ML050708,mopti,tenenkou,tenenkou
Mopti,ML05,Youwarou,ML0508,Bimbéré Tama,ML050801,mopti,youwarou,bimberetama
Mopti,ML05,Youwarou,ML0508,Dirma,ML050803,mopti,youwarou,dirma
Mopti,ML05,Youwarou,ML0508,Dongo,ML050804,mopti,youwarou,dongo
Mopti,ML05,Youwarou,ML0508,Déboye,ML050802,mopti,youwarou,deboye
Mopti,ML05,Youwarou,ML0508,Farimaké,ML050805,mopti,youwarou,farimake
Mopti,ML05,Youwarou,ML0508,N'dodjiga,ML050806,mopti,youwarou,ndodjiga
Mopti,ML05,Youwarou,ML0508,Youwarou,ML050807,mopti,youwarou,youwarou
Sikasso,ML03,Bougouni,ML0301,Bladié-Tièmala,ML030101,sikasso,bougouni,bladietiemala
Sikasso,ML03,Bougouni,ML0301,Bougouni,ML030102,sikasso,bougouni,bougouni
Sikasso,ML03,Bougouni,ML0301,Danou,ML030103,sikasso,bougouni,danou
Sikasso,ML03,Bougouni,ML0301,Dogo,ML030106,sikasso,bougouni,dogo
Sikasso,ML03,Bougouni,ML0301,Domba,ML030107,sikasso,bougouni,domba
Sikasso,ML03,Bougouni,ML0301,Débélin,ML030104,sikasso,bougouni,debelin
Sikasso,ML03,Bougouni,ML0301,Défina,ML030105,sikasso,bougouni,defina
Sikasso,ML03,Bougouni,ML0301,Faragouaran,ML030109,sikasso,bougouni,faragouaran
Sikasso,ML03,Bougouni,ML0301,Farédiélé,ML030108,sikasso,bougouni,farediele
Sikasso,ML03,Bougouni,ML0301,Garalo,ML030110,sikasso,bougouni,garalo
Sikasso,ML03,Bougouni,ML0301,Kola,ML030113,sikasso,bougouni,kola
Sikasso,ML03,Bougouni,ML0301,Kolélé,ML030112,sikasso,bougouni,kolele
Sikasso,ML03,Bougouni,ML0301,Koumantou,ML030114,sikasso,bougouni,koumantou
Sikasso,ML03,Bougouni,ML0301,Kouroulamini,ML030115,sikasso,bougouni,kouroulamini
Sikasso,ML03,Bougouni,ML0301,Kéléya,ML030111,sikasso,bougouni,keleya
Sikasso,ML03,Bougouni,ML0301,Méridiéla,ML030116,sikasso,bougouni,meridiela
Sikasso,ML03,Bougouni,ML0301,Ouroun,ML030117,sikasso,bougouni,ouroun
Sikasso,ML03,Bougouni,ML0301,Sanso,ML030118,sikasso,bougouni,sanso
Sikasso,ML03,Bougouni,ML0301,Sibirila,ML030119,sikasso,bougouni,sibirila
Sikasso,ML03,Bougouni,ML0301,Sido,ML030120,sikasso,bougouni,sido
Sikasso,ML03,Bougouni,ML0301,Syen Toula,ML030121,sikasso,bougouni,syentoula
Sikasso,ML03,Bougouni,ML0301,Tiémala Banimonitié,ML030122,sikasso,bougouni,tiemalabanimonitie
Sikasso,ML03,Bougouni,ML0301,Wola,ML030123,sikasso,bougouni,wola
Sikasso,ML03,Bougouni,ML0301,Yinindougou,ML030124,sikasso,bougouni,yinindougou
Sikasso,ML03,Bougouni,ML0301,Yiridougou,ML030125,sikasso,bougouni,yiridougou
Sikasso,ML03,Bougouni,ML0301,Zantiébougou,ML030126,sikasso,bougouni,zantiebougou
Sikasso,ML03,Kadiolo,ML0302,Diou,ML030201,sikasso,kadiolo,diou
Sikasso,ML03,Kadiolo,ML0302,Dioumaténé,ML030202,sikasso,kadiolo,dioumatene
Sikasso,ML03,Kadiolo,ML0302,Fourou,ML030203,sikasso,kadiolo,fourou
Sikasso,ML03,Kadiolo,ML0302,Kadiolo,ML030204,sikasso,kadiolo,kadiolo
Sikasso,ML03,Kadiolo,ML0302,Kai,ML030205,sikasso,kadiolo,kai
Sikasso,ML03,Kadiolo,ML0302,Loulouni,ML030206,sikasso,kadiolo,loulouni
Sikasso,ML03,Kadiolo,ML0302,Misséni,ML030207,sikasso,kadiolo,misseni
Sikasso,ML03,Kadiolo,ML0302,Nimbougou,ML030208,sikasso,kadiolo,nimbougou
Sikasso,ML03,Kadiolo,ML0302,Zégoua,ML030209,sikasso,kadiolo,zegoua
Sikasso,ML03,Kolondieba,ML0303,Bougoula,ML030301,sikasso,kolondieba,bougoula
Sikasso,ML03,Kolondieba,ML0303,Fakola,ML030302,sikasso,kolondieba,fakola
Sikasso,ML03,Kolondieba,ML0303,Farako,ML030303,sikasso,kolondieba,farako
Sikasso,ML03,Kolondieba,ML0303,Kadiana,ML030304,sikasso,kolondieba,kadiana
Sikasso,ML03,Kolondieba,ML0303,Kolondiéba,ML030306,sikasso,kolondieba,kolondieba
Sikasso,ML03,Kolondieba,ML0303,Kolosso,ML030307,sikasso,kolondieba,kolosso
Sikasso,ML03,Kolondieba,ML0303,Kébila,ML030305,sikasso,kolondieba,kebila
Sikasso,ML03,Kolondieba,ML0303,Ména,ML030308,sikasso,kolondieba,mena
Sikasso,ML03,Kolondieba,ML0303,N'golodiana,ML030310,sikasso,kolondieba,ngolodiana
Sikasso,ML03,Kolondieba,ML0303,Nangalasso,ML030309,sikasso,kolondieba,nangalasso
Sikasso,ML03,Kolondieba,ML0303,Tiongui,ML030311,sikasso,kolondieba,tiongui
Sikasso,ML03,Kolondieba,ML0303,Tousseguela,ML030312,sikasso,kolondieba,tousseguela
Sikasso,ML03,Koutiala,ML0304,Diouradougou Kafo,ML030402,sikasso,koutiala,diouradougoukafo
Sikasso,ML03,Koutiala,ML0304,Diédougou,ML030401,sikasso,koutiala,diedougou
Sikasso,ML03,Koutiala,ML0304,Fagui,ML030403,sikasso,koutiala,fagui
Sikasso,ML03,Koutiala,ML0304,Fakolo,ML030404,sikasso,koutiala,fakolo
Sikasso,ML03,Koutiala,ML0304,Gouadié Sougouna,ML030405,sikasso,koutiala,gouadiesougouna
Sikasso,ML03,Koutiala,ML0304,Gouadji Kao,ML030406,sikasso,koutiala,gouadjikao
Sikasso,ML03,Koutiala,ML0304,Kafo Faboli,ML030407,sikasso,koutiala,kafofaboli
Sikasso,ML03,Koutiala,ML0304,Kapala,ML030408,sikasso,koutiala,kapala
Sikasso,ML03,Koutiala,ML0304,Karagouana Mallé,ML030409,sikasso,koutiala,karagouanamalle
Sikasso,ML03,Koutiala,ML0304,Kolonigué,ML030410,sikasso,koutiala,kolonigue
Sikasso,ML03,Koutiala,ML0304,Konina,ML030411,sikasso,koutiala,konina
Sikasso,ML03,Koutiala,ML0304,Koningué,ML030412,sikasso,koutiala,koningue
Sikasso,ML03,Koutiala,ML0304,Konséguéla,ML030413,sikasso,koutiala,konseguela
Sikasso,ML03,Koutiala,ML0304,Koromo,ML030414,sikasso,koutiala,koromo
Sikasso,ML03,Koutiala,ML0304,Kouniana,ML030415,sikasso,koutiala,kouniana
Sikasso,ML03,Koutiala,ML0304,Koutiala,ML030416,sikasso,koutiala,koutiala
Sikasso,ML03,Koutiala,ML0304,Logouana,ML030417,sikasso,koutiala,logouana
Sikasso,ML03,Koutiala,ML0304,M'pessoba,ML030419,sikasso,koutiala,mpessoba
Sikasso,ML03,Koutiala,ML0304,Miena,ML030418,sikasso,koutiala,miena
Sikasso,ML03,Koutiala,ML0304,N'golonianasso,ML030422,sikasso,koutiala,ngolonianasso
Sikasso,ML03,Koutiala,ML0304,N'goutjina,ML030423,sikasso,koutiala,ngoutjina
Sikasso,ML03,Koutiala,ML0304,N'tossoni,ML030425,sikasso,koutiala,ntossoni
Sikasso,ML03,Koutiala,ML0304,Nafanga,ML030420,sikasso,koutiala,nafanga
Sikasso,ML03,Koutiala,ML0304,Nampé,ML030421,sikasso,koutiala,nampe
Sikasso,ML03,Koutiala,ML0304,Niantaga,ML030424,sikasso,koutiala,niantaga
Sikasso,ML03,Koutiala,ML0304,Sincina,ML030426,sikasso,koutiala,sincina
Sikasso,ML03,Koutiala,ML0304,Sinkolo,ML030427,sikasso,koutiala,sinkolo
Sikasso,ML03,Koutiala,ML0304,Songo Doubacoro,ML030428,sikasso,koutiala,songodoubacoro
Sikasso,ML03,Koutiala,ML0304,Songoua,ML030429,sikasso,koutiala,songoua
Sikasso,ML03,Koutiala,ML0304,Sorobasso,ML030430,sikasso,koutiala,sorobasso
Sikasso,ML03,Koutiala,ML0304,Tao,ML030431,sikasso,koutiala,tao
Sikasso,ML03,Koutiala,ML0304,Yognogo,ML030432,sikasso,koutiala,yognogo
Sikasso,ML03,Koutiala,ML0304,Zanfigué,ML030433,sikasso,koutiala,zanfigue
Sikasso,ML03,Koutiala,ML0304,Zangasso,ML030434,sikasso,koutiala,zangasso
Sikasso,ML03,Koutiala,ML0304,Zanina,ML030435,sikasso,koutiala,zanina
Sikasso,ML03,Koutiala,ML0304,Zebala,ML030436,sikasso,koutiala,zebala
Sikasso,ML03,Sikasso,ML0305,Benkadi,ML030501,sikasso,sikasso,benkadi
Sikasso,ML03,Sikasso,ML0305,Blendio,ML030502,sikasso,sikasso,blendio
Sikasso,ML03,Sikasso,ML0305,Danderesso,ML030503,sikasso,sikasso,danderesso
Sikasso,ML03,Sikasso,ML0305,Dembela,ML030504,sikasso,sikasso,dembela
Sikasso,ML03,Sikasso,ML0305,Dialakoro,ML030505,sikasso,sikasso,dialakoro
Sikasso,ML03,Sikasso,ML0305,Diomaténé,ML030506,sikasso,sikasso,diomatene
Sikasso,ML03,Sikasso,ML0305,Dogoni,ML030507,sikasso,sikasso,dogoni
Sikasso,ML03,Sikasso,ML0305,Doumanaba,ML030508,sikasso,sikasso,doumanaba
Sikasso,ML03,Sikasso,ML0305,Fama,ML030509,sikasso,sikasso,fama
Sikasso,ML03,Sikasso,ML0305,Farakala,ML030510,sikasso,sikasso,farakala
Sikasso,ML03,Sikasso,ML0305,Finkolo,ML030511,sikasso,sikasso,finkolo
Sikasso,ML03,Sikasso,ML0305,Finkolo Ganadougou,ML030512,sikasso,sikasso,finkologanadougou
Sikasso,ML03,Sikasso,ML0305,Gongasso,ML030513,sikasso,sikasso,gongasso
Sikasso,ML03,Sikasso,ML0305,Kabarasso,ML030514,sikasso,sikasso,kabarasso
Sikasso,ML03,Sikasso,ML0305,Kaboila,ML030515,sikasso,sikasso,kaboila
Sikasso,ML03,Sikasso,ML0305,Kafouziela,ML030516,sikasso,sikasso,kafouziela
Sikasso,ML03,Sikasso,ML0305,Kapala,ML030517,sikasso,sikasso,kapala
Sikasso,ML03,Sikasso,ML0305,Kapolondougou,ML030518,sikasso,sikasso,kapolondougou
Sikasso,ML03,Sikasso,ML0305,Kignan,ML030519,sikasso,sikasso,kignan
Sikasso,ML03,Sikasso,ML0305,Kléla,ML030520,sikasso,sikasso,klela
Sikasso,ML03,Sikasso,ML0305,Kofan,ML030521,sikasso,sikasso,kofan
Sikasso,ML03,Sikasso,ML0305,Kolokoba,ML030522,sikasso,sikasso,kolokoba
Sikasso,ML03,Sikasso,ML0305,Koumankou,ML030523,sikasso,sikasso,koumankou
Sikasso,ML03,Sikasso,ML0305,Kouoro,ML030524,sikasso,sikasso,kouoro
Sikasso,ML03,Sikasso,ML0305,Kourouma,ML030525,sikasso,sikasso,kourouma
Sikasso,ML03,Sikasso,ML0305,Lobougoula,ML030526,sikasso,sikasso,lobougoula
Sikasso,ML03,Sikasso,ML0305,Miniko,ML030527,sikasso,sikasso,miniko
Sikasso,ML03,Sikasso,ML0305,Miria,ML030528,sikasso,sikasso,miria
Sikasso,ML03,Sikasso,ML0305,Missirikoro,ML030529,sikasso,sikasso,missirikoro
Sikasso,ML03,Sikasso,ML0305,N'tjikouna,ML030533,sikasso,sikasso,ntjikouna
Sikasso,ML03,Sikasso,ML0305,Natien,ML030530,sikasso,sikasso,natien
Sikasso,ML03,Sikasso,ML0305,Niéna,ML030531,sikasso,sikasso,niena
Sikasso,ML03,Sikasso,ML0305,Nongo-Souala,ML030532,sikasso,sikasso,nongosouala
Sikasso,ML03,Sikasso,ML0305,Pimperna,ML030534,sikasso,sikasso,pimperna
Sikasso,ML03,Sikasso,ML0305,Sanzana,ML030535,sikasso,sikasso,sanzana
Sikasso,ML03,Sikasso,ML0305,Sikasso,ML030536,sikasso,sikasso,sikasso
Sikasso,ML03,Sikasso,ML0305,Sokourani Missirikoro,ML030537,sikasso,sikasso,sokouranimissirikoro
Sikasso,ML03,Sikasso,ML0305,Tella,ML030538,sikasso,sikasso,tella
Sikasso,ML03,Sikasso,ML0305,Tiankadi,ML030539,sikasso,sikasso,tiankadi
Sikasso,ML03,Sikasso,ML0305,Waténi,ML030540,sikasso,sikasso,wateni
Sikasso,ML03,Sikasso,ML0305,Zanférébougou,ML030541,sikasso,sikasso,zanferebougou
Sikasso,ML03,Sikasso,ML0305,Zangaradougou,ML030542,sikasso,sikasso,zangaradougou
Sikasso,ML03,Sikasso,ML0305,Zaniena,ML030543,sikasso,sikasso,zaniena
Sikasso,ML03,Yanfolila,ML0306,Baya,ML030601,sikasso,yanfolila,baya
Sikasso,ML03,Yanfolila,ML0306,Bolo-Fouta,ML030602,sikasso,yanfolila,bolofouta
Sikasso,ML03,Yanfolila,ML0306,Djallon-Foula,ML030603,sikasso,yanfolila,djallonfoula
Sikasso,ML03,Yanfolila,ML0306,Djiguiya De Koloni,ML030604,sikasso,yanfolila,djiguiyadekoloni
Sikasso,ML03,Yanfolila,ML0306,Gouanan,ML030605,sikasso,yanfolila,gouanan
Sikasso,ML03,Yanfolila,ML0306,Gouandiaka,ML030606,sikasso,yanfolila,gouandiaka
Sikasso,ML03,Yanfolila,ML0306,Koussan,ML030607,sikasso,yanfolila,koussan
Sikasso,ML03,Yanfolila,ML0306,Sankarani,ML030608,sikasso,yanfolila,sankarani
Sikasso,ML03,Yanfolila,ML0306,Sere Moussa Ani Samo de Siékorolé,ML030609,sikasso,yanfolila,seremoussaanisamodesiekorole
Sikasso,ML03,Yanfolila,ML0306,Tagandougou,ML030610,sikasso,yanfolila,tagandougou
Sikasso,ML03,Yanfolila,ML0306,Wassoulou Balle,ML030611,sikasso,yanfolila,wassoulouballe
Sikasso,ML03,Yanfolila,ML0306,Yallankoro-Soloba,ML030612,sikasso,yanfolila,yallankorosoloba
Sikasso,ML03,Yorosso,ML0307,Boura,ML030701,sikasso,yorosso,boura
Sikasso,ML03,Yorosso,ML0307,Karangana,ML030702,sikasso,yorosso,karangana
Sikasso,ML03,Yorosso,ML0307,Kiffosso I,ML030703,sikasso,yorosso,kiffossoi
Sikasso,ML03,Yorosso,ML0307,Koumbia,ML030704,sikasso,yorosso,koumbia
Sikasso,ML03,Yorosso,ML0307,Koury,ML030705,sikasso,yorosso,koury
Sikasso,ML03,Yorosso,ML0307,Mahou,ML030706,sikasso,yorosso,mahou
Sikasso,ML03,Yorosso,ML0307,Menamba I,ML030707,sikasso,yorosso,menambai
Sikasso,ML03,Yorosso,ML0307,Ourikela,ML030708,sikasso,yorosso,ourikela
Sikasso,ML03,Yorosso,ML0307,Yorosso,ML030709,sikasso,yorosso,yorosso
Ségou,ML04,Baraouéli,ML0401,Baraouéli,ML040101,segou,baraoueli,baraoueli
Ségou,ML04,Baraouéli,ML0401,Boidié,ML040102,segou,baraoueli,boidie
Ségou,ML04,Baraouéli,ML0401,Dougoufié,ML040103,segou,baraoueli,dougoufie
Ségou,ML04,Baraouéli,ML0401,Gouendo,ML040104,segou,baraoueli,gouendo
Ségou,ML04,Baraouéli,ML0401,Kalake,ML040105,segou,baraoueli,kalake
Ségou,ML04,Baraouéli,ML0401,Konobougou,ML040106,segou,baraoueli,konobougou
Ségou,ML04,Baraouéli,ML0401,N'gassola,ML040107,segou,baraoueli,ngassola
Ségou,ML04,Baraouéli,ML0401,Sanando,ML040108,segou,baraoueli,sanando
Ségou,ML04,Baraouéli,ML0401,Somo,ML040109,segou,baraoueli,somo
Ségou,ML04,Baraouéli,ML0401,Tamani,ML040110,segou,baraoueli,tamani
Ségou,ML04,Baraouéli,ML0401,Tesserla,ML040111,segou,baraoueli,tesserla
Ségou,ML04,Bla,ML0402,Beguene,ML040201,segou,bla,beguene
Ségou,ML04,Bla,ML0402,Bla,ML040202,segou,bla,bla
Ségou,ML04,Bla,ML0402,Diaramana,ML040203,segou,bla,diaramana
Ségou,ML04,Bla,ML0402,Diena,ML040204,segou,bla,diena
Ségou,ML04,Bla,ML0402,Dougouolo,ML040205,segou,bla,dougouolo
Ségou,ML04,Bla,ML0402,Falo,ML040206,segou,bla,falo
Ségou,ML04,Bla,ML0402,Fani,ML040207,segou,bla,fani
Ségou,ML04,Bla,ML0402,Kazangasso,ML040208,segou,bla,kazangasso
Ségou,ML04,Bla,ML0402,Kemeni,ML040209,segou,bla,kemeni
Ségou,ML04,Bla,ML0402,Korodougou,ML040210,segou,bla,korodougou
Ségou,ML04,Bla,ML0402,Koulandougou,ML040211,segou,bla,koulandougou
Ségou,ML04,Bla,ML0402,Niala,ML040212,segou,bla,niala
Ségou,ML04,Bla,ML0402,Samabogo,ML040213,segou,bla,samabogo
Ségou,ML04,Bla,ML0402,Somasso,ML040214,segou,bla,somasso
Ségou,ML04,Bla,ML0402,Tiemena,ML040215,segou,bla,tiemena
Ségou,ML04,Bla,ML0402,Touna,ML040216,segou,bla,touna
Ségou,ML04,Bla,ML0402,Yangasso,ML040217,segou,bla,yangasso
Ségou,ML04,Macina,ML0403,Boky Were,ML040301,segou,macina,bokywere
Ségou,ML04,Macina,ML0403,Folomana,ML040302,segou,macina,folomana
Ségou,ML04,Macina,ML0403,Kokry Centre,ML040303,segou,macina,kokrycentre
Ségou,ML04,Macina,ML0403,Kolongo,ML040304,segou,macina,kolongo
Ségou,ML04,Macina,ML0403,Macina,ML040305,segou,macina,macina
Ségou,ML04,Macina,ML0403,Matomo,ML040306,segou,macina,matomo
Ségou,ML04,Macina,ML0403,Monimpébougou,ML040307,segou,macina,monimpebougou
Ségou,ML04,Macina,ML0403,Saloba,ML040308,segou,macina,saloba
Ségou,ML04,Macina,ML0403,Sana,ML040309,segou,macina,sana
Ségou,ML04,Macina,ML0403,Souleye,ML040310,segou,macina,souleye
Ségou,ML04,Macina,ML0403,Tongué,ML040311,segou,macina,tongue
Ségou,ML04,Niono,ML0404,Diabaly,ML040401,segou,niono,diabaly
Ségou,ML04,Niono,ML0404,Dogofry,ML040402,segou,niono,dogofry
Ségou,ML04,Niono,ML0404,Kala Siguida,ML040403,segou,niono,kalasiguida
Ségou,ML04,Niono,ML0404,Mariko,ML040404,segou,niono,mariko
Ségou,ML04,Niono,ML0404,Nampalari,ML040405,segou,niono,nampalari
Ségou,ML04,Niono,ML0404,Niono,ML040406,segou,niono,niono
Ségou,ML04,Niono,ML0404,Pogo,ML040407,segou,niono,pogo
Ségou,ML04,Niono,ML0404,Siribala,ML040408,segou,niono,siribala
Ségou,ML04,Niono,ML0404,Sirifila Boundy,ML040409,segou,niono,sirifilaboundy
Ségou,ML04,Niono,ML0404,Sokolo,ML040410,segou,niono,sokolo
Ségou,ML04,Niono,ML0404,Toridaga Ko,ML040411,segou,niono,toridagako
Ségou,ML04,Niono,ML0404,Yeredon Saniona,ML040412,segou,niono,yeredonsaniona
Ségou,ML04,San,ML0405,Baramandougou,ML040501,segou,san,baramandougou
Ségou,ML04,San,ML0405,Dah,ML040502,segou,san,dah
Ségou,ML04,San,ML0405,Diakourouna,ML040503,segou,san,diakourouna
Ségou,ML04,San,ML0405,Diéli,ML040504,segou,san,dieli
Ségou,ML04,San,ML0405,Djéguena,ML040505,segou,san,djeguena
Ségou,ML04,San,ML0405,Fion,ML040506,segou,san,fion
Ségou,ML04,San,ML0405,Kaniégue,ML040507,segou,san,kaniegue
Ségou,ML04,San,ML0405,Karaba,ML040508,segou,san,karaba
Ségou,ML04,San,ML0405,Kassorola,ML040509,segou,san,kassorola
Ségou,ML04,San,ML0405,Kava,ML040510,segou,san,kava
Ségou,ML04,San,ML0405,Moribila,ML040511,segou,san,moribila
Ségou,ML04,San,ML0405,N'goa,ML040512,segou,san,ngoa
Ségou,ML04,San,ML0405,N'torosso,ML040515,segou,san,ntorosso
Ségou,ML04,San,ML0405,Niamana,ML040513,segou,san,niamana
Ségou,ML04,San,ML0405,Niasso,ML040514,segou,san,niasso
Ségou,ML04,San,ML0405,Ouolon,ML040516,segou,san,ouolon
Ségou,ML04,San,ML0405,San,ML040517,segou,san,san
Ségou,ML04,San,ML0405,Siadougou,ML040518,segou,san,siadougou
Ségou,ML04,San,ML0405,Somo,ML040519,segou,san,somo
Ségou,ML04,San,ML0405,Sourountouna,ML040520,segou,san,sourountouna
Ségou,ML04,San,ML0405,Sy,ML040521,segou,san,sy
Ségou,ML04,San,ML0405,Teneni,ML040523,segou,san,teneni
Ségou,ML04,San,ML0405,Tourakolomba,ML040524,segou,san,tourakolomba
Ségou,ML04,San,ML0405,Téné,ML040522,segou,san,tene
Ségou,ML04,San,ML0405,Waki,ML040525,segou,san,waki
Ségou,ML04,Ségou,ML0406,Baguindabougou,ML040601,segou,segou,baguindabougou
Ségou,ML04,Ségou,ML0406,Bellen,ML040602,segou,segou,bellen
Ségou,ML04,Ségou,ML0406,Boussin,ML040603,segou,segou,boussin
Ségou,ML04,Ségou,ML0406,Cinzana,ML040604,segou,segou,cinzana
Ségou,ML04,Ségou,ML0406,Diganibougou,ML040606,segou,segou,diganibougou
Ségou,ML04,Ségou,ML0406,Dioro,ML040607,segou,segou,dioro
Ségou,ML04,Ségou,ML0406,Diouna,ML040608,segou,segou,diouna
Ségou,ML04,Ségou,ML0406,Diédougou,ML040605,segou,segou,diedougou
Ségou,ML04,Ségou,ML0406,Dougabougou,ML040609,segou,segou,dougabougou
Ségou,ML04,Ségou,ML0406,Farako,ML040610,segou,segou,farako
Ségou,ML04,Ségou,ML0406,Farakou Massa,ML040611,segou,segou,farakoumassa
Ségou,ML04,Ségou,ML0406,Fatine,ML040612,segou,segou,fatine
Ségou,ML04,Ségou,ML0406,Kamiandougou,ML040613,segou,segou,kamiandougou
Ségou,ML04,Ségou,ML0406,Katiéna,ML040614,segou,segou,katiena
Ségou,ML04,Ségou,ML0406,Konodimini,ML040615,segou,segou,konodimini
Ségou,ML04,Ségou,ML0406,Markala,ML040616,segou,segou,markala
Ségou,ML04,Ségou,ML0406,Massala,ML040617,segou,segou,massala
Ségou,ML04,Ségou,ML0406,N'gara,ML040618,segou,segou,ngara
Ségou,ML04,Ségou,ML0406,N'koumandougou,ML040619,segou,segou,nkoumandougou
Ségou,ML04,Ségou,ML0406,Pelengana,ML040620,segou,segou,pelengana
Ségou,ML04,Ségou,ML0406,Sakoiba,ML040621,segou,segou,sakoiba
Ségou,ML04,Ségou,ML0406,Sama Foulala,ML040622,segou,segou,samafoulala
Ségou,ML04,Ségou,ML0406,Saminé,ML040623,segou,segou,samine
Ségou,ML04,Ségou,ML0406,Sansanding,ML040624,segou,segou,sansanding
Ségou,ML04,Ségou,ML0406,Sibila,ML040627,segou,segou,sibila
Ségou,ML04,Ségou,ML0406,Soignébougou,ML040628,segou,segou,soignebougou
Ségou,ML04,Ségou,ML0406,Souba,ML040629,segou,segou,souba
Ségou,ML04,Ségou,ML0406,Sébougou,ML040625,segou,segou,sebougou
Ségou,ML04,Ségou,ML0406,Ségou,ML040626,segou,segou,segou
Ségou,ML04,Ségou,ML0406,Togou,ML040630,segou,segou,togou
Ségou,ML04,Tominian,ML0407,Benena,ML040701,segou,tominian,benena
Ségou,ML04,Tominian,ML0407,Diora,ML040702,segou,tominian,diora
Ségou,ML04,Tominian,ML0407,Fangasso,ML040703,segou,tominian,fangasso
Ségou,ML04,Tominian,ML0407,Koula,ML040704,segou,tominian,koula
Ségou,ML04,Tominian,ML0407,Lanfiala,ML040705,segou,tominian,lanfiala
Ségou,ML04,Tominian,ML0407,Mafouné,ML040706,segou,tominian,mafoune
Ségou,ML04,Tominian,ML0407,Mandiakuy,ML040707,segou,tominian,mandiakuy
Ségou,ML04,Tominian,ML0407,Ouan,ML040708,segou,tominian,ouan
Ségou,ML04,Tominian,ML0407,Sanékuy,ML040709,segou,tominian,sanekuy
Ségou,ML04,Tominian,ML0407,Timissa,ML040710,segou,tominian,timissa
Ségou,ML04,Tominian,ML0407,Tominian,ML040711,segou,tominian,tominian
Ségou,ML04,Tominian,ML0407,Yasso,ML040712,segou,tominian,yasso
Tombouctou,ML06,Diré,ML0601,Arham,ML060101,tombouctou,dire,arham
Tombouctou,ML06,Diré,ML0601,Binga,ML060102,tombouctou,dire,binga
Tombouctou,ML06,Diré,ML0601,Bourem Sidi Amar,ML060103,tombouctou,dire,bouremsidiamar
Tombouctou,ML06,Diré,ML0601,Dangha,ML060104,tombouctou,dire,dangha
Tombouctou,ML06,Diré,ML0601,Diré,ML060105,tombouctou,dire,dire
Tombouctou,ML06,Diré,ML0601,Garbakoira,ML060106,tombouctou,dire,garbakoira
Tombouctou,ML06,Diré,ML0601,Haibongo,ML060107,tombouctou,dire,haibongo
Tombouctou,ML06,Diré,ML0601,Kirchamba,ML060108,tombouctou,dire,kirchamba
Tombouctou,ML06,Diré,ML0601,Kondi,ML060109,tombouctou,dire,kondi
Tombouctou,ML06,Diré,ML0601,Sareyamou,ML060110,tombouctou,dire,sareyamou
Tombouctou,ML06,Diré,ML0601,Tienkour,ML060111,tombouctou,dire,tienkour
Tombouctou,ML06,Diré,ML0601,Tindirma,ML060112,tombouctou,dire,tindirma
Tombouctou,ML06,Diré,ML0601,Tinguereguif,ML060113,tombouctou,dire,tinguereguif
Tombouctou,ML06,Goundam,ML0602,Adarmalane,ML060201,tombouctou,goundam,adarmalane
Tombouctou,ML06,Goundam,ML0602,Alzounoub,ML060202,tombouctou,goundam,alzounoub
Tombouctou,ML06,Goundam,ML0602,Bintagoungou,ML060203,tombouctou,goundam,bintagoungou
Tombouctou,ML06,Goundam,ML0602,Doukouria,ML060205,tombouctou,goundam,doukouria
Tombouctou,ML06,Goundam,ML0602,Douékire,ML060204,tombouctou,goundam,douekire
Tombouctou,ML06,Goundam,ML0602,Essakane,ML060206,tombouctou,goundam,essakane
Tombouctou,ML06,Goundam,ML0602,Gargando,ML060207,tombouctou,goundam,gargando
Tombouctou,ML06,Goundam,ML0602,Goundam,ML060208,tombouctou,goundam,goundam
Tombouctou,ML06,Goundam,ML0602,Issa Béry,ML060209,tombouctou,goundam,issabery
Tombouctou,ML06,Goundam,ML0602,Kaneye,ML060210,tombouctou,goundam,kaneye
Tombouctou,ML06,Goundam,ML0602,M'bouna,ML060211,tombouctou,goundam,mbouna
Tombouctou,ML06,Goundam,ML0602,Razelma,ML060212,tombouctou,goundam,razelma
Tombouctou,ML06,Goundam,ML0602,Tilemsi,ML060214,tombouctou,goundam,tilemsi
Tombouctou,ML06,Goundam,ML0602,Tin Aicha,ML060215,tombouctou,goundam,tinaicha
Tombouctou,ML06,Goundam,ML0602,Tonka,ML060216,tombouctou,goundam,tonka
Tombouctou,ML06,Goundam,ML0602,Télé,ML060213,tombouctou,goundam,tele
Tombouctou,ML06,Gourma-Rharous,ML0603,Bambara Maoudé,ML060301,tombouctou,gourmarharous,bambaramaoude
Tombouctou,ML06,Gourma-Rharous,ML0603,Banikane,ML060302,tombouctou,gourmarharous,banikane
Tombouctou,ML06,Gourma-Rharous,ML0603,Gossi,ML060303,tombouctou,gourmarharous,gossi
Tombouctou,ML06,Gourma-Rharous,ML0603,Hamzakoma,ML060304,tombouctou,gourmarharous,hamzakoma
Tombouctou,ML06,Gourma-Rharous,ML0603,Haribomo,ML060305,tombouctou,gourmarharous,haribomo
Tombouctou,ML06,Gourma-Rharous,ML0603,Inadiatafane,ML060306,tombouctou,gourmarharous,inadiatafane
Tombouctou,ML06,Gourma-Rharous,ML0603,Ouinerden,ML060307,tombouctou,gourmarharous,ouinerden
Tombouctou,ML06,Gourma-Rharous,ML0603,Rharous,ML060308,tombouctou,gourmarharous,rharous
Tombouctou,ML06,Gourma-Rharous,ML0603,Sérere,ML060309,tombouctou,gourmarharous,serere
Tombouctou,ML06,Niafunké,ML0604,Banikane Narhawa,ML060401,tombouctou,niafunke,banikanenarhawa
Tombouctou,ML06,Niafunké,ML0604,Dianké,ML060402,tombouctou,niafunke,dianke
Tombouctou,ML06,Niafunké,ML0604,Fittouga,ML060403,tombouctou,niafunke,fittouga
Tombouctou,ML06,Niafunké,ML0604,Koumaïra,ML060404,tombouctou,niafunke,koumaira
Tombouctou,ML06,Niafunké,ML0604,Léré,ML060405,tombouctou,niafunke,lere
Tombouctou,ML06,Niafunké,ML0604,N'gorkou,ML060406,tombouctou,niafunke,ngorkou
Tombouctou,ML06,Niafunké,ML0604,Souboundou,ML060407,tombouctou,niafunke,souboundou
Tombouctou,ML06,Niafunké,ML0604,Soumpi,ML060408,tombouctou,niafunke,soumpi
Tombouctou,ML06,Tombouctou,ML0605,Alafia,ML060501,tombouctou,tombouctou,alafia
Tombouctou,ML06,Tombouctou,ML0605,Ber,ML060502,tombouctou,tombouctou,ber
Tombouctou,ML06,Tombouctou,ML0605,Bourem Inaly,ML060503,tombouctou,tombouctou,boureminaly
Tombouctou,ML06,Tombouctou,ML0605,Lafia,ML060504,tombouctou,tombouctou,lafia
Tombouctou,ML06,Tombouctou,ML0605,Salam,ML060505,tombouctou,tombouctou,salam
Tombouctou,ML06,Tombouctou,ML0605,Tombouctou,ML060506,tombouctou,tombouctou,tombouctou
